start_timestamp,session_count,total_energy_kwh,hour,day_of_week,month
2022-01-01 01:00:00,1,47.2,1,5,1
2022-01-01 02:00:00,1,37.4,2,5,1
2022-01-01 03:00:00,2,158.0,3,5,1
2022-01-01 04:00:00,0,0.0,4,5,1
2022-01-01 05:00:00,0,0.0,5,5,1
2022-01-01 06:00:00,2,114.5,6,5,1
2022-01-01 07:00:00,5,213.4,7,5,1
2022-01-01 08:00:00,4,213.5,8,5,1
2022-01-01 09:00:00,8,380.3,9,5,1
2022-01-01 10:00:00,7,377.6,10,5,1
2022-01-01 11:00:00,5,289.6,11,5,1
2022-01-01 12:00:00,10,527.4,12,5,1
2022-01-01 13:00:00,7,487.20000000000005,13,5,1
2022-01-01 14:00:00,9,476.3,14,5,1
2022-01-01 15:00:00,8,432.4,15,5,1
2022-01-01 16:00:00,6,283.4,16,5,1
2022-01-01 17:00:00,3,110.30000000000001,17,5,1
2022-01-01 18:00:00,6,338.5,18,5,1
2022-01-01 19:00:00,4,154.1,19,5,1
2022-01-01 20:00:00,1,35.2,20,5,1
2022-01-01 21:00:00,2,160.0,21,5,1
2022-01-01 22:00:00,0,0.0,22,5,1
2022-01-01 23:00:00,3,188.10000000000002,23,5,1
2022-01-02 00:00:00,0,0.0,0,6,1
2022-01-02 01:00:00,0,0.0,1,6,1
2022-01-02 02:00:00,1,45.2,2,6,1
2022-01-02 03:00:00,0,0.0,3,6,1
2022-01-02 04:00:00,1,73.4,4,6,1
2022-01-02 05:00:00,3,141.8,5,6,1
2022-01-02 06:00:00,2,98.8,6,6,1
2022-01-02 07:00:00,8,367.6,7,6,1
2022-01-02 08:00:00,6,262.9,8,6,1
2022-01-02 09:00:00,3,125.9,9,6,1
2022-01-02 10:00:00,9,401.2,10,6,1
2022-01-02 11:00:00,4,183.89999999999998,11,6,1
2022-01-02 12:00:00,6,350.3,12,6,1
2022-01-02 13:00:00,4,199.5,13,6,1
2022-01-02 14:00:00,7,280.0,14,6,1
2022-01-02 15:00:00,4,235.7,15,6,1
2022-01-02 16:00:00,6,260.0,16,6,1
2022-01-02 17:00:00,3,155.3,17,6,1
2022-01-02 18:00:00,5,266.8,18,6,1
2022-01-02 19:00:00,2,110.4,19,6,1
2022-01-02 20:00:00,3,169.0,20,6,1
2022-01-02 21:00:00,3,133.6,21,6,1
2022-01-02 22:00:00,0,0.0,22,6,1
2022-01-02 23:00:00,0,0.0,23,6,1
2022-01-03 00:00:00,1,45.1,0,0,1
2022-01-03 01:00:00,1,52.9,1,0,1
2022-01-03 02:00:00,0,0.0,2,0,1
2022-01-03 03:00:00,0,0.0,3,0,1
2022-01-03 04:00:00,1,33.1,4,0,1
2022-01-03 05:00:00,2,73.9,5,0,1
2022-01-03 06:00:00,1,30.4,6,0,1
2022-01-03 07:00:00,7,367.4,7,0,1
2022-01-03 08:00:00,3,129.5,8,0,1
2022-01-03 09:00:00,7,362.4,9,0,1
2022-01-03 10:00:00,16,810.3,10,0,1
2022-01-03 11:00:00,8,359.9,11,0,1
2022-01-03 12:00:00,4,193.8,12,0,1
2022-01-03 13:00:00,14,727.8,13,0,1
2022-01-03 14:00:00,12,652.6,14,0,1
2022-01-03 15:00:00,7,384.6,15,0,1
2022-01-03 16:00:00,14,735.2,16,0,1
2022-01-03 17:00:00,12,635.4,17,0,1
2022-01-03 18:00:00,3,120.7,18,0,1
2022-01-03 19:00:00,4,238.2,19,0,1
2022-01-03 20:00:00,3,145.8,20,0,1
2022-01-03 21:00:00,2,77.1,21,0,1
2022-01-03 22:00:00,1,74.2,22,0,1
2022-01-03 23:00:00,0,0.0,23,0,1
2022-01-04 00:00:00,0,0.0,0,1,1
2022-01-04 01:00:00,1,27.2,1,1,1
2022-01-04 02:00:00,1,46.9,2,1,1
2022-01-04 03:00:00,2,65.80000000000001,3,1,1
2022-01-04 04:00:00,0,0.0,4,1,1
2022-01-04 05:00:00,0,0.0,5,1,1
2022-01-04 06:00:00,4,237.9,6,1,1
2022-01-04 07:00:00,5,312.9,7,1,1
2022-01-04 08:00:00,4,175.0,8,1,1
2022-01-04 09:00:00,7,435.2,9,1,1
2022-01-04 10:00:00,13,685.8,10,1,1
2022-01-04 11:00:00,11,400.2,11,1,1
2022-01-04 12:00:00,6,275.3,12,1,1
2022-01-04 13:00:00,15,755.9,13,1,1
2022-01-04 14:00:00,7,301.9,14,1,1
2022-01-04 15:00:00,6,260.2,15,1,1
2022-01-04 16:00:00,13,696.5,16,1,1
2022-01-04 17:00:00,5,249.49999999999997,17,1,1
2022-01-04 18:00:00,4,171.8,18,1,1
2022-01-04 19:00:00,3,124.69999999999999,19,1,1
2022-01-04 20:00:00,5,241.0,20,1,1
2022-01-04 21:00:00,2,80.6,21,1,1
2022-01-04 22:00:00,2,76.1,22,1,1
2022-01-04 23:00:00,0,0.0,23,1,1
2022-01-05 00:00:00,0,0.0,0,2,1
2022-01-05 01:00:00,0,0.0,1,2,1
2022-01-05 02:00:00,2,132.3,2,2,1
2022-01-05 03:00:00,0,0.0,3,2,1
2022-01-05 04:00:00,3,191.60000000000002,4,2,1
2022-01-05 05:00:00,3,152.1,5,2,1
2022-01-05 06:00:00,6,237.8,6,2,1
2022-01-05 07:00:00,9,433.0,7,2,1
2022-01-05 08:00:00,11,500.5,8,2,1
2022-01-05 09:00:00,8,386.2,9,2,1
2022-01-05 10:00:00,7,296.2,10,2,1
2022-01-05 11:00:00,9,428.6,11,2,1
2022-01-05 12:00:00,9,354.20000000000005,12,2,1
2022-01-05 13:00:00,7,483.5,13,2,1
2022-01-05 14:00:00,10,489.3,14,2,1
2022-01-05 15:00:00,6,291.59999999999997,15,2,1
2022-01-05 16:00:00,10,505.5,16,2,1
2022-01-05 17:00:00,5,193.9,17,2,1
2022-01-05 18:00:00,9,482.1,18,2,1
2022-01-05 19:00:00,6,255.39999999999998,19,2,1
2022-01-05 20:00:00,3,132.9,20,2,1
2022-01-05 21:00:00,0,0.0,21,2,1
2022-01-05 22:00:00,0,0.0,22,2,1
2022-01-05 23:00:00,3,157.4,23,2,1
2022-01-06 00:00:00,4,216.0,0,3,1
2022-01-06 01:00:00,1,37.6,1,3,1
2022-01-06 02:00:00,1,31.0,2,3,1
2022-01-06 03:00:00,1,49.5,3,3,1
2022-01-06 04:00:00,0,0.0,4,3,1
2022-01-06 05:00:00,3,124.0,5,3,1
2022-01-06 06:00:00,1,49.6,6,3,1
2022-01-06 07:00:00,3,117.9,7,3,1
2022-01-06 08:00:00,7,322.7,8,3,1
2022-01-06 09:00:00,7,448.0,9,3,1
2022-01-06 10:00:00,5,231.2,10,3,1
2022-01-06 11:00:00,10,551.6,11,3,1
2022-01-06 12:00:00,11,511.4,12,3,1
2022-01-06 13:00:00,8,412.1,13,3,1
2022-01-06 14:00:00,12,522.3,14,3,1
2022-01-06 15:00:00,13,566.3,15,3,1
2022-01-06 16:00:00,9,463.1,16,3,1
2022-01-06 17:00:00,6,310.3,17,3,1
2022-01-06 18:00:00,4,258.5,18,3,1
2022-01-06 19:00:00,6,234.4,19,3,1
2022-01-06 20:00:00,3,178.0,20,3,1
2022-01-06 21:00:00,4,192.0,21,3,1
2022-01-06 22:00:00,1,80.0,22,3,1
2022-01-06 23:00:00,2,134.1,23,3,1
2022-01-07 00:00:00,0,0.0,0,4,1
2022-01-07 01:00:00,0,0.0,1,4,1
2022-01-07 02:00:00,2,160.0,2,4,1
2022-01-07 03:00:00,0,0.0,3,4,1
2022-01-07 04:00:00,1,38.9,4,4,1
2022-01-07 05:00:00,1,47.2,5,4,1
2022-01-07 06:00:00,1,32.8,6,4,1
2022-01-07 07:00:00,1,79.9,7,4,1
2022-01-07 08:00:00,5,271.1,8,4,1
2022-01-07 09:00:00,12,642.4,9,4,1
2022-01-07 10:00:00,11,523.3,10,4,1
2022-01-07 11:00:00,8,331.5,11,4,1
2022-01-07 12:00:00,11,440.1,12,4,1
2022-01-07 13:00:00,15,727.2,13,4,1
2022-01-07 14:00:00,12,658.1,14,4,1
2022-01-07 15:00:00,11,651.3,15,4,1
2022-01-07 16:00:00,8,441.5,16,4,1
2022-01-07 17:00:00,10,500.0,17,4,1
2022-01-07 18:00:00,5,245.7,18,4,1
2022-01-07 19:00:00,2,111.7,19,4,1
2022-01-07 20:00:00,5,203.0,20,4,1
2022-01-07 21:00:00,0,0.0,21,4,1
2022-01-07 22:00:00,0,0.0,22,4,1
2022-01-07 23:00:00,0,0.0,23,4,1
2022-01-08 00:00:00,1,28.0,0,5,1
2022-01-08 01:00:00,1,34.1,1,5,1
2022-01-08 02:00:00,2,118.4,2,5,1
2022-01-08 03:00:00,0,0.0,3,5,1
2022-01-08 04:00:00,1,32.7,4,5,1
2022-01-08 05:00:00,2,60.1,5,5,1
2022-01-08 06:00:00,4,214.0,6,5,1
2022-01-08 07:00:00,3,109.0,7,5,1
2022-01-08 08:00:00,1,51.1,8,5,1
2022-01-08 09:00:00,9,403.1,9,5,1
2022-01-08 10:00:00,6,306.5,10,5,1
2022-01-08 11:00:00,6,284.3,11,5,1
2022-01-08 12:00:00,3,106.5,12,5,1
2022-01-08 13:00:00,11,610.2,13,5,1
2022-01-08 14:00:00,9,371.5,14,5,1
2022-01-08 15:00:00,3,113.8,15,5,1
2022-01-08 16:00:00,7,349.4,16,5,1
2022-01-08 17:00:00,4,161.1,17,5,1
2022-01-08 18:00:00,2,89.1,18,5,1
2022-01-08 19:00:00,1,38.6,19,5,1
2022-01-08 20:00:00,0,0.0,20,5,1
2022-01-08 21:00:00,2,85.9,21,5,1
2022-01-08 22:00:00,1,26.5,22,5,1
2022-01-08 23:00:00,0,0.0,23,5,1
2022-01-09 00:00:00,1,80.0,0,6,1
2022-01-09 01:00:00,1,28.1,1,6,1
2022-01-09 02:00:00,0,0.0,2,6,1
2022-01-09 03:00:00,0,0.0,3,6,1
2022-01-09 04:00:00,1,33.7,4,6,1
2022-01-09 05:00:00,2,89.1,5,6,1
2022-01-09 06:00:00,1,53.7,6,6,1
2022-01-09 07:00:00,2,75.6,7,6,1
2022-01-09 08:00:00,7,416.1,8,6,1
2022-01-09 09:00:00,7,400.7,9,6,1
2022-01-09 10:00:00,7,286.9,10,6,1
2022-01-09 11:00:00,7,294.1,11,6,1
2022-01-09 12:00:00,8,358.7,12,6,1
2022-01-09 13:00:00,7,355.4,13,6,1
2022-01-09 14:00:00,5,184.1,14,6,1
2022-01-09 15:00:00,6,312.8,15,6,1
2022-01-09 16:00:00,2,99.30000000000001,16,6,1
2022-01-09 17:00:00,5,293.0,17,6,1
2022-01-09 18:00:00,4,169.4,18,6,1
2022-01-09 19:00:00,3,142.8,19,6,1
2022-01-09 20:00:00,2,147.39999999999998,20,6,1
2022-01-09 21:00:00,2,113.3,21,6,1
2022-01-09 22:00:00,0,0.0,22,6,1
2022-01-09 23:00:00,0,0.0,23,6,1
2022-01-10 00:00:00,0,0.0,0,0,1
2022-01-10 01:00:00,2,128.1,1,0,1
2022-01-10 02:00:00,0,0.0,2,0,1
2022-01-10 03:00:00,2,151.0,3,0,1
2022-01-10 04:00:00,1,53.7,4,0,1
2022-01-10 05:00:00,2,89.5,5,0,1
2022-01-10 06:00:00,1,40.9,6,0,1
2022-01-10 07:00:00,4,120.1,7,0,1
2022-01-10 08:00:00,10,590.0,8,0,1
2022-01-10 09:00:00,7,351.4,9,0,1
2022-01-10 10:00:00,13,724.7,10,0,1
2022-01-10 11:00:00,12,603.6,11,0,1
2022-01-10 12:00:00,11,500.6,12,0,1
2022-01-10 13:00:00,13,588.4,13,0,1
2022-01-10 14:00:00,13,635.1,14,0,1
2022-01-10 15:00:00,7,300.4,15,0,1
2022-01-10 16:00:00,8,391.8,16,0,1
2022-01-10 17:00:00,6,221.7,17,0,1
2022-01-10 18:00:00,3,129.5,18,0,1
2022-01-10 19:00:00,4,232.4,19,0,1
2022-01-10 20:00:00,4,197.8,20,0,1
2022-01-10 21:00:00,6,307.09999999999997,21,0,1
2022-01-10 22:00:00,1,67.9,22,0,1
2022-01-10 23:00:00,0,0.0,23,0,1
2022-01-11 00:00:00,0,0.0,0,1,1
2022-01-11 01:00:00,1,28.1,1,1,1
2022-01-11 02:00:00,2,69.9,2,1,1
2022-01-11 03:00:00,3,163.0,3,1,1
2022-01-11 04:00:00,0,0.0,4,1,1
2022-01-11 05:00:00,2,91.9,5,1,1
2022-01-11 06:00:00,2,109.5,6,1,1
2022-01-11 07:00:00,3,140.3,7,1,1
2022-01-11 08:00:00,9,434.1,8,1,1
2022-01-11 09:00:00,7,401.3,9,1,1
2022-01-11 10:00:00,8,360.7,10,1,1
2022-01-11 11:00:00,12,575.6,11,1,1
2022-01-11 12:00:00,18,974.2,12,1,1
2022-01-11 13:00:00,9,493.8,13,1,1
2022-01-11 14:00:00,12,446.8,14,1,1
2022-01-11 15:00:00,9,380.8,15,1,1
2022-01-11 16:00:00,7,348.5,16,1,1
2022-01-11 17:00:00,5,231.8,17,1,1
2022-01-11 18:00:00,5,254.3,18,1,1
2022-01-11 19:00:00,4,225.8,19,1,1
2022-01-11 20:00:00,1,35.6,20,1,1
2022-01-11 21:00:00,4,163.0,21,1,1
2022-01-11 22:00:00,0,0.0,22,1,1
2022-01-11 23:00:00,1,35.1,23,1,1
2022-01-12 00:00:00,1,48.9,0,2,1
2022-01-12 01:00:00,1,80.0,1,2,1
2022-01-12 02:00:00,3,153.20000000000002,2,2,1
2022-01-12 03:00:00,0,0.0,3,2,1
2022-01-12 04:00:00,2,101.6,4,2,1
2022-01-12 05:00:00,2,72.4,5,2,1
2022-01-12 06:00:00,4,121.2,6,2,1
2022-01-12 07:00:00,1,39.4,7,2,1
2022-01-12 08:00:00,8,313.7,8,2,1
2022-01-12 09:00:00,7,360.9,9,2,1
2022-01-12 10:00:00,9,379.4,10,2,1
2022-01-12 11:00:00,13,641.3,11,2,1
2022-01-12 12:00:00,9,424.1,12,2,1
2022-01-12 13:00:00,7,384.9,13,2,1
2022-01-12 14:00:00,6,243.9,14,2,1
2022-01-12 15:00:00,10,600.3,15,2,1
2022-01-12 16:00:00,12,659.0,16,2,1
2022-01-12 17:00:00,10,462.2,17,2,1
2022-01-12 18:00:00,4,220.6,18,2,1
2022-01-12 19:00:00,9,473.40000000000003,19,2,1
2022-01-12 20:00:00,2,71.9,20,2,1
2022-01-12 21:00:00,1,53.0,21,2,1
2022-01-12 22:00:00,1,50.0,22,2,1
2022-01-12 23:00:00,1,65.2,23,2,1
2022-01-13 00:00:00,3,140.1,0,3,1
2022-01-13 01:00:00,0,0.0,1,3,1
2022-01-13 02:00:00,2,123.1,2,3,1
2022-01-13 03:00:00,0,0.0,3,3,1
2022-01-13 04:00:00,0,0.0,4,3,1
2022-01-13 05:00:00,3,141.89999999999998,5,3,1
2022-01-13 06:00:00,8,464.4,6,3,1
2022-01-13 07:00:00,3,117.4,7,3,1
2022-01-13 08:00:00,5,297.0,8,3,1
2022-01-13 09:00:00,13,656.2,9,3,1
2022-01-13 10:00:00,5,210.8,10,3,1
2022-01-13 11:00:00,12,493.7,11,3,1
2022-01-13 12:00:00,11,575.6,12,3,1
2022-01-13 13:00:00,7,340.0,13,3,1
2022-01-13 14:00:00,6,270.9,14,3,1
2022-01-13 15:00:00,5,273.6,15,3,1
2022-01-13 16:00:00,7,363.1,16,3,1
2022-01-13 17:00:00,3,97.9,17,3,1
2022-01-13 18:00:00,6,330.1,18,3,1
2022-01-13 19:00:00,6,319.5,19,3,1
2022-01-13 20:00:00,4,208.7,20,3,1
2022-01-13 21:00:00,3,142.0,21,3,1
2022-01-13 22:00:00,0,0.0,22,3,1
2022-01-13 23:00:00,2,80.3,23,3,1
2022-01-14 00:00:00,4,254.3,0,4,1
2022-01-14 01:00:00,1,35.9,1,4,1
2022-01-14 02:00:00,1,38.8,2,4,1
2022-01-14 03:00:00,1,41.4,3,4,1
2022-01-14 04:00:00,0,0.0,4,4,1
2022-01-14 05:00:00,1,77.3,5,4,1
2022-01-14 06:00:00,5,210.8,6,4,1
2022-01-14 07:00:00,5,311.0,7,4,1
2022-01-14 08:00:00,7,408.2,8,4,1
2022-01-14 09:00:00,12,588.7,9,4,1
2022-01-14 10:00:00,9,472.1,10,4,1
2022-01-14 11:00:00,10,521.3,11,4,1
2022-01-14 12:00:00,12,627.3,12,4,1
2022-01-14 13:00:00,7,311.0,13,4,1
2022-01-14 14:00:00,8,389.5,14,4,1
2022-01-14 15:00:00,14,772.1,15,4,1
2022-01-14 16:00:00,6,229.6,16,4,1
2022-01-14 17:00:00,2,82.19999999999999,17,4,1
2022-01-14 18:00:00,4,210.0,18,4,1
2022-01-14 19:00:00,3,104.5,19,4,1
2022-01-14 20:00:00,1,32.5,20,4,1
2022-01-14 21:00:00,3,101.4,21,4,1
2022-01-14 22:00:00,1,30.1,22,4,1
2022-01-14 23:00:00,1,39.6,23,4,1
2022-01-15 00:00:00,2,68.8,0,5,1
2022-01-15 01:00:00,3,173.8,1,5,1
2022-01-15 02:00:00,1,27.6,2,5,1
2022-01-15 03:00:00,0,0.0,3,5,1
2022-01-15 04:00:00,0,0.0,4,5,1
2022-01-15 05:00:00,2,62.199999999999996,5,5,1
2022-01-15 06:00:00,3,124.19999999999999,6,5,1
2022-01-15 07:00:00,8,386.8,7,5,1
2022-01-15 08:00:00,6,349.0,8,5,1
2022-01-15 09:00:00,9,566.7,9,5,1
2022-01-15 10:00:00,6,236.6,10,5,1
2022-01-15 11:00:00,4,216.9,11,5,1
2022-01-15 12:00:00,9,512.8,12,5,1
2022-01-15 13:00:00,6,282.9,13,5,1
2022-01-15 14:00:00,7,362.4,14,5,1
2022-01-15 15:00:00,10,461.4,15,5,1
2022-01-15 16:00:00,4,201.5,16,5,1
2022-01-15 17:00:00,4,167.7,17,5,1
2022-01-15 18:00:00,0,0.0,18,5,1
2022-01-15 19:00:00,4,129.3,19,5,1
2022-01-15 20:00:00,1,37.1,20,5,1
2022-01-15 21:00:00,4,226.6,21,5,1
2022-01-15 22:00:00,0,0.0,22,5,1
2022-01-15 23:00:00,3,155.8,23,5,1
2022-01-16 00:00:00,1,80.0,0,6,1
2022-01-16 01:00:00,0,0.0,1,6,1
2022-01-16 02:00:00,1,33.8,2,6,1
2022-01-16 03:00:00,2,111.39999999999999,3,6,1
2022-01-16 04:00:00,2,67.1,4,6,1
2022-01-16 05:00:00,0,0.0,5,6,1
2022-01-16 06:00:00,1,28.9,6,6,1
2022-01-16 07:00:00,3,157.3,7,6,1
2022-01-16 08:00:00,8,423.4,8,6,1
2022-01-16 09:00:00,8,326.7,9,6,1
2022-01-16 10:00:00,6,330.5,10,6,1
2022-01-16 11:00:00,4,233.9,11,6,1
2022-01-16 12:00:00,6,202.8,12,6,1
2022-01-16 13:00:00,7,362.4,13,6,1
2022-01-16 14:00:00,4,267.9,14,6,1
2022-01-16 15:00:00,6,256.9,15,6,1
2022-01-16 16:00:00,4,188.9,16,6,1
2022-01-16 17:00:00,5,271.3,17,6,1
2022-01-16 18:00:00,5,254.5,18,6,1
2022-01-16 19:00:00,2,69.4,19,6,1
2022-01-16 20:00:00,4,190.7,20,6,1
2022-01-16 21:00:00,2,68.8,21,6,1
2022-01-16 22:00:00,0,0.0,22,6,1
2022-01-16 23:00:00,1,31.4,23,6,1
2022-01-17 00:00:00,0,0.0,0,0,1
2022-01-17 01:00:00,3,203.3,1,0,1
2022-01-17 02:00:00,1,26.5,2,0,1
2022-01-17 03:00:00,1,33.9,3,0,1
2022-01-17 04:00:00,1,72.7,4,0,1
2022-01-17 05:00:00,1,44.6,5,0,1
2022-01-17 06:00:00,4,183.6,6,0,1
2022-01-17 07:00:00,11,597.5,7,0,1
2022-01-17 08:00:00,9,463.0,8,0,1
2022-01-17 09:00:00,10,469.1,9,0,1
2022-01-17 10:00:00,11,472.90000000000003,10,0,1
2022-01-17 11:00:00,13,590.7,11,0,1
2022-01-17 12:00:00,6,292.2,12,0,1
2022-01-17 13:00:00,6,343.70000000000005,13,0,1
2022-01-17 14:00:00,13,676.0,14,0,1
2022-01-17 15:00:00,8,407.6,15,0,1
2022-01-17 16:00:00,7,281.7,16,0,1
2022-01-17 17:00:00,5,222.3,17,0,1
2022-01-17 18:00:00,3,128.7,18,0,1
2022-01-17 19:00:00,4,219.6,19,0,1
2022-01-17 20:00:00,9,478.1,20,0,1
2022-01-17 21:00:00,2,93.4,21,0,1
2022-01-17 22:00:00,2,79.9,22,0,1
2022-01-17 23:00:00,0,0.0,23,0,1
2022-01-18 00:00:00,1,51.7,0,1,1
2022-01-18 01:00:00,1,79.8,1,1,1
2022-01-18 02:00:00,1,36.5,2,1,1
2022-01-18 03:00:00,1,32.0,3,1,1
2022-01-18 04:00:00,3,159.6,4,1,1
2022-01-18 05:00:00,4,240.8,5,1,1
2022-01-18 06:00:00,2,119.19999999999999,6,1,1
2022-01-18 07:00:00,8,378.4,7,1,1
2022-01-18 08:00:00,4,194.6,8,1,1
2022-01-18 09:00:00,10,515.3,9,1,1
2022-01-18 10:00:00,12,565.6,10,1,1
2022-01-18 11:00:00,11,478.0,11,1,1
2022-01-18 12:00:00,11,504.20000000000005,12,1,1
2022-01-18 13:00:00,5,236.5,13,1,1
2022-01-18 14:00:00,8,359.6,14,1,1
2022-01-18 15:00:00,8,378.2,15,1,1
2022-01-18 16:00:00,8,390.8,16,1,1
2022-01-18 17:00:00,7,394.1,17,1,1
2022-01-18 18:00:00,3,146.3,18,1,1
2022-01-18 19:00:00,4,254.6,19,1,1
2022-01-18 20:00:00,3,133.1,20,1,1
2022-01-18 21:00:00,1,32.8,21,1,1
2022-01-18 22:00:00,1,35.6,22,1,1
2022-01-18 23:00:00,1,48.3,23,1,1
2022-01-19 00:00:00,1,50.6,0,2,1
2022-01-19 01:00:00,2,82.80000000000001,1,2,1
2022-01-19 02:00:00,1,38.2,2,2,1
2022-01-19 03:00:00,2,76.0,3,2,1
2022-01-19 04:00:00,3,153.0,4,2,1
2022-01-19 05:00:00,1,32.2,5,2,1
2022-01-19 06:00:00,3,119.0,6,2,1
2022-01-19 07:00:00,3,153.39999999999998,7,2,1
2022-01-19 08:00:00,13,682.5,8,2,1
2022-01-19 09:00:00,4,183.4,9,2,1
2022-01-19 10:00:00,5,278.5,10,2,1
2022-01-19 11:00:00,9,447.3,11,2,1
2022-01-19 12:00:00,8,347.6,12,2,1
2022-01-19 13:00:00,9,408.2,13,2,1
2022-01-19 14:00:00,7,365.3,14,2,1
2022-01-19 15:00:00,14,729.1,15,2,1
2022-01-19 16:00:00,4,187.0,16,2,1
2022-01-19 17:00:00,2,151.2,17,2,1
2022-01-19 18:00:00,6,306.1,18,2,1
2022-01-19 19:00:00,8,407.7,19,2,1
2022-01-19 20:00:00,6,288.0,20,2,1
2022-01-19 21:00:00,2,74.1,21,2,1
2022-01-19 22:00:00,0,0.0,22,2,1
2022-01-19 23:00:00,0,0.0,23,2,1
2022-01-20 00:00:00,2,82.4,0,3,1
2022-01-20 01:00:00,0,0.0,1,3,1
2022-01-20 02:00:00,1,72.8,2,3,1
2022-01-20 03:00:00,1,69.0,3,3,1
2022-01-20 04:00:00,2,106.5,4,3,1
2022-01-20 05:00:00,1,52.6,5,3,1
2022-01-20 06:00:00,5,212.9,6,3,1
2022-01-20 07:00:00,0,0.0,7,3,1
2022-01-20 08:00:00,4,263.5,8,3,1
2022-01-20 09:00:00,6,276.6,9,3,1
2022-01-20 10:00:00,11,606.9,10,3,1
2022-01-20 11:00:00,10,435.2,11,3,1
2022-01-20 12:00:00,18,801.8,12,3,1
2022-01-20 13:00:00,10,401.1,13,3,1
2022-01-20 14:00:00,16,911.8000000000001,14,3,1
2022-01-20 15:00:00,8,408.6,15,3,1
2022-01-20 16:00:00,5,270.8,16,3,1
2022-01-20 17:00:00,7,329.5,17,3,1
2022-01-20 18:00:00,4,236.5,18,3,1
2022-01-20 19:00:00,3,161.4,19,3,1
2022-01-20 20:00:00,5,223.0,20,3,1
2022-01-20 21:00:00,0,0.0,21,3,1
2022-01-20 22:00:00,1,71.6,22,3,1
2022-01-20 23:00:00,3,150.2,23,3,1
2022-01-21 00:00:00,1,31.4,0,4,1
2022-01-21 01:00:00,1,48.4,1,4,1
2022-01-21 02:00:00,2,86.3,2,4,1
2022-01-21 03:00:00,1,48.4,3,4,1
2022-01-21 04:00:00,0,0.0,4,4,1
2022-01-21 05:00:00,5,216.2,5,4,1
2022-01-21 06:00:00,1,71.2,6,4,1
2022-01-21 07:00:00,4,152.0,7,4,1
2022-01-21 08:00:00,8,333.4,8,4,1
2022-01-21 09:00:00,11,604.7,9,4,1
2022-01-21 10:00:00,7,370.8,10,4,1
2022-01-21 11:00:00,4,191.6,11,4,1
2022-01-21 12:00:00,13,686.8,12,4,1
2022-01-21 13:00:00,10,442.90000000000003,13,4,1
2022-01-21 14:00:00,12,598.5,14,4,1
2022-01-21 15:00:00,3,145.8,15,4,1
2022-01-21 16:00:00,10,477.2,16,4,1
2022-01-21 17:00:00,11,503.8,17,4,1
2022-01-21 18:00:00,5,256.9,18,4,1
2022-01-21 19:00:00,2,121.1,19,4,1
2022-01-21 20:00:00,5,199.1,20,4,1
2022-01-21 21:00:00,3,126.9,21,4,1
2022-01-21 22:00:00,2,106.2,22,4,1
2022-01-21 23:00:00,4,312.8,23,4,1
2022-01-22 00:00:00,2,60.400000000000006,0,5,1
2022-01-22 01:00:00,0,0.0,1,5,1
2022-01-22 02:00:00,1,45.9,2,5,1
2022-01-22 03:00:00,2,93.3,3,5,1
2022-01-22 04:00:00,1,29.8,4,5,1
2022-01-22 05:00:00,1,39.0,5,5,1
2022-01-22 06:00:00,2,62.3,6,5,1
2022-01-22 07:00:00,2,111.4,7,5,1
2022-01-22 08:00:00,5,193.9,8,5,1
2022-01-22 09:00:00,7,362.2,9,5,1
2022-01-22 10:00:00,7,256.1,10,5,1
2022-01-22 11:00:00,8,417.5,11,5,1
2022-01-22 12:00:00,4,210.6,12,5,1
2022-01-22 13:00:00,10,502.8,13,5,1
2022-01-22 14:00:00,5,221.3,14,5,1
2022-01-22 15:00:00,8,345.9,15,5,1
2022-01-22 16:00:00,9,571.0,16,5,1
2022-01-22 17:00:00,6,294.1,17,5,1
2022-01-22 18:00:00,5,220.6,18,5,1
2022-01-22 19:00:00,4,170.5,19,5,1
2022-01-22 20:00:00,7,378.5,20,5,1
2022-01-22 21:00:00,1,80.0,21,5,1
2022-01-22 22:00:00,2,76.6,22,5,1
2022-01-22 23:00:00,0,0.0,23,5,1
2022-01-23 00:00:00,0,0.0,0,6,1
2022-01-23 01:00:00,1,80.0,1,6,1
2022-01-23 02:00:00,0,0.0,2,6,1
2022-01-23 03:00:00,0,0.0,3,6,1
2022-01-23 04:00:00,0,0.0,4,6,1
2022-01-23 05:00:00,2,106.1,5,6,1
2022-01-23 06:00:00,2,89.0,6,6,1
2022-01-23 07:00:00,3,164.9,7,6,1
2022-01-23 08:00:00,5,234.60000000000002,8,6,1
2022-01-23 09:00:00,6,354.8,9,6,1
2022-01-23 10:00:00,9,443.3,10,6,1
2022-01-23 11:00:00,9,399.7,11,6,1
2022-01-23 12:00:00,10,472.8,12,6,1
2022-01-23 13:00:00,9,459.2,13,6,1
2022-01-23 14:00:00,8,436.5,14,6,1
2022-01-23 15:00:00,11,551.5,15,6,1
2022-01-23 16:00:00,2,65.69999999999999,16,6,1
2022-01-23 17:00:00,4,137.4,17,6,1
2022-01-23 18:00:00,5,249.8,18,6,1
2022-01-23 19:00:00,1,40.5,19,6,1
2022-01-23 20:00:00,3,187.3,20,6,1
2022-01-23 21:00:00,1,49.4,21,6,1
2022-01-23 22:00:00,0,0.0,22,6,1
2022-01-23 23:00:00,0,0.0,23,6,1
2022-01-24 00:00:00,0,0.0,0,0,1
2022-01-24 01:00:00,1,53.3,1,0,1
2022-01-24 02:00:00,3,189.5,2,0,1
2022-01-24 03:00:00,0,0.0,3,0,1
2022-01-24 04:00:00,2,98.4,4,0,1
2022-01-24 05:00:00,3,96.9,5,0,1
2022-01-24 06:00:00,3,131.6,6,0,1
2022-01-24 07:00:00,3,188.4,7,0,1
2022-01-24 08:00:00,5,184.2,8,0,1
2022-01-24 09:00:00,12,564.9,9,0,1
2022-01-24 10:00:00,10,418.1,10,0,1
2022-01-24 11:00:00,10,496.8,11,0,1
2022-01-24 12:00:00,14,623.6,12,0,1
2022-01-24 13:00:00,13,681.2,13,0,1
2022-01-24 14:00:00,15,718.1,14,0,1
2022-01-24 15:00:00,8,303.7,15,0,1
2022-01-24 16:00:00,2,98.30000000000001,16,0,1
2022-01-24 17:00:00,7,281.4,17,0,1
2022-01-24 18:00:00,5,255.3,18,0,1
2022-01-24 19:00:00,2,101.9,19,0,1
2022-01-24 20:00:00,3,175.60000000000002,20,0,1
2022-01-24 21:00:00,3,117.2,21,0,1
2022-01-24 22:00:00,0,0.0,22,0,1
2022-01-24 23:00:00,1,26.8,23,0,1
2022-01-25 00:00:00,2,130.4,0,1,1
2022-01-25 01:00:00,1,46.3,1,1,1
2022-01-25 02:00:00,1,80.0,2,1,1
2022-01-25 03:00:00,0,0.0,3,1,1
2022-01-25 04:00:00,2,86.6,4,1,1
2022-01-25 05:00:00,1,33.8,5,1,1
2022-01-25 06:00:00,3,133.0,6,1,1
2022-01-25 07:00:00,8,377.4,7,1,1
2022-01-25 08:00:00,9,465.7,8,1,1
2022-01-25 09:00:00,4,148.3,9,1,1
2022-01-25 10:00:00,9,350.4,10,1,1
2022-01-25 11:00:00,6,265.0,11,1,1
2022-01-25 12:00:00,10,474.8,12,1,1
2022-01-25 13:00:00,9,395.7,13,1,1
2022-01-25 14:00:00,6,306.40000000000003,14,1,1
2022-01-25 15:00:00,6,224.89999999999998,15,1,1
2022-01-25 16:00:00,6,262.2,16,1,1
2022-01-25 17:00:00,7,301.0,17,1,1
2022-01-25 18:00:00,3,165.8,18,1,1
2022-01-25 19:00:00,5,243.1,19,1,1
2022-01-25 20:00:00,8,378.1,20,1,1
2022-01-25 21:00:00,1,37.5,21,1,1
2022-01-25 22:00:00,1,70.3,22,1,1
2022-01-25 23:00:00,1,55.2,23,1,1
2022-01-26 00:00:00,2,103.4,0,2,1
2022-01-26 01:00:00,1,33.5,1,2,1
2022-01-26 02:00:00,2,83.6,2,2,1
2022-01-26 03:00:00,1,73.1,3,2,1
2022-01-26 04:00:00,2,86.0,4,2,1
2022-01-26 05:00:00,5,235.9,5,2,1
2022-01-26 06:00:00,3,222.8,6,2,1
2022-01-26 07:00:00,10,358.5,7,2,1
2022-01-26 08:00:00,8,340.90000000000003,8,2,1
2022-01-26 09:00:00,4,195.8,9,2,1
2022-01-26 10:00:00,10,447.9,10,2,1
2022-01-26 11:00:00,6,367.4,11,2,1
2022-01-26 12:00:00,7,377.5,12,2,1
2022-01-26 13:00:00,6,314.7,13,2,1
2022-01-26 14:00:00,8,371.8,14,2,1
2022-01-26 15:00:00,8,390.0,15,2,1
2022-01-26 16:00:00,10,619.3,16,2,1
2022-01-26 17:00:00,3,156.4,17,2,1
2022-01-26 18:00:00,8,423.4,18,2,1
2022-01-26 19:00:00,3,240.0,19,2,1
2022-01-26 20:00:00,1,35.4,20,2,1
2022-01-26 21:00:00,5,324.0,21,2,1
2022-01-26 22:00:00,2,78.2,22,2,1
2022-01-26 23:00:00,1,26.5,23,2,1
2022-01-27 00:00:00,0,0.0,0,3,1
2022-01-27 01:00:00,3,208.7,1,3,1
2022-01-27 02:00:00,1,33.7,2,3,1
2022-01-27 03:00:00,0,0.0,3,3,1
2022-01-27 04:00:00,1,80.0,4,3,1
2022-01-27 05:00:00,5,267.4,5,3,1
2022-01-27 06:00:00,4,169.4,6,3,1
2022-01-27 07:00:00,4,180.8,7,3,1
2022-01-27 08:00:00,5,243.8,8,3,1
2022-01-27 09:00:00,4,171.0,9,3,1
2022-01-27 10:00:00,12,583.1,10,3,1
2022-01-27 11:00:00,8,397.5,11,3,1
2022-01-27 12:00:00,5,293.0,12,3,1
2022-01-27 13:00:00,7,398.5,13,3,1
2022-01-27 14:00:00,14,646.4,14,3,1
2022-01-27 15:00:00,5,245.4,15,3,1
2022-01-27 16:00:00,8,443.3,16,3,1
2022-01-27 17:00:00,4,210.3,17,3,1
2022-01-27 18:00:00,7,306.1,18,3,1
2022-01-27 19:00:00,3,147.5,19,3,1
2022-01-27 20:00:00,4,208.8,20,3,1
2022-01-27 21:00:00,1,64.0,21,3,1
2022-01-27 22:00:00,0,0.0,22,3,1
2022-01-27 23:00:00,1,44.1,23,3,1
2022-01-28 00:00:00,1,43.9,0,4,1
2022-01-28 01:00:00,3,128.6,1,4,1
2022-01-28 02:00:00,1,30.6,2,4,1
2022-01-28 03:00:00,0,0.0,3,4,1
2022-01-28 04:00:00,0,0.0,4,4,1
2022-01-28 05:00:00,3,130.9,5,4,1
2022-01-28 06:00:00,4,173.5,6,4,1
2022-01-28 07:00:00,4,278.1,7,4,1
2022-01-28 08:00:00,10,462.4,8,4,1
2022-01-28 09:00:00,8,343.2,9,4,1
2022-01-28 10:00:00,4,143.4,10,4,1
2022-01-28 11:00:00,16,888.4,11,4,1
2022-01-28 12:00:00,5,261.0,12,4,1
2022-01-28 13:00:00,6,243.9,13,4,1
2022-01-28 14:00:00,10,496.9,14,4,1
2022-01-28 15:00:00,8,397.6,15,4,1
2022-01-28 16:00:00,13,682.0,16,4,1
2022-01-28 17:00:00,7,382.7,17,4,1
2022-01-28 18:00:00,7,291.0,18,4,1
2022-01-28 19:00:00,7,398.8,19,4,1
2022-01-28 20:00:00,8,323.0,20,4,1
2022-01-28 21:00:00,3,124.4,21,4,1
2022-01-28 22:00:00,1,79.5,22,4,1
2022-01-28 23:00:00,2,112.2,23,4,1
2022-01-29 00:00:00,1,72.8,0,5,1
2022-01-29 01:00:00,2,106.0,1,5,1
2022-01-29 02:00:00,4,205.9,2,5,1
2022-01-29 03:00:00,0,0.0,3,5,1
2022-01-29 04:00:00,3,182.8,4,5,1
2022-01-29 05:00:00,4,173.29999999999998,5,5,1
2022-01-29 06:00:00,2,122.5,6,5,1
2022-01-29 07:00:00,3,147.1,7,5,1
2022-01-29 08:00:00,3,176.29999999999998,8,5,1
2022-01-29 09:00:00,3,130.4,9,5,1
2022-01-29 10:00:00,7,351.7,10,5,1
2022-01-29 11:00:00,5,272.3,11,5,1
2022-01-29 12:00:00,11,636.5,12,5,1
2022-01-29 13:00:00,6,349.2,13,5,1
2022-01-29 14:00:00,8,362.3,14,5,1
2022-01-29 15:00:00,5,242.5,15,5,1
2022-01-29 16:00:00,4,251.6,16,5,1
2022-01-29 17:00:00,6,285.8,17,5,1
2022-01-29 18:00:00,6,260.8,18,5,1
2022-01-29 19:00:00,3,161.9,19,5,1
2022-01-29 20:00:00,1,46.1,20,5,1
2022-01-29 21:00:00,2,134.1,21,5,1
2022-01-29 22:00:00,0,0.0,22,5,1
2022-01-29 23:00:00,1,32.2,23,5,1
2022-01-30 00:00:00,2,86.19999999999999,0,6,1
2022-01-30 01:00:00,3,158.3,1,6,1
2022-01-30 02:00:00,0,0.0,2,6,1
2022-01-30 03:00:00,2,113.6,3,6,1
2022-01-30 04:00:00,1,72.8,4,6,1
2022-01-30 05:00:00,3,188.4,5,6,1
2022-01-30 06:00:00,2,65.6,6,6,1
2022-01-30 07:00:00,3,173.7,7,6,1
2022-01-30 08:00:00,5,226.8,8,6,1
2022-01-30 09:00:00,9,478.0,9,6,1
2022-01-30 10:00:00,5,245.70000000000002,10,6,1
2022-01-30 11:00:00,5,245.8,11,6,1
2022-01-30 12:00:00,11,555.5,12,6,1
2022-01-30 13:00:00,4,144.7,13,6,1
2022-01-30 14:00:00,2,99.1,14,6,1
2022-01-30 15:00:00,3,152.9,15,6,1
2022-01-30 16:00:00,2,81.6,16,6,1
2022-01-30 17:00:00,2,116.1,17,6,1
2022-01-30 18:00:00,5,245.8,18,6,1
2022-01-30 19:00:00,4,140.3,19,6,1
2022-01-30 20:00:00,0,0.0,20,6,1
2022-01-30 21:00:00,0,0.0,21,6,1
2022-01-30 22:00:00,1,49.9,22,6,1
2022-01-30 23:00:00,4,150.1,23,6,1
2022-01-31 00:00:00,3,112.7,0,0,1
2022-01-31 01:00:00,2,108.0,1,0,1
2022-01-31 02:00:00,0,0.0,2,0,1
2022-01-31 03:00:00,1,48.4,3,0,1
2022-01-31 04:00:00,2,71.0,4,0,1
2022-01-31 05:00:00,2,76.6,5,0,1
2022-01-31 06:00:00,5,252.9,6,0,1
2022-01-31 07:00:00,2,88.8,7,0,1
2022-01-31 08:00:00,1,47.8,8,0,1
2022-01-31 09:00:00,5,226.0,9,0,1
2022-01-31 10:00:00,8,354.9,10,0,1
2022-01-31 11:00:00,9,441.0,11,0,1
2022-01-31 12:00:00,10,462.9,12,0,1
2022-01-31 13:00:00,5,300.9,13,0,1
2022-01-31 14:00:00,10,545.1,14,0,1
2022-01-31 15:00:00,11,643.1,15,0,1
2022-01-31 16:00:00,7,387.6,16,0,1
2022-01-31 17:00:00,10,496.2,17,0,1
2022-01-31 18:00:00,7,398.5,18,0,1
2022-01-31 19:00:00,4,232.1,19,0,1
2022-01-31 20:00:00,2,79.8,20,0,1
2022-01-31 21:00:00,5,278.5,21,0,1
2022-01-31 22:00:00,0,0.0,22,0,1
2022-01-31 23:00:00,1,75.3,23,0,1
2022-02-01 00:00:00,1,38.5,0,1,2
2022-02-01 01:00:00,1,32.3,1,1,2
2022-02-01 02:00:00,0,0.0,2,1,2
2022-02-01 03:00:00,0,0.0,3,1,2
2022-02-01 04:00:00,1,53.8,4,1,2
2022-02-01 05:00:00,2,61.0,5,1,2
2022-02-01 06:00:00,5,278.20000000000005,6,1,2
2022-02-01 07:00:00,4,244.8,7,1,2
2022-02-01 08:00:00,7,342.1,8,1,2
2022-02-01 09:00:00,13,653.4,9,1,2
2022-02-01 10:00:00,11,546.2,10,1,2
2022-02-01 11:00:00,12,643.8,11,1,2
2022-02-01 12:00:00,8,414.7,12,1,2
2022-02-01 13:00:00,7,339.6,13,1,2
2022-02-01 14:00:00,6,279.6,14,1,2
2022-02-01 15:00:00,12,552.5,15,1,2
2022-02-01 16:00:00,8,470.1,16,1,2
2022-02-01 17:00:00,8,407.2,17,1,2
2022-02-01 18:00:00,3,193.3,18,1,2
2022-02-01 19:00:00,7,372.7,19,1,2
2022-02-01 20:00:00,2,67.7,20,1,2
2022-02-01 21:00:00,2,126.9,21,1,2
2022-02-01 22:00:00,0,0.0,22,1,2
2022-02-01 23:00:00,1,49.0,23,1,2
2022-02-02 00:00:00,0,0.0,0,2,2
2022-02-02 01:00:00,2,96.9,1,2,2
2022-02-02 02:00:00,1,40.8,2,2,2
2022-02-02 03:00:00,3,159.5,3,2,2
2022-02-02 04:00:00,1,80.0,4,2,2
2022-02-02 05:00:00,2,100.69999999999999,5,2,2
2022-02-02 06:00:00,1,49.5,6,2,2
2022-02-02 07:00:00,3,212.3,7,2,2
2022-02-02 08:00:00,9,451.3,8,2,2
2022-02-02 09:00:00,12,640.0,9,2,2
2022-02-02 10:00:00,12,633.8,10,2,2
2022-02-02 11:00:00,11,546.9,11,2,2
2022-02-02 12:00:00,5,217.2,12,2,2
2022-02-02 13:00:00,6,340.3,13,2,2
2022-02-02 14:00:00,13,621.3,14,2,2
2022-02-02 15:00:00,5,243.9,15,2,2
2022-02-02 16:00:00,6,288.1,16,2,2
2022-02-02 17:00:00,6,318.6,17,2,2
2022-02-02 18:00:00,3,164.0,18,2,2
2022-02-02 19:00:00,3,135.8,19,2,2
2022-02-02 20:00:00,1,30.6,20,2,2
2022-02-02 21:00:00,0,0.0,21,2,2
2022-02-02 22:00:00,0,0.0,22,2,2
2022-02-02 23:00:00,0,0.0,23,2,2
2022-02-03 00:00:00,2,59.0,0,3,2
2022-02-03 01:00:00,1,32.2,1,3,2
2022-02-03 02:00:00,0,0.0,2,3,2
2022-02-03 03:00:00,1,33.4,3,3,2
2022-02-03 04:00:00,0,0.0,4,3,2
2022-02-03 05:00:00,4,172.7,5,3,2
2022-02-03 06:00:00,3,165.8,6,3,2
2022-02-03 07:00:00,6,322.1,7,3,2
2022-02-03 08:00:00,8,402.6,8,3,2
2022-02-03 09:00:00,5,241.6,9,3,2
2022-02-03 10:00:00,19,1015.5,10,3,2
2022-02-03 11:00:00,8,321.1,11,3,2
2022-02-03 12:00:00,14,714.1,12,3,2
2022-02-03 13:00:00,7,347.0,13,3,2
2022-02-03 14:00:00,10,493.4,14,3,2
2022-02-03 15:00:00,5,266.09999999999997,15,3,2
2022-02-03 16:00:00,6,334.7,16,3,2
2022-02-03 17:00:00,4,146.8,17,3,2
2022-02-03 18:00:00,3,133.6,18,3,2
2022-02-03 19:00:00,8,401.1,19,3,2
2022-02-03 20:00:00,2,98.2,20,3,2
2022-02-03 21:00:00,2,107.2,21,3,2
2022-02-03 22:00:00,0,0.0,22,3,2
2022-02-03 23:00:00,0,0.0,23,3,2
2022-02-04 00:00:00,2,125.5,0,4,2
2022-02-04 01:00:00,3,120.2,1,4,2
2022-02-04 02:00:00,0,0.0,2,4,2
2022-02-04 03:00:00,0,0.0,3,4,2
2022-02-04 04:00:00,1,34.2,4,4,2
2022-02-04 05:00:00,1,34.0,5,4,2
2022-02-04 06:00:00,5,257.0,6,4,2
2022-02-04 07:00:00,5,264.5,7,4,2
2022-02-04 08:00:00,9,489.1,8,4,2
2022-02-04 09:00:00,12,596.8,9,4,2
2022-02-04 10:00:00,9,406.5,10,4,2
2022-02-04 11:00:00,11,485.3,11,4,2
2022-02-04 12:00:00,6,283.5,12,4,2
2022-02-04 13:00:00,14,845.9,13,4,2
2022-02-04 14:00:00,9,395.9,14,4,2
2022-02-04 15:00:00,7,350.3,15,4,2
2022-02-04 16:00:00,7,424.0,16,4,2
2022-02-04 17:00:00,4,190.0,17,4,2
2022-02-04 18:00:00,7,321.9,18,4,2
2022-02-04 19:00:00,4,227.10000000000002,19,4,2
2022-02-04 20:00:00,5,271.1,20,4,2
2022-02-04 21:00:00,2,64.5,21,4,2
2022-02-04 22:00:00,0,0.0,22,4,2
2022-02-04 23:00:00,3,194.89999999999998,23,4,2
2022-02-05 00:00:00,1,28.0,0,5,2
2022-02-05 01:00:00,1,37.0,1,5,2
2022-02-05 02:00:00,1,73.9,2,5,2
2022-02-05 03:00:00,0,0.0,3,5,2
2022-02-05 04:00:00,0,0.0,4,5,2
2022-02-05 05:00:00,2,64.8,5,5,2
2022-02-05 06:00:00,2,79.6,6,5,2
2022-02-05 07:00:00,4,216.8,7,5,2
2022-02-05 08:00:00,8,350.7,8,5,2
2022-02-05 09:00:00,6,313.2,9,5,2
2022-02-05 10:00:00,6,343.3,10,5,2
2022-02-05 11:00:00,10,519.6,11,5,2
2022-02-05 12:00:00,8,468.2,12,5,2
2022-02-05 13:00:00,3,185.2,13,5,2
2022-02-05 14:00:00,3,159.1,14,5,2
2022-02-05 15:00:00,6,386.3,15,5,2
2022-02-05 16:00:00,8,344.5,16,5,2
2022-02-05 17:00:00,5,271.5,17,5,2
2022-02-05 18:00:00,5,218.4,18,5,2
2022-02-05 19:00:00,4,202.4,19,5,2
2022-02-05 20:00:00,0,0.0,20,5,2
2022-02-05 21:00:00,1,28.6,21,5,2
2022-02-05 22:00:00,0,0.0,22,5,2
2022-02-05 23:00:00,0,0.0,23,5,2
2022-02-06 00:00:00,2,127.5,0,6,2
2022-02-06 01:00:00,0,0.0,1,6,2
2022-02-06 02:00:00,2,69.2,2,6,2
2022-02-06 03:00:00,1,37.3,3,6,2
2022-02-06 04:00:00,0,0.0,4,6,2
2022-02-06 05:00:00,2,85.1,5,6,2
2022-02-06 06:00:00,3,127.80000000000001,6,6,2
2022-02-06 07:00:00,4,187.0,7,6,2
2022-02-06 08:00:00,4,247.60000000000002,8,6,2
2022-02-06 09:00:00,7,419.0,9,6,2
2022-02-06 10:00:00,5,247.7,10,6,2
2022-02-06 11:00:00,9,424.09999999999997,11,6,2
2022-02-06 12:00:00,10,543.1,12,6,2
2022-02-06 13:00:00,5,204.2,13,6,2
2022-02-06 14:00:00,10,484.8,14,6,2
2022-02-06 15:00:00,4,227.4,15,6,2
2022-02-06 16:00:00,4,228.6,16,6,2
2022-02-06 17:00:00,6,336.1,17,6,2
2022-02-06 18:00:00,4,202.0,18,6,2
2022-02-06 19:00:00,1,50.4,19,6,2
2022-02-06 20:00:00,2,97.5,20,6,2
2022-02-06 21:00:00,0,0.0,21,6,2
2022-02-06 22:00:00,0,0.0,22,6,2
2022-02-06 23:00:00,1,29.6,23,6,2
2022-02-07 00:00:00,1,39.5,0,0,2
2022-02-07 01:00:00,4,160.4,1,0,2
2022-02-07 02:00:00,1,29.9,2,0,2
2022-02-07 03:00:00,1,44.6,3,0,2
2022-02-07 04:00:00,1,42.7,4,0,2
2022-02-07 05:00:00,0,0.0,5,0,2
2022-02-07 06:00:00,1,42.6,6,0,2
2022-02-07 07:00:00,4,141.1,7,0,2
2022-02-07 08:00:00,6,261.2,8,0,2
2022-02-07 09:00:00,8,417.2,9,0,2
2022-02-07 10:00:00,13,631.7,10,0,2
2022-02-07 11:00:00,12,555.3000000000001,11,0,2
2022-02-07 12:00:00,10,368.40000000000003,12,0,2
2022-02-07 13:00:00,5,274.2,13,0,2
2022-02-07 14:00:00,8,425.6,14,0,2
2022-02-07 15:00:00,7,364.8,15,0,2
2022-02-07 16:00:00,6,367.8,16,0,2
2022-02-07 17:00:00,5,174.4,17,0,2
2022-02-07 18:00:00,8,372.3,18,0,2
2022-02-07 19:00:00,2,123.4,19,0,2
2022-02-07 20:00:00,4,222.8,20,0,2
2022-02-07 21:00:00,5,218.0,21,0,2
2022-02-07 22:00:00,0,0.0,22,0,2
2022-02-07 23:00:00,2,88.5,23,0,2
2022-02-08 00:00:00,1,53.1,0,1,2
2022-02-08 01:00:00,4,163.0,1,1,2
2022-02-08 02:00:00,2,92.7,2,1,2
2022-02-08 03:00:00,1,49.1,3,1,2
2022-02-08 04:00:00,1,59.1,4,1,2
2022-02-08 05:00:00,4,159.8,5,1,2
2022-02-08 06:00:00,3,143.0,6,1,2
2022-02-08 07:00:00,3,143.9,7,1,2
2022-02-08 08:00:00,5,243.8,8,1,2
2022-02-08 09:00:00,12,544.5,9,1,2
2022-02-08 10:00:00,9,480.0,10,1,2
2022-02-08 11:00:00,8,391.40000000000003,11,1,2
2022-02-08 12:00:00,11,714.6,12,1,2
2022-02-08 13:00:00,8,503.1,13,1,2
2022-02-08 14:00:00,14,700.2,14,1,2
2022-02-08 15:00:00,11,629.6,15,1,2
2022-02-08 16:00:00,5,246.8,16,1,2
2022-02-08 17:00:00,4,174.7,17,1,2
2022-02-08 18:00:00,0,0.0,18,1,2
2022-02-08 19:00:00,6,291.1,19,1,2
2022-02-08 20:00:00,2,94.0,20,1,2
2022-02-08 21:00:00,3,210.5,21,1,2
2022-02-08 22:00:00,1,46.3,22,1,2
2022-02-08 23:00:00,3,92.4,23,1,2
2022-02-09 00:00:00,1,31.8,0,2,2
2022-02-09 01:00:00,1,31.2,1,2,2
2022-02-09 02:00:00,1,29.7,2,2,2
2022-02-09 03:00:00,2,77.1,3,2,2
2022-02-09 04:00:00,1,47.6,4,2,2
2022-02-09 05:00:00,3,121.39999999999999,5,2,2
2022-02-09 06:00:00,1,33.5,6,2,2
2022-02-09 07:00:00,1,29.1,7,2,2
2022-02-09 08:00:00,7,436.5,8,2,2
2022-02-09 09:00:00,3,172.3,9,2,2
2022-02-09 10:00:00,12,556.3,10,2,2
2022-02-09 11:00:00,12,671.1,11,2,2
2022-02-09 12:00:00,5,199.39999999999998,12,2,2
2022-02-09 13:00:00,12,577.1,13,2,2
2022-02-09 14:00:00,13,605.7,14,2,2
2022-02-09 15:00:00,14,666.5,15,2,2
2022-02-09 16:00:00,7,423.1,16,2,2
2022-02-09 17:00:00,8,371.2,17,2,2
2022-02-09 18:00:00,4,162.9,18,2,2
2022-02-09 19:00:00,4,205.1,19,2,2
2022-02-09 20:00:00,4,183.9,20,2,2
2022-02-09 21:00:00,6,308.4,21,2,2
2022-02-09 22:00:00,2,76.6,22,2,2
2022-02-09 23:00:00,0,0.0,23,2,2
2022-02-10 00:00:00,2,129.0,0,3,2
2022-02-10 01:00:00,1,50.1,1,3,2
2022-02-10 02:00:00,1,31.0,2,3,2
2022-02-10 03:00:00,1,56.2,3,3,2
2022-02-10 04:00:00,2,109.4,4,3,2
2022-02-10 05:00:00,1,35.6,5,3,2
2022-02-10 06:00:00,5,251.8,6,3,2
2022-02-10 07:00:00,8,476.7,7,3,2
2022-02-10 08:00:00,10,577.4,8,3,2
2022-02-10 09:00:00,7,313.0,9,3,2
2022-02-10 10:00:00,12,619.8,10,3,2
2022-02-10 11:00:00,9,445.6,11,3,2
2022-02-10 12:00:00,5,228.1,12,3,2
2022-02-10 13:00:00,9,537.7,13,3,2
2022-02-10 14:00:00,9,543.4,14,3,2
2022-02-10 15:00:00,6,254.7,15,3,2
2022-02-10 16:00:00,10,531.6,16,3,2
2022-02-10 17:00:00,9,438.0,17,3,2
2022-02-10 18:00:00,7,421.4,18,3,2
2022-02-10 19:00:00,6,247.6,19,3,2
2022-02-10 20:00:00,2,77.4,20,3,2
2022-02-10 21:00:00,6,350.8,21,3,2
2022-02-10 22:00:00,1,67.8,22,3,2
2022-02-10 23:00:00,1,57.0,23,3,2
2022-02-11 00:00:00,4,199.4,0,4,2
2022-02-11 01:00:00,3,154.0,1,4,2
2022-02-11 02:00:00,3,171.4,2,4,2
2022-02-11 03:00:00,2,73.5,3,4,2
2022-02-11 04:00:00,1,36.0,4,4,2
2022-02-11 05:00:00,0,0.0,5,4,2
2022-02-11 06:00:00,4,140.4,6,4,2
2022-02-11 07:00:00,8,443.9,7,4,2
2022-02-11 08:00:00,6,324.3,8,4,2
2022-02-11 09:00:00,7,434.9,9,4,2
2022-02-11 10:00:00,19,949.9,10,4,2
2022-02-11 11:00:00,10,539.8,11,4,2
2022-02-11 12:00:00,12,510.0,12,4,2
2022-02-11 13:00:00,9,452.3,13,4,2
2022-02-11 14:00:00,13,678.9,14,4,2
2022-02-11 15:00:00,8,372.5,15,4,2
2022-02-11 16:00:00,2,69.7,16,4,2
2022-02-11 17:00:00,7,324.1,17,4,2
2022-02-11 18:00:00,6,282.3,18,4,2
2022-02-11 19:00:00,6,299.6,19,4,2
2022-02-11 20:00:00,1,31.8,20,4,2
2022-02-11 21:00:00,2,114.10000000000001,21,4,2
2022-02-11 22:00:00,2,66.5,22,4,2
2022-02-11 23:00:00,0,0.0,23,4,2
2022-02-12 00:00:00,0,0.0,0,5,2
2022-02-12 01:00:00,0,0.0,1,5,2
2022-02-12 02:00:00,2,67.0,2,5,2
2022-02-12 03:00:00,1,53.1,3,5,2
2022-02-12 04:00:00,1,73.6,4,5,2
2022-02-12 05:00:00,0,0.0,5,5,2
2022-02-12 06:00:00,4,191.0,6,5,2
2022-02-12 07:00:00,0,0.0,7,5,2
2022-02-12 08:00:00,4,161.1,8,5,2
2022-02-12 09:00:00,0,0.0,9,5,2
2022-02-12 10:00:00,5,274.4,10,5,2
2022-02-12 11:00:00,3,180.2,11,5,2
2022-02-12 12:00:00,10,499.2,12,5,2
2022-02-12 13:00:00,4,193.2,13,5,2
2022-02-12 14:00:00,7,428.7,14,5,2
2022-02-12 15:00:00,7,317.4,15,5,2
2022-02-12 16:00:00,5,214.9,16,5,2
2022-02-12 17:00:00,4,152.9,17,5,2
2022-02-12 18:00:00,8,373.0,18,5,2
2022-02-12 19:00:00,2,123.19999999999999,19,5,2
2022-02-12 20:00:00,4,161.0,20,5,2
2022-02-12 21:00:00,1,29.5,21,5,2
2022-02-12 22:00:00,2,99.8,22,5,2
2022-02-12 23:00:00,0,0.0,23,5,2
2022-02-13 00:00:00,1,38.9,0,6,2
2022-02-13 01:00:00,1,42.6,1,6,2
2022-02-13 02:00:00,2,79.9,2,6,2
2022-02-13 03:00:00,0,0.0,3,6,2
2022-02-13 04:00:00,0,0.0,4,6,2
2022-02-13 05:00:00,0,0.0,5,6,2
2022-02-13 06:00:00,2,88.9,6,6,2
2022-02-13 07:00:00,2,81.5,7,6,2
2022-02-13 08:00:00,4,227.89999999999998,8,6,2
2022-02-13 09:00:00,5,251.0,9,6,2
2022-02-13 10:00:00,11,562.7,10,6,2
2022-02-13 11:00:00,12,547.9,11,6,2
2022-02-13 12:00:00,5,255.4,12,6,2
2022-02-13 13:00:00,3,182.3,13,6,2
2022-02-13 14:00:00,9,352.4,14,6,2
2022-02-13 15:00:00,7,379.2,15,6,2
2022-02-13 16:00:00,4,179.4,16,6,2
2022-02-13 17:00:00,3,127.1,17,6,2
2022-02-13 18:00:00,4,187.9,18,6,2
2022-02-13 19:00:00,2,143.9,19,6,2
2022-02-13 20:00:00,2,81.2,20,6,2
2022-02-13 21:00:00,0,0.0,21,6,2
2022-02-13 22:00:00,0,0.0,22,6,2
2022-02-13 23:00:00,3,155.4,23,6,2
2022-02-14 00:00:00,2,89.0,0,0,2
2022-02-14 01:00:00,0,0.0,1,0,2
2022-02-14 02:00:00,2,76.69999999999999,2,0,2
2022-02-14 03:00:00,1,32.0,3,0,2
2022-02-14 04:00:00,1,80.0,4,0,2
2022-02-14 05:00:00,1,50.4,5,0,2
2022-02-14 06:00:00,2,157.2,6,0,2
2022-02-14 07:00:00,7,372.0,7,0,2
2022-02-14 08:00:00,8,367.8,8,0,2
2022-02-14 09:00:00,7,315.1,9,0,2
2022-02-14 10:00:00,9,465.4,10,0,2
2022-02-14 11:00:00,17,838.2,11,0,2
2022-02-14 12:00:00,11,567.0,12,0,2
2022-02-14 13:00:00,8,465.2,13,0,2
2022-02-14 14:00:00,13,526.8,14,0,2
2022-02-14 15:00:00,7,344.7,15,0,2
2022-02-14 16:00:00,5,316.1,16,0,2
2022-02-14 17:00:00,3,178.1,17,0,2
2022-02-14 18:00:00,4,176.9,18,0,2
2022-02-14 19:00:00,4,201.0,19,0,2
2022-02-14 20:00:00,2,106.30000000000001,20,0,2
2022-02-14 21:00:00,1,37.7,21,0,2
2022-02-14 22:00:00,1,35.3,22,0,2
2022-02-14 23:00:00,1,49.3,23,0,2
2022-02-15 00:00:00,0,0.0,0,1,2
2022-02-15 01:00:00,1,30.5,1,1,2
2022-02-15 02:00:00,3,126.3,2,1,2
2022-02-15 03:00:00,1,27.8,3,1,2
2022-02-15 04:00:00,1,53.3,4,1,2
2022-02-15 05:00:00,3,179.4,5,1,2
2022-02-15 06:00:00,4,210.0,6,1,2
2022-02-15 07:00:00,1,54.8,7,1,2
2022-02-15 08:00:00,5,289.3,8,1,2
2022-02-15 09:00:00,6,361.0,9,1,2
2022-02-15 10:00:00,7,275.9,10,1,2
2022-02-15 11:00:00,11,516.7,11,1,2
2022-02-15 12:00:00,10,602.2,12,1,2
2022-02-15 13:00:00,2,112.0,13,1,2
2022-02-15 14:00:00,8,305.7,14,1,2
2022-02-15 15:00:00,14,646.4,15,1,2
2022-02-15 16:00:00,9,508.8,16,1,2
2022-02-15 17:00:00,4,181.8,17,1,2
2022-02-15 18:00:00,6,334.5,18,1,2
2022-02-15 19:00:00,6,240.7,19,1,2
2022-02-15 20:00:00,3,160.6,20,1,2
2022-02-15 21:00:00,1,34.6,21,1,2
2022-02-15 22:00:00,2,104.19999999999999,22,1,2
2022-02-15 23:00:00,0,0.0,23,1,2
2022-02-16 00:00:00,1,79.4,0,2,2
2022-02-16 01:00:00,1,45.4,1,2,2
2022-02-16 02:00:00,0,0.0,2,2,2
2022-02-16 03:00:00,1,47.3,3,2,2
2022-02-16 04:00:00,0,0.0,4,2,2
2022-02-16 05:00:00,2,152.0,5,2,2
2022-02-16 06:00:00,3,131.8,6,2,2
2022-02-16 07:00:00,2,80.3,7,2,2
2022-02-16 08:00:00,4,155.5,8,2,2
2022-02-16 09:00:00,10,557.0,9,2,2
2022-02-16 10:00:00,15,897.0,10,2,2
2022-02-16 11:00:00,9,382.5,11,2,2
2022-02-16 12:00:00,11,483.09999999999997,12,2,2
2022-02-16 13:00:00,11,590.9,13,2,2
2022-02-16 14:00:00,12,562.6,14,2,2
2022-02-16 15:00:00,12,585.9,15,2,2
2022-02-16 16:00:00,11,640.5,16,2,2
2022-02-16 17:00:00,8,327.6,17,2,2
2022-02-16 18:00:00,5,197.6,18,2,2
2022-02-16 19:00:00,6,381.0,19,2,2
2022-02-16 20:00:00,4,216.60000000000002,20,2,2
2022-02-16 21:00:00,3,152.4,21,2,2
2022-02-16 22:00:00,0,0.0,22,2,2
2022-02-16 23:00:00,2,109.4,23,2,2
2022-02-17 00:00:00,0,0.0,0,3,2
2022-02-17 01:00:00,2,126.8,1,3,2
2022-02-17 02:00:00,0,0.0,2,3,2
2022-02-17 03:00:00,0,0.0,3,3,2
2022-02-17 04:00:00,1,32.0,4,3,2
2022-02-17 05:00:00,1,35.6,5,3,2
2022-02-17 06:00:00,1,32.2,6,3,2
2022-02-17 07:00:00,4,233.39999999999998,7,3,2
2022-02-17 08:00:00,6,254.5,8,3,2
2022-02-17 09:00:00,11,490.2,9,3,2
2022-02-17 10:00:00,9,480.5,10,3,2
2022-02-17 11:00:00,8,395.4,11,3,2
2022-02-17 12:00:00,8,360.7,12,3,2
2022-02-17 13:00:00,12,657.1,13,3,2
2022-02-17 14:00:00,6,300.5,14,3,2
2022-02-17 15:00:00,9,525.7,15,3,2
2022-02-17 16:00:00,8,400.4,16,3,2
2022-02-17 17:00:00,6,236.9,17,3,2
2022-02-17 18:00:00,6,421.8,18,3,2
2022-02-17 19:00:00,6,287.5,19,3,2
2022-02-17 20:00:00,0,0.0,20,3,2
2022-02-17 21:00:00,1,36.8,21,3,2
2022-02-17 22:00:00,0,0.0,22,3,2
2022-02-17 23:00:00,1,80.0,23,3,2
2022-02-18 00:00:00,1,80.0,0,4,2
2022-02-18 01:00:00,2,78.1,1,4,2
2022-02-18 02:00:00,1,30.0,2,4,2
2022-02-18 03:00:00,2,83.0,3,4,2
2022-02-18 04:00:00,1,62.3,4,4,2
2022-02-18 05:00:00,3,152.0,5,4,2
2022-02-18 06:00:00,2,70.4,6,4,2
2022-02-18 07:00:00,4,183.2,7,4,2
2022-02-18 08:00:00,7,335.7,8,4,2
2022-02-18 09:00:00,6,383.4,9,4,2
2022-02-18 10:00:00,17,748.2,10,4,2
2022-02-18 11:00:00,12,663.2,11,4,2
2022-02-18 12:00:00,7,392.0,12,4,2
2022-02-18 13:00:00,10,455.7,13,4,2
2022-02-18 14:00:00,4,137.0,14,4,2
2022-02-18 15:00:00,10,559.8,15,4,2
2022-02-18 16:00:00,5,311.0,16,4,2
2022-02-18 17:00:00,10,463.5,17,4,2
2022-02-18 18:00:00,4,196.20000000000002,18,4,2
2022-02-18 19:00:00,4,141.7,19,4,2
2022-02-18 20:00:00,4,177.3,20,4,2
2022-02-18 21:00:00,1,38.6,21,4,2
2022-02-18 22:00:00,0,0.0,22,4,2
2022-02-18 23:00:00,0,0.0,23,4,2
2022-02-19 00:00:00,1,46.3,0,5,2
2022-02-19 01:00:00,0,0.0,1,5,2
2022-02-19 02:00:00,1,30.9,2,5,2
2022-02-19 03:00:00,0,0.0,3,5,2
2022-02-19 04:00:00,1,58.8,4,5,2
2022-02-19 05:00:00,0,0.0,5,5,2
2022-02-19 06:00:00,4,235.10000000000002,6,5,2
2022-02-19 07:00:00,2,114.2,7,5,2
2022-02-19 08:00:00,2,60.400000000000006,8,5,2
2022-02-19 09:00:00,5,220.6,9,5,2
2022-02-19 10:00:00,5,271.2,10,5,2
2022-02-19 11:00:00,10,429.29999999999995,11,5,2
2022-02-19 12:00:00,6,222.5,12,5,2
2022-02-19 13:00:00,4,132.9,13,5,2
2022-02-19 14:00:00,10,577.1999999999999,14,5,2
2022-02-19 15:00:00,10,579.2,15,5,2
2022-02-19 16:00:00,6,324.9,16,5,2
2022-02-19 17:00:00,5,216.6,17,5,2
2022-02-19 18:00:00,3,240.0,18,5,2
2022-02-19 19:00:00,3,117.9,19,5,2
2022-02-19 20:00:00,5,231.9,20,5,2
2022-02-19 21:00:00,0,0.0,21,5,2
2022-02-19 22:00:00,0,0.0,22,5,2
2022-02-19 23:00:00,1,73.1,23,5,2
2022-02-20 00:00:00,3,190.5,0,6,2
2022-02-20 01:00:00,1,36.8,1,6,2
2022-02-20 02:00:00,2,85.6,2,6,2
2022-02-20 03:00:00,1,50.0,3,6,2
2022-02-20 04:00:00,0,0.0,4,6,2
2022-02-20 05:00:00,2,71.4,5,6,2
2022-02-20 06:00:00,1,61.4,6,6,2
2022-02-20 07:00:00,1,28.8,7,6,2
2022-02-20 08:00:00,4,183.3,8,6,2
2022-02-20 09:00:00,6,285.3,9,6,2
2022-02-20 10:00:00,10,548.1,10,6,2
2022-02-20 11:00:00,3,183.5,11,6,2
2022-02-20 12:00:00,6,190.3,12,6,2
2022-02-20 13:00:00,10,602.3,13,6,2
2022-02-20 14:00:00,3,148.8,14,6,2
2022-02-20 15:00:00,8,361.0,15,6,2
2022-02-20 16:00:00,4,243.3,16,6,2
2022-02-20 17:00:00,2,120.5,17,6,2
2022-02-20 18:00:00,4,222.0,18,6,2
2022-02-20 19:00:00,3,117.7,19,6,2
2022-02-20 20:00:00,1,33.6,20,6,2
2022-02-20 21:00:00,1,36.5,21,6,2
2022-02-20 22:00:00,1,50.1,22,6,2
2022-02-20 23:00:00,2,60.2,23,6,2
2022-02-21 00:00:00,2,113.8,0,0,2
2022-02-21 01:00:00,1,46.9,1,0,2
2022-02-21 02:00:00,1,49.5,2,0,2
2022-02-21 03:00:00,0,0.0,3,0,2
2022-02-21 04:00:00,0,0.0,4,0,2
2022-02-21 05:00:00,3,151.4,5,0,2
2022-02-21 06:00:00,3,134.5,6,0,2
2022-02-21 07:00:00,3,131.0,7,0,2
2022-02-21 08:00:00,4,180.2,8,0,2
2022-02-21 09:00:00,9,401.1,9,0,2
2022-02-21 10:00:00,12,537.1,10,0,2
2022-02-21 11:00:00,15,599.0,11,0,2
2022-02-21 12:00:00,7,438.5,12,0,2
2022-02-21 13:00:00,10,495.7,13,0,2
2022-02-21 14:00:00,12,601.8,14,0,2
2022-02-21 15:00:00,8,409.2,15,0,2
2022-02-21 16:00:00,4,159.4,16,0,2
2022-02-21 17:00:00,6,300.7,17,0,2
2022-02-21 18:00:00,8,336.4,18,0,2
2022-02-21 19:00:00,6,300.8,19,0,2
2022-02-21 20:00:00,2,110.6,20,0,2
2022-02-21 21:00:00,3,106.3,21,0,2
2022-02-21 22:00:00,2,114.7,22,0,2
2022-02-21 23:00:00,0,0.0,23,0,2
2022-02-22 00:00:00,1,50.5,0,1,2
2022-02-22 01:00:00,2,147.1,1,1,2
2022-02-22 02:00:00,3,100.10000000000001,2,1,2
2022-02-22 03:00:00,1,58.0,3,1,2
2022-02-22 04:00:00,0,0.0,4,1,2
2022-02-22 05:00:00,2,75.9,5,1,2
2022-02-22 06:00:00,0,0.0,6,1,2
2022-02-22 07:00:00,4,223.0,7,1,2
2022-02-22 08:00:00,6,385.1,8,1,2
2022-02-22 09:00:00,6,328.1,9,1,2
2022-02-22 10:00:00,14,614.1,10,1,2
2022-02-22 11:00:00,12,667.2,11,1,2
2022-02-22 12:00:00,15,808.6,12,1,2
2022-02-22 13:00:00,13,785.0,13,1,2
2022-02-22 14:00:00,10,514.0,14,1,2
2022-02-22 15:00:00,14,812.1,15,1,2
2022-02-22 16:00:00,12,620.4,16,1,2
2022-02-22 17:00:00,5,222.9,17,1,2
2022-02-22 18:00:00,9,488.9,18,1,2
2022-02-22 19:00:00,2,63.7,19,1,2
2022-02-22 20:00:00,4,278.2,20,1,2
2022-02-22 21:00:00,4,152.7,21,1,2
2022-02-22 22:00:00,0,0.0,22,1,2
2022-02-22 23:00:00,0,0.0,23,1,2
2022-02-23 00:00:00,3,122.1,0,2,2
2022-02-23 01:00:00,2,126.19999999999999,1,2,2
2022-02-23 02:00:00,0,0.0,2,2,2
2022-02-23 03:00:00,0,0.0,3,2,2
2022-02-23 04:00:00,1,48.3,4,2,2
2022-02-23 05:00:00,5,205.89999999999998,5,2,2
2022-02-23 06:00:00,3,186.4,6,2,2
2022-02-23 07:00:00,3,126.9,7,2,2
2022-02-23 08:00:00,6,268.9,8,2,2
2022-02-23 09:00:00,12,619.2,9,2,2
2022-02-23 10:00:00,8,429.4,10,2,2
2022-02-23 11:00:00,9,426.1,11,2,2
2022-02-23 12:00:00,5,255.4,12,2,2
2022-02-23 13:00:00,9,367.2,13,2,2
2022-02-23 14:00:00,10,478.5,14,2,2
2022-02-23 15:00:00,11,537.7,15,2,2
2022-02-23 16:00:00,10,501.5,16,2,2
2022-02-23 17:00:00,6,343.4,17,2,2
2022-02-23 18:00:00,6,261.9,18,2,2
2022-02-23 19:00:00,6,337.5,19,2,2
2022-02-23 20:00:00,5,162.3,20,2,2
2022-02-23 21:00:00,4,141.9,21,2,2
2022-02-23 22:00:00,0,0.0,22,2,2
2022-02-23 23:00:00,1,34.2,23,2,2
2022-02-24 00:00:00,2,108.7,0,3,2
2022-02-24 01:00:00,0,0.0,1,3,2
2022-02-24 02:00:00,1,72.1,2,3,2
2022-02-24 03:00:00,3,127.6,3,3,2
2022-02-24 04:00:00,1,33.9,4,3,2
2022-02-24 05:00:00,1,32.4,5,3,2
2022-02-24 06:00:00,4,224.5,6,3,2
2022-02-24 07:00:00,5,242.7,7,3,2
2022-02-24 08:00:00,9,410.8,8,3,2
2022-02-24 09:00:00,8,495.6,9,3,2
2022-02-24 10:00:00,9,482.3,10,3,2
2022-02-24 11:00:00,11,525.1,11,3,2
2022-02-24 12:00:00,7,297.5,12,3,2
2022-02-24 13:00:00,12,643.1,13,3,2
2022-02-24 14:00:00,8,370.70000000000005,14,3,2
2022-02-24 15:00:00,8,342.5,15,3,2
2022-02-24 16:00:00,4,202.0,16,3,2
2022-02-24 17:00:00,9,457.1,17,3,2
2022-02-24 18:00:00,3,152.5,18,3,2
2022-02-24 19:00:00,7,300.0,19,3,2
2022-02-24 20:00:00,1,80.0,20,3,2
2022-02-24 21:00:00,2,79.0,21,3,2
2022-02-24 22:00:00,0,0.0,22,3,2
2022-02-24 23:00:00,0,0.0,23,3,2
2022-02-25 00:00:00,2,121.2,0,4,2
2022-02-25 01:00:00,0,0.0,1,4,2
2022-02-25 02:00:00,1,80.0,2,4,2
2022-02-25 03:00:00,2,131.6,3,4,2
2022-02-25 04:00:00,0,0.0,4,4,2
2022-02-25 05:00:00,2,100.5,5,4,2
2022-02-25 06:00:00,1,80.0,6,4,2
2022-02-25 07:00:00,6,256.6,7,4,2
2022-02-25 08:00:00,4,148.29999999999998,8,4,2
2022-02-25 09:00:00,11,496.4,9,4,2
2022-02-25 10:00:00,7,450.0,10,4,2
2022-02-25 11:00:00,14,851.6,11,4,2
2022-02-25 12:00:00,17,827.3000000000001,12,4,2
2022-02-25 13:00:00,11,488.1,13,4,2
2022-02-25 14:00:00,13,656.0,14,4,2
2022-02-25 15:00:00,10,556.3,15,4,2
2022-02-25 16:00:00,8,459.7,16,4,2
2022-02-25 17:00:00,10,536.4,17,4,2
2022-02-25 18:00:00,5,236.2,18,4,2
2022-02-25 19:00:00,3,136.9,19,4,2
2022-02-25 20:00:00,4,181.8,20,4,2
2022-02-25 21:00:00,2,85.9,21,4,2
2022-02-25 22:00:00,1,57.5,22,4,2
2022-02-25 23:00:00,1,47.2,23,4,2
2022-02-26 00:00:00,1,52.7,0,5,2
2022-02-26 01:00:00,1,53.8,1,5,2
2022-02-26 02:00:00,1,36.5,2,5,2
2022-02-26 03:00:00,1,80.0,3,5,2
2022-02-26 04:00:00,2,88.1,4,5,2
2022-02-26 05:00:00,3,189.5,5,5,2
2022-02-26 06:00:00,1,80.0,6,5,2
2022-02-26 07:00:00,5,251.7,7,5,2
2022-02-26 08:00:00,2,88.6,8,5,2
2022-02-26 09:00:00,7,389.3,9,5,2
2022-02-26 10:00:00,9,467.0,10,5,2
2022-02-26 11:00:00,6,289.2,11,5,2
2022-02-26 12:00:00,9,467.6,12,5,2
2022-02-26 13:00:00,7,329.09999999999997,13,5,2
2022-02-26 14:00:00,6,316.3,14,5,2
2022-02-26 15:00:00,4,247.4,15,5,2
2022-02-26 16:00:00,6,266.8,16,5,2
2022-02-26 17:00:00,3,162.9,17,5,2
2022-02-26 18:00:00,3,127.80000000000001,18,5,2
2022-02-26 19:00:00,2,105.30000000000001,19,5,2
2022-02-26 20:00:00,2,83.7,20,5,2
2022-02-26 21:00:00,4,244.7,21,5,2
2022-02-26 22:00:00,1,32.9,22,5,2
2022-02-26 23:00:00,0,0.0,23,5,2
2022-02-27 00:00:00,2,87.2,0,6,2
2022-02-27 01:00:00,0,0.0,1,6,2
2022-02-27 02:00:00,0,0.0,2,6,2
2022-02-27 03:00:00,0,0.0,3,6,2
2022-02-27 04:00:00,0,0.0,4,6,2
2022-02-27 05:00:00,2,76.8,5,6,2
2022-02-27 06:00:00,2,120.7,6,6,2
2022-02-27 07:00:00,4,209.0,7,6,2
2022-02-27 08:00:00,6,262.9,8,6,2
2022-02-27 09:00:00,6,274.7,9,6,2
2022-02-27 10:00:00,10,425.4,10,6,2
2022-02-27 11:00:00,12,530.9,11,6,2
2022-02-27 12:00:00,9,512.0,12,6,2
2022-02-27 13:00:00,8,493.20000000000005,13,6,2
2022-02-27 14:00:00,9,457.9,14,6,2
2022-02-27 15:00:00,9,328.8,15,6,2
2022-02-27 16:00:00,9,437.6,16,6,2
2022-02-27 17:00:00,5,238.9,17,6,2
2022-02-27 18:00:00,3,145.2,18,6,2
2022-02-27 19:00:00,2,130.0,19,6,2
2022-02-27 20:00:00,2,80.3,20,6,2
2022-02-27 21:00:00,0,0.0,21,6,2
2022-02-27 22:00:00,1,51.0,22,6,2
2022-02-27 23:00:00,1,80.0,23,6,2
2022-02-28 00:00:00,1,36.9,0,0,2
2022-02-28 01:00:00,1,35.1,1,0,2
2022-02-28 02:00:00,2,83.7,2,0,2
2022-02-28 03:00:00,1,37.0,3,0,2
2022-02-28 04:00:00,0,0.0,4,0,2
2022-02-28 05:00:00,2,111.9,5,0,2
2022-02-28 06:00:00,4,230.0,6,0,2
2022-02-28 07:00:00,4,151.7,7,0,2
2022-02-28 08:00:00,7,343.7,8,0,2
2022-02-28 09:00:00,12,576.1,9,0,2
2022-02-28 10:00:00,13,560.4,10,0,2
2022-02-28 11:00:00,6,244.0,11,0,2
2022-02-28 12:00:00,7,343.6,12,0,2
2022-02-28 13:00:00,8,326.0,13,0,2
2022-02-28 14:00:00,13,605.2,14,0,2
2022-02-28 15:00:00,14,702.8,15,0,2
2022-02-28 16:00:00,14,618.8,16,0,2
2022-02-28 17:00:00,7,383.5,17,0,2
2022-02-28 18:00:00,8,507.2,18,0,2
2022-02-28 19:00:00,3,94.6,19,0,2
2022-02-28 20:00:00,4,206.1,20,0,2
2022-02-28 21:00:00,1,35.2,21,0,2
2022-02-28 22:00:00,0,0.0,22,0,2
2022-02-28 23:00:00,1,30.4,23,0,2
2022-03-01 00:00:00,0,0.0,0,1,3
2022-03-01 01:00:00,2,63.4,1,1,3
2022-03-01 02:00:00,1,29.1,2,1,3
2022-03-01 03:00:00,1,36.4,3,1,3
2022-03-01 04:00:00,1,28.6,4,1,3
2022-03-01 05:00:00,1,32.4,5,1,3
2022-03-01 06:00:00,4,156.8,6,1,3
2022-03-01 07:00:00,6,277.5,7,1,3
2022-03-01 08:00:00,7,381.3,8,1,3
2022-03-01 09:00:00,6,250.5,9,1,3
2022-03-01 10:00:00,9,456.7,10,1,3
2022-03-01 11:00:00,12,575.6,11,1,3
2022-03-01 12:00:00,7,463.1,12,1,3
2022-03-01 13:00:00,8,394.8,13,1,3
2022-03-01 14:00:00,9,404.8,14,1,3
2022-03-01 15:00:00,7,378.6,15,1,3
2022-03-01 16:00:00,6,350.9,16,1,3
2022-03-01 17:00:00,6,331.0,17,1,3
2022-03-01 18:00:00,7,317.0,18,1,3
2022-03-01 19:00:00,4,226.3,19,1,3
2022-03-01 20:00:00,5,276.4,20,1,3
2022-03-01 21:00:00,3,200.4,21,1,3
2022-03-01 22:00:00,2,84.3,22,1,3
2022-03-01 23:00:00,2,88.9,23,1,3
2022-03-02 00:00:00,1,49.4,0,2,3
2022-03-02 01:00:00,1,43.3,1,2,3
2022-03-02 02:00:00,2,99.5,2,2,3
2022-03-02 03:00:00,2,117.3,3,2,3
2022-03-02 04:00:00,2,105.19999999999999,4,2,3
2022-03-02 05:00:00,6,281.90000000000003,5,2,3
2022-03-02 06:00:00,6,348.7,6,2,3
2022-03-02 07:00:00,7,287.4,7,2,3
2022-03-02 08:00:00,8,339.5,8,2,3
2022-03-02 09:00:00,14,612.0,9,2,3
2022-03-02 10:00:00,10,584.4,10,2,3
2022-03-02 11:00:00,12,523.7,11,2,3
2022-03-02 12:00:00,9,487.7,12,2,3
2022-03-02 13:00:00,12,571.8000000000001,13,2,3
2022-03-02 14:00:00,12,569.0,14,2,3
2022-03-02 15:00:00,10,513.3,15,2,3
2022-03-02 16:00:00,9,470.3,16,2,3
2022-03-02 17:00:00,2,128.9,17,2,3
2022-03-02 18:00:00,7,333.4,18,2,3
2022-03-02 19:00:00,6,352.0,19,2,3
2022-03-02 20:00:00,5,252.8,20,2,3
2022-03-02 21:00:00,0,0.0,21,2,3
2022-03-02 22:00:00,0,0.0,22,2,3
2022-03-02 23:00:00,0,0.0,23,2,3
2022-03-03 00:00:00,1,75.8,0,3,3
2022-03-03 01:00:00,2,117.30000000000001,1,3,3
2022-03-03 02:00:00,0,0.0,2,3,3
2022-03-03 03:00:00,1,74.3,3,3,3
2022-03-03 04:00:00,1,50.3,4,3,3
2022-03-03 05:00:00,5,315.5,5,3,3
2022-03-03 06:00:00,1,40.7,6,3,3
2022-03-03 07:00:00,5,260.40000000000003,7,3,3
2022-03-03 08:00:00,4,182.7,8,3,3
2022-03-03 09:00:00,14,650.9,9,3,3
2022-03-03 10:00:00,12,499.0,10,3,3
2022-03-03 11:00:00,8,324.0,11,3,3
2022-03-03 12:00:00,8,327.7,12,3,3
2022-03-03 13:00:00,7,363.7,13,3,3
2022-03-03 14:00:00,7,359.3,14,3,3
2022-03-03 15:00:00,9,429.6,15,3,3
2022-03-03 16:00:00,8,435.2,16,3,3
2022-03-03 17:00:00,5,194.6,17,3,3
2022-03-03 18:00:00,5,265.2,18,3,3
2022-03-03 19:00:00,5,181.8,19,3,3
2022-03-03 20:00:00,4,226.2,20,3,3
2022-03-03 21:00:00,3,111.19999999999999,21,3,3
2022-03-03 22:00:00,0,0.0,22,3,3
2022-03-03 23:00:00,1,44.0,23,3,3
2022-03-04 00:00:00,0,0.0,0,4,3
2022-03-04 01:00:00,1,25.8,1,4,3
2022-03-04 02:00:00,0,0.0,2,4,3
2022-03-04 03:00:00,0,0.0,3,4,3
2022-03-04 04:00:00,1,80.0,4,4,3
2022-03-04 05:00:00,2,91.4,5,4,3
2022-03-04 06:00:00,2,125.5,6,4,3
2022-03-04 07:00:00,5,259.6,7,4,3
2022-03-04 08:00:00,6,288.3,8,4,3
2022-03-04 09:00:00,4,213.8,9,4,3
2022-03-04 10:00:00,9,521.9,10,4,3
2022-03-04 11:00:00,7,362.29999999999995,11,4,3
2022-03-04 12:00:00,14,755.3,12,4,3
2022-03-04 13:00:00,13,542.9,13,4,3
2022-03-04 14:00:00,6,218.8,14,4,3
2022-03-04 15:00:00,9,437.3,15,4,3
2022-03-04 16:00:00,8,414.8,16,4,3
2022-03-04 17:00:00,11,537.9,17,4,3
2022-03-04 18:00:00,3,122.1,18,4,3
2022-03-04 19:00:00,4,203.8,19,4,3
2022-03-04 20:00:00,6,338.7,20,4,3
2022-03-04 21:00:00,2,80.6,21,4,3
2022-03-04 22:00:00,1,35.2,22,4,3
2022-03-04 23:00:00,1,34.6,23,4,3
2022-03-05 00:00:00,0,0.0,0,5,3
2022-03-05 01:00:00,1,32.2,1,5,3
2022-03-05 02:00:00,2,103.2,2,5,3
2022-03-05 03:00:00,0,0.0,3,5,3
2022-03-05 04:00:00,0,0.0,4,5,3
2022-03-05 05:00:00,1,50.9,5,5,3
2022-03-05 06:00:00,2,119.30000000000001,6,5,3
2022-03-05 07:00:00,1,43.2,7,5,3
2022-03-05 08:00:00,5,315.1,8,5,3
2022-03-05 09:00:00,5,208.0,9,5,3
2022-03-05 10:00:00,8,476.0,10,5,3
2022-03-05 11:00:00,6,291.4,11,5,3
2022-03-05 12:00:00,7,354.5,12,5,3
2022-03-05 13:00:00,10,391.3,13,5,3
2022-03-05 14:00:00,3,159.2,14,5,3
2022-03-05 15:00:00,7,316.4,15,5,3
2022-03-05 16:00:00,6,277.0,16,5,3
2022-03-05 17:00:00,0,0.0,17,5,3
2022-03-05 18:00:00,5,196.2,18,5,3
2022-03-05 19:00:00,3,209.1,19,5,3
2022-03-05 20:00:00,2,124.4,20,5,3
2022-03-05 21:00:00,1,48.7,21,5,3
2022-03-05 22:00:00,2,130.3,22,5,3
2022-03-05 23:00:00,0,0.0,23,5,3
2022-03-06 00:00:00,1,27.9,0,6,3
2022-03-06 01:00:00,1,32.9,1,6,3
2022-03-06 02:00:00,0,0.0,2,6,3
2022-03-06 03:00:00,2,110.8,3,6,3
2022-03-06 04:00:00,0,0.0,4,6,3
2022-03-06 05:00:00,1,76.9,5,6,3
2022-03-06 06:00:00,0,0.0,6,6,3
2022-03-06 07:00:00,2,112.6,7,6,3
2022-03-06 08:00:00,5,284.6,8,6,3
2022-03-06 09:00:00,8,330.4,9,6,3
2022-03-06 10:00:00,9,392.3,10,6,3
2022-03-06 11:00:00,7,311.4,11,6,3
2022-03-06 12:00:00,11,525.5,12,6,3
2022-03-06 13:00:00,6,341.1,13,6,3
2022-03-06 14:00:00,5,298.1,14,6,3
2022-03-06 15:00:00,7,371.6,15,6,3
2022-03-06 16:00:00,7,313.3,16,6,3
2022-03-06 17:00:00,9,427.8,17,6,3
2022-03-06 18:00:00,2,160.0,18,6,3
2022-03-06 19:00:00,5,222.5,19,6,3
2022-03-06 20:00:00,2,80.0,20,6,3
2022-03-06 21:00:00,2,63.0,21,6,3
2022-03-06 22:00:00,0,0.0,22,6,3
2022-03-06 23:00:00,0,0.0,23,6,3
2022-03-07 00:00:00,2,67.5,0,0,3
2022-03-07 01:00:00,1,32.6,1,0,3
2022-03-07 02:00:00,1,65.6,2,0,3
2022-03-07 03:00:00,1,56.2,3,0,3
2022-03-07 04:00:00,1,80.0,4,0,3
2022-03-07 05:00:00,1,35.3,5,0,3
2022-03-07 06:00:00,1,80.0,6,0,3
2022-03-07 07:00:00,2,125.0,7,0,3
2022-03-07 08:00:00,9,413.2,8,0,3
2022-03-07 09:00:00,13,566.9,9,0,3
2022-03-07 10:00:00,12,600.1,10,0,3
2022-03-07 11:00:00,13,588.2,11,0,3
2022-03-07 12:00:00,10,511.4,12,0,3
2022-03-07 13:00:00,10,460.6,13,0,3
2022-03-07 14:00:00,12,555.4,14,0,3
2022-03-07 15:00:00,12,638.4,15,0,3
2022-03-07 16:00:00,5,259.2,16,0,3
2022-03-07 17:00:00,5,264.0,17,0,3
2022-03-07 18:00:00,8,375.8,18,0,3
2022-03-07 19:00:00,5,296.1,19,0,3
2022-03-07 20:00:00,2,96.4,20,0,3
2022-03-07 21:00:00,2,106.5,21,0,3
2022-03-07 22:00:00,0,0.0,22,0,3
2022-03-07 23:00:00,0,0.0,23,0,3
2022-03-08 00:00:00,1,67.4,0,1,3
2022-03-08 01:00:00,2,150.0,1,1,3
2022-03-08 02:00:00,2,72.19999999999999,2,1,3
2022-03-08 03:00:00,0,0.0,3,1,3
2022-03-08 04:00:00,1,49.8,4,1,3
2022-03-08 05:00:00,1,78.2,5,1,3
2022-03-08 06:00:00,4,193.4,6,1,3
2022-03-08 07:00:00,2,100.9,7,1,3
2022-03-08 08:00:00,11,491.6,8,1,3
2022-03-08 09:00:00,11,553.0,9,1,3
2022-03-08 10:00:00,9,402.2,10,1,3
2022-03-08 11:00:00,10,502.5,11,1,3
2022-03-08 12:00:00,14,625.7,12,1,3
2022-03-08 13:00:00,16,837.1,13,1,3
2022-03-08 14:00:00,9,442.7,14,1,3
2022-03-08 15:00:00,7,366.4,15,1,3
2022-03-08 16:00:00,9,438.8,16,1,3
2022-03-08 17:00:00,3,145.6,17,1,3
2022-03-08 18:00:00,4,180.4,18,1,3
2022-03-08 19:00:00,5,207.4,19,1,3
2022-03-08 20:00:00,1,35.9,20,1,3
2022-03-08 21:00:00,4,219.60000000000002,21,1,3
2022-03-08 22:00:00,1,43.2,22,1,3
2022-03-08 23:00:00,0,0.0,23,1,3
2022-03-09 00:00:00,2,97.6,0,2,3
2022-03-09 01:00:00,0,0.0,1,2,3
2022-03-09 02:00:00,3,155.8,2,2,3
2022-03-09 03:00:00,3,118.0,3,2,3
2022-03-09 04:00:00,1,36.9,4,2,3
2022-03-09 05:00:00,4,187.0,5,2,3
2022-03-09 06:00:00,3,180.89999999999998,6,2,3
2022-03-09 07:00:00,7,345.1,7,2,3
2022-03-09 08:00:00,6,223.7,8,2,3
2022-03-09 09:00:00,12,541.7,9,2,3
2022-03-09 10:00:00,7,420.6,10,2,3
2022-03-09 11:00:00,13,682.0,11,2,3
2022-03-09 12:00:00,13,720.3000000000001,12,2,3
2022-03-09 13:00:00,10,491.0,13,2,3
2022-03-09 14:00:00,7,385.4,14,2,3
2022-03-09 15:00:00,6,312.40000000000003,15,2,3
2022-03-09 16:00:00,8,412.4,16,2,3
2022-03-09 17:00:00,6,280.4,17,2,3
2022-03-09 18:00:00,7,456.8,18,2,3
2022-03-09 19:00:00,7,395.90000000000003,19,2,3
2022-03-09 20:00:00,3,195.8,20,2,3
2022-03-09 21:00:00,4,152.3,21,2,3
2022-03-09 22:00:00,1,33.1,22,2,3
2022-03-09 23:00:00,3,186.6,23,2,3
2022-03-10 00:00:00,0,0.0,0,3,3
2022-03-10 01:00:00,2,91.8,1,3,3
2022-03-10 02:00:00,1,31.6,2,3,3
2022-03-10 03:00:00,2,147.4,3,3,3
2022-03-10 04:00:00,0,0.0,4,3,3
2022-03-10 05:00:00,3,110.5,5,3,3
2022-03-10 06:00:00,3,181.8,6,3,3
2022-03-10 07:00:00,2,104.4,7,3,3
2022-03-10 08:00:00,4,240.3,8,3,3
2022-03-10 09:00:00,10,478.9,9,3,3
2022-03-10 10:00:00,13,618.7,10,3,3
2022-03-10 11:00:00,9,473.1,11,3,3
2022-03-10 12:00:00,16,975.9,12,3,3
2022-03-10 13:00:00,13,708.3000000000001,13,3,3
2022-03-10 14:00:00,6,237.20000000000002,14,3,3
2022-03-10 15:00:00,7,357.7,15,3,3
2022-03-10 16:00:00,8,341.20000000000005,16,3,3
2022-03-10 17:00:00,11,563.9,17,3,3
2022-03-10 18:00:00,7,393.5,18,3,3
2022-03-10 19:00:00,2,77.2,19,3,3
2022-03-10 20:00:00,7,301.2,20,3,3
2022-03-10 21:00:00,2,159.3,21,3,3
2022-03-10 22:00:00,3,155.9,22,3,3
2022-03-10 23:00:00,0,0.0,23,3,3
2022-03-11 00:00:00,0,0.0,0,4,3
2022-03-11 01:00:00,1,69.6,1,4,3
2022-03-11 02:00:00,1,60.6,2,4,3
2022-03-11 03:00:00,2,103.4,3,4,3
2022-03-11 04:00:00,3,105.2,4,4,3
2022-03-11 05:00:00,4,182.2,5,4,3
2022-03-11 06:00:00,5,229.3,6,4,3
2022-03-11 07:00:00,3,149.5,7,4,3
2022-03-11 08:00:00,7,373.20000000000005,8,4,3
2022-03-11 09:00:00,7,275.6,9,4,3
2022-03-11 10:00:00,5,200.5,10,4,3
2022-03-11 11:00:00,17,810.8,11,4,3
2022-03-11 12:00:00,8,419.70000000000005,12,4,3
2022-03-11 13:00:00,6,277.4,13,4,3
2022-03-11 14:00:00,10,590.9,14,4,3
2022-03-11 15:00:00,7,288.5,15,4,3
2022-03-11 16:00:00,5,320.8,16,4,3
2022-03-11 17:00:00,6,311.2,17,4,3
2022-03-11 18:00:00,9,505.6,18,4,3
2022-03-11 19:00:00,5,167.60000000000002,19,4,3
2022-03-11 20:00:00,3,135.3,20,4,3
2022-03-11 21:00:00,2,82.1,21,4,3
2022-03-11 22:00:00,1,35.8,22,4,3
2022-03-11 23:00:00,1,36.4,23,4,3
2022-03-12 00:00:00,3,126.9,0,5,3
2022-03-12 01:00:00,1,52.2,1,5,3
2022-03-12 02:00:00,2,99.3,2,5,3
2022-03-12 03:00:00,0,0.0,3,5,3
2022-03-12 04:00:00,0,0.0,4,5,3
2022-03-12 05:00:00,0,0.0,5,5,3
2022-03-12 06:00:00,2,71.6,6,5,3
2022-03-12 07:00:00,1,63.8,7,5,3
2022-03-12 08:00:00,2,101.4,8,5,3
2022-03-12 09:00:00,11,635.6,9,5,3
2022-03-12 10:00:00,6,263.3,10,5,3
2022-03-12 11:00:00,9,397.7,11,5,3
2022-03-12 12:00:00,10,527.7,12,5,3
2022-03-12 13:00:00,7,378.3,13,5,3
2022-03-12 14:00:00,6,248.4,14,5,3
2022-03-12 15:00:00,6,283.4,15,5,3
2022-03-12 16:00:00,2,102.4,16,5,3
2022-03-12 17:00:00,5,243.6,17,5,3
2022-03-12 18:00:00,5,198.0,18,5,3
2022-03-12 19:00:00,3,137.4,19,5,3
2022-03-12 20:00:00,1,29.1,20,5,3
2022-03-12 21:00:00,2,65.4,21,5,3
2022-03-12 22:00:00,2,89.19999999999999,22,5,3
2022-03-12 23:00:00,0,0.0,23,5,3
2022-03-13 00:00:00,1,45.9,0,6,3
2022-03-13 01:00:00,1,78.1,1,6,3
2022-03-13 02:00:00,2,126.4,2,6,3
2022-03-13 03:00:00,0,0.0,3,6,3
2022-03-13 04:00:00,0,0.0,4,6,3
2022-03-13 05:00:00,6,288.2,5,6,3
2022-03-13 06:00:00,3,169.7,6,6,3
2022-03-13 07:00:00,3,132.8,7,6,3
2022-03-13 08:00:00,6,242.5,8,6,3
2022-03-13 09:00:00,4,214.8,9,6,3
2022-03-13 10:00:00,6,265.9,10,6,3
2022-03-13 11:00:00,11,476.7,11,6,3
2022-03-13 12:00:00,4,173.9,12,6,3
2022-03-13 13:00:00,4,210.4,13,6,3
2022-03-13 14:00:00,5,239.8,14,6,3
2022-03-13 15:00:00,3,106.0,15,6,3
2022-03-13 16:00:00,5,180.79999999999998,16,6,3
2022-03-13 17:00:00,8,412.9,17,6,3
2022-03-13 18:00:00,6,290.1,18,6,3
2022-03-13 19:00:00,1,46.8,19,6,3
2022-03-13 20:00:00,5,297.7,20,6,3
2022-03-13 21:00:00,3,134.1,21,6,3
2022-03-13 22:00:00,2,116.0,22,6,3
2022-03-13 23:00:00,3,197.7,23,6,3
2022-03-14 00:00:00,1,47.6,0,0,3
2022-03-14 01:00:00,3,149.9,1,0,3
2022-03-14 02:00:00,2,123.6,2,0,3
2022-03-14 03:00:00,0,0.0,3,0,3
2022-03-14 04:00:00,0,0.0,4,0,3
2022-03-14 05:00:00,3,153.70000000000002,5,0,3
2022-03-14 06:00:00,2,84.9,6,0,3
2022-03-14 07:00:00,7,381.0,7,0,3
2022-03-14 08:00:00,5,264.4,8,0,3
2022-03-14 09:00:00,4,185.2,9,0,3
2022-03-14 10:00:00,15,824.3,10,0,3
2022-03-14 11:00:00,8,422.7,11,0,3
2022-03-14 12:00:00,10,476.0,12,0,3
2022-03-14 13:00:00,11,620.4,13,0,3
2022-03-14 14:00:00,11,569.7,14,0,3
2022-03-14 15:00:00,7,294.8,15,0,3
2022-03-14 16:00:00,11,455.2,16,0,3
2022-03-14 17:00:00,8,399.8,17,0,3
2022-03-14 18:00:00,6,289.2,18,0,3
2022-03-14 19:00:00,5,261.6,19,0,3
2022-03-14 20:00:00,4,209.8,20,0,3
2022-03-14 21:00:00,2,69.69999999999999,21,0,3
2022-03-14 22:00:00,2,69.0,22,0,3
2022-03-14 23:00:00,1,49.1,23,0,3
2022-03-15 00:00:00,1,36.3,0,1,3
2022-03-15 01:00:00,2,91.6,1,1,3
2022-03-15 02:00:00,1,79.2,2,1,3
2022-03-15 03:00:00,1,34.0,3,1,3
2022-03-15 04:00:00,0,0.0,4,1,3
2022-03-15 05:00:00,0,0.0,5,1,3
2022-03-15 06:00:00,3,107.30000000000001,6,1,3
2022-03-15 07:00:00,8,315.8,7,1,3
2022-03-15 08:00:00,2,127.2,8,1,3
2022-03-15 09:00:00,14,728.2,9,1,3
2022-03-15 10:00:00,10,401.1,10,1,3
2022-03-15 11:00:00,10,467.2,11,1,3
2022-03-15 12:00:00,14,660.5,12,1,3
2022-03-15 13:00:00,11,549.3,13,1,3
2022-03-15 14:00:00,8,367.0,14,1,3
2022-03-15 15:00:00,4,200.1,15,1,3
2022-03-15 16:00:00,8,440.2,16,1,3
2022-03-15 17:00:00,8,429.9,17,1,3
2022-03-15 18:00:00,5,295.0,18,1,3
2022-03-15 19:00:00,5,238.0,19,1,3
2022-03-15 20:00:00,5,308.6,20,1,3
2022-03-15 21:00:00,4,242.89999999999998,21,1,3
2022-03-15 22:00:00,1,80.0,22,1,3
2022-03-15 23:00:00,2,111.39999999999999,23,1,3
2022-03-16 00:00:00,1,76.9,0,2,3
2022-03-16 01:00:00,1,76.4,1,2,3
2022-03-16 02:00:00,1,72.9,2,2,3
2022-03-16 03:00:00,1,32.3,3,2,3
2022-03-16 04:00:00,1,80.0,4,2,3
2022-03-16 05:00:00,3,190.0,5,2,3
2022-03-16 06:00:00,1,69.0,6,2,3
2022-03-16 07:00:00,3,152.8,7,2,3
2022-03-16 08:00:00,3,141.4,8,2,3
2022-03-16 09:00:00,5,283.8,9,2,3
2022-03-16 10:00:00,12,523.5,10,2,3
2022-03-16 11:00:00,10,505.7,11,2,3
2022-03-16 12:00:00,12,603.6999999999999,12,2,3
2022-03-16 13:00:00,4,189.5,13,2,3
2022-03-16 14:00:00,12,657.5,14,2,3
2022-03-16 15:00:00,11,664.4,15,2,3
2022-03-16 16:00:00,9,518.7,16,2,3
2022-03-16 17:00:00,12,675.0,17,2,3
2022-03-16 18:00:00,5,224.7,18,2,3
2022-03-16 19:00:00,7,413.5,19,2,3
2022-03-16 20:00:00,0,0.0,20,2,3
2022-03-16 21:00:00,3,136.3,21,2,3
2022-03-16 22:00:00,2,88.7,22,2,3
2022-03-16 23:00:00,1,70.1,23,2,3
2022-03-17 00:00:00,1,58.3,0,3,3
2022-03-17 01:00:00,0,0.0,1,3,3
2022-03-17 02:00:00,2,126.0,2,3,3
2022-03-17 03:00:00,2,87.2,3,3,3
2022-03-17 04:00:00,0,0.0,4,3,3
2022-03-17 05:00:00,2,58.5,5,3,3
2022-03-17 06:00:00,5,246.6,6,3,3
2022-03-17 07:00:00,4,199.9,7,3,3
2022-03-17 08:00:00,5,317.1,8,3,3
2022-03-17 09:00:00,8,354.40000000000003,9,3,3
2022-03-17 10:00:00,9,506.2,10,3,3
2022-03-17 11:00:00,10,426.1,11,3,3
2022-03-17 12:00:00,15,732.4,12,3,3
2022-03-17 13:00:00,10,434.5,13,3,3
2022-03-17 14:00:00,12,579.9,14,3,3
2022-03-17 15:00:00,11,543.8,15,3,3
2022-03-17 16:00:00,5,225.6,16,3,3
2022-03-17 17:00:00,6,280.4,17,3,3
2022-03-17 18:00:00,4,219.39999999999998,18,3,3
2022-03-17 19:00:00,4,233.9,19,3,3
2022-03-17 20:00:00,4,149.7,20,3,3
2022-03-17 21:00:00,2,130.4,21,3,3
2022-03-17 22:00:00,1,31.5,22,3,3
2022-03-17 23:00:00,1,74.6,23,3,3
2022-03-18 00:00:00,6,233.5,0,4,3
2022-03-18 01:00:00,1,33.2,1,4,3
2022-03-18 02:00:00,0,0.0,2,4,3
2022-03-18 03:00:00,1,80.0,3,4,3
2022-03-18 04:00:00,2,63.2,4,4,3
2022-03-18 05:00:00,2,85.9,5,4,3
2022-03-18 06:00:00,5,236.6,6,4,3
2022-03-18 07:00:00,0,0.0,7,4,3
2022-03-18 08:00:00,2,64.8,8,4,3
2022-03-18 09:00:00,5,218.6,9,4,3
2022-03-18 10:00:00,15,787.3000000000001,10,4,3
2022-03-18 11:00:00,11,472.8,11,4,3
2022-03-18 12:00:00,10,404.0,12,4,3
2022-03-18 13:00:00,14,595.0,13,4,3
2022-03-18 14:00:00,10,497.9,14,4,3
2022-03-18 15:00:00,5,211.2,15,4,3
2022-03-18 16:00:00,6,286.4,16,4,3
2022-03-18 17:00:00,3,157.6,17,4,3
2022-03-18 18:00:00,8,406.3,18,4,3
2022-03-18 19:00:00,6,292.8,19,4,3
2022-03-18 20:00:00,1,80.0,20,4,3
2022-03-18 21:00:00,4,208.60000000000002,21,4,3
2022-03-18 22:00:00,2,115.1,22,4,3
2022-03-18 23:00:00,0,0.0,23,4,3
2022-03-19 00:00:00,0,0.0,0,5,3
2022-03-19 01:00:00,2,124.9,1,5,3
2022-03-19 02:00:00,3,169.6,2,5,3
2022-03-19 03:00:00,1,43.7,3,5,3
2022-03-19 04:00:00,0,0.0,4,5,3
2022-03-19 05:00:00,1,74.8,5,5,3
2022-03-19 06:00:00,2,61.8,6,5,3
2022-03-19 07:00:00,5,280.2,7,5,3
2022-03-19 08:00:00,2,109.0,8,5,3
2022-03-19 09:00:00,7,429.8,9,5,3
2022-03-19 10:00:00,10,465.3,10,5,3
2022-03-19 11:00:00,6,305.3,11,5,3
2022-03-19 12:00:00,7,323.4,12,5,3
2022-03-19 13:00:00,6,273.4,13,5,3
2022-03-19 14:00:00,3,143.0,14,5,3
2022-03-19 15:00:00,7,332.7,15,5,3
2022-03-19 16:00:00,5,194.1,16,5,3
2022-03-19 17:00:00,3,121.5,17,5,3
2022-03-19 18:00:00,4,172.6,18,5,3
2022-03-19 19:00:00,4,203.4,19,5,3
2022-03-19 20:00:00,3,133.4,20,5,3
2022-03-19 21:00:00,1,80.0,21,5,3
2022-03-19 22:00:00,1,47.9,22,5,3
2022-03-19 23:00:00,3,195.8,23,5,3
2022-03-20 00:00:00,1,31.3,0,6,3
2022-03-20 01:00:00,2,127.6,1,6,3
2022-03-20 02:00:00,0,0.0,2,6,3
2022-03-20 03:00:00,1,80.0,3,6,3
2022-03-20 04:00:00,2,84.7,4,6,3
2022-03-20 05:00:00,1,34.2,5,6,3
2022-03-20 06:00:00,2,142.9,6,6,3
2022-03-20 07:00:00,0,0.0,7,6,3
2022-03-20 08:00:00,3,152.4,8,6,3
2022-03-20 09:00:00,6,340.1,9,6,3
2022-03-20 10:00:00,9,441.2,10,6,3
2022-03-20 11:00:00,2,101.9,11,6,3
2022-03-20 12:00:00,9,515.8,12,6,3
2022-03-20 13:00:00,6,273.7,13,6,3
2022-03-20 14:00:00,5,249.5,14,6,3
2022-03-20 15:00:00,9,415.7,15,6,3
2022-03-20 16:00:00,7,322.0,16,6,3
2022-03-20 17:00:00,5,225.9,17,6,3
2022-03-20 18:00:00,3,207.3,18,6,3
2022-03-20 19:00:00,4,211.2,19,6,3
2022-03-20 20:00:00,1,62.1,20,6,3
2022-03-20 21:00:00,1,48.5,21,6,3
2022-03-20 22:00:00,1,36.6,22,6,3
2022-03-20 23:00:00,2,135.5,23,6,3
2022-03-21 00:00:00,1,28.2,0,0,3
2022-03-21 01:00:00,0,0.0,1,0,3
2022-03-21 02:00:00,1,39.7,2,0,3
2022-03-21 03:00:00,1,49.8,3,0,3
2022-03-21 04:00:00,1,47.4,4,0,3
2022-03-21 05:00:00,2,117.7,5,0,3
2022-03-21 06:00:00,3,109.6,6,0,3
2022-03-21 07:00:00,3,161.0,7,0,3
2022-03-21 08:00:00,6,292.9,8,0,3
2022-03-21 09:00:00,4,145.4,9,0,3
2022-03-21 10:00:00,8,399.3,10,0,3
2022-03-21 11:00:00,11,489.3,11,0,3
2022-03-21 12:00:00,10,466.4,12,0,3
2022-03-21 13:00:00,10,473.7,13,0,3
2022-03-21 14:00:00,12,543.7,14,0,3
2022-03-21 15:00:00,8,355.4,15,0,3
2022-03-21 16:00:00,6,264.6,16,0,3
2022-03-21 17:00:00,5,295.8,17,0,3
2022-03-21 18:00:00,6,275.7,18,0,3
2022-03-21 19:00:00,3,159.7,19,0,3
2022-03-21 20:00:00,5,266.4,20,0,3
2022-03-21 21:00:00,1,79.2,21,0,3
2022-03-21 22:00:00,0,0.0,22,0,3
2022-03-21 23:00:00,1,26.4,23,0,3
2022-03-22 00:00:00,0,0.0,0,1,3
2022-03-22 01:00:00,2,82.8,1,1,3
2022-03-22 02:00:00,0,0.0,2,1,3
2022-03-22 03:00:00,1,28.2,3,1,3
2022-03-22 04:00:00,2,69.2,4,1,3
2022-03-22 05:00:00,5,258.2,5,1,3
2022-03-22 06:00:00,6,317.8,6,1,3
2022-03-22 07:00:00,1,33.6,7,1,3
2022-03-22 08:00:00,8,409.9,8,1,3
2022-03-22 09:00:00,4,218.2,9,1,3
2022-03-22 10:00:00,12,740.3,10,1,3
2022-03-22 11:00:00,10,384.3,11,1,3
2022-03-22 12:00:00,6,371.5,12,1,3
2022-03-22 13:00:00,10,502.8,13,1,3
2022-03-22 14:00:00,13,680.5,14,1,3
2022-03-22 15:00:00,9,502.9,15,1,3
2022-03-22 16:00:00,5,186.4,16,1,3
2022-03-22 17:00:00,5,240.9,17,1,3
2022-03-22 18:00:00,2,101.8,18,1,3
2022-03-22 19:00:00,3,144.6,19,1,3
2022-03-22 20:00:00,5,285.1,20,1,3
2022-03-22 21:00:00,3,152.2,21,1,3
2022-03-22 22:00:00,2,80.7,22,1,3
2022-03-22 23:00:00,1,80.0,23,1,3
2022-03-23 00:00:00,1,52.5,0,2,3
2022-03-23 01:00:00,3,152.8,1,2,3
2022-03-23 02:00:00,1,29.4,2,2,3
2022-03-23 03:00:00,2,117.2,3,2,3
2022-03-23 04:00:00,0,0.0,4,2,3
2022-03-23 05:00:00,1,45.8,5,2,3
2022-03-23 06:00:00,6,370.0,6,2,3
2022-03-23 07:00:00,2,59.7,7,2,3
2022-03-23 08:00:00,7,317.2,8,2,3
2022-03-23 09:00:00,9,410.4,9,2,3
2022-03-23 10:00:00,10,376.5,10,2,3
2022-03-23 11:00:00,11,548.6,11,2,3
2022-03-23 12:00:00,11,471.8,12,2,3
2022-03-23 13:00:00,9,434.29999999999995,13,2,3
2022-03-23 14:00:00,9,472.9,14,2,3
2022-03-23 15:00:00,6,230.1,15,2,3
2022-03-23 16:00:00,5,245.29999999999998,16,2,3
2022-03-23 17:00:00,2,99.5,17,2,3
2022-03-23 18:00:00,9,412.4,18,2,3
2022-03-23 19:00:00,5,191.6,19,2,3
2022-03-23 20:00:00,4,178.39999999999998,20,2,3
2022-03-23 21:00:00,1,50.3,21,2,3
2022-03-23 22:00:00,2,101.9,22,2,3
2022-03-23 23:00:00,3,133.5,23,2,3
2022-03-24 00:00:00,1,30.8,0,3,3
2022-03-24 01:00:00,0,0.0,1,3,3
2022-03-24 02:00:00,1,44.2,2,3,3
2022-03-24 03:00:00,1,38.5,3,3,3
2022-03-24 04:00:00,1,80.0,4,3,3
2022-03-24 05:00:00,2,64.9,5,3,3
2022-03-24 06:00:00,2,94.69999999999999,6,3,3
2022-03-24 07:00:00,9,524.8000000000001,7,3,3
2022-03-24 08:00:00,6,284.9,8,3,3
2022-03-24 09:00:00,8,302.3,9,3,3
2022-03-24 10:00:00,9,535.8,10,3,3
2022-03-24 11:00:00,10,622.7,11,3,3
2022-03-24 12:00:00,8,472.7,12,3,3
2022-03-24 13:00:00,12,580.4,13,3,3
2022-03-24 14:00:00,15,917.6,14,3,3
2022-03-24 15:00:00,10,504.6,15,3,3
2022-03-24 16:00:00,6,386.4,16,3,3
2022-03-24 17:00:00,1,50.9,17,3,3
2022-03-24 18:00:00,9,523.5,18,3,3
2022-03-24 19:00:00,4,211.0,19,3,3
2022-03-24 20:00:00,3,171.5,20,3,3
2022-03-24 21:00:00,2,87.6,21,3,3
2022-03-24 22:00:00,0,0.0,22,3,3
2022-03-24 23:00:00,0,0.0,23,3,3
2022-03-25 00:00:00,1,50.3,0,4,3
2022-03-25 01:00:00,2,147.4,1,4,3
2022-03-25 02:00:00,1,62.5,2,4,3
2022-03-25 03:00:00,0,0.0,3,4,3
2022-03-25 04:00:00,0,0.0,4,4,3
2022-03-25 05:00:00,4,252.3,5,4,3
2022-03-25 06:00:00,2,78.19999999999999,6,4,3
2022-03-25 07:00:00,8,366.8,7,4,3
2022-03-25 08:00:00,7,314.4,8,4,3
2022-03-25 09:00:00,8,491.5,9,4,3
2022-03-25 10:00:00,15,819.0,10,4,3
2022-03-25 11:00:00,13,656.0,11,4,3
2022-03-25 12:00:00,15,786.4,12,4,3
2022-03-25 13:00:00,7,309.0,13,4,3
2022-03-25 14:00:00,7,351.7,14,4,3
2022-03-25 15:00:00,6,253.0,15,4,3
2022-03-25 16:00:00,8,404.1,16,4,3
2022-03-25 17:00:00,10,452.1,17,4,3
2022-03-25 18:00:00,5,230.5,18,4,3
2022-03-25 19:00:00,1,79.6,19,4,3
2022-03-25 20:00:00,5,223.7,20,4,3
2022-03-25 21:00:00,0,0.0,21,4,3
2022-03-25 22:00:00,1,80.0,22,4,3
2022-03-25 23:00:00,2,101.0,23,4,3
2022-03-26 00:00:00,2,101.1,0,5,3
2022-03-26 01:00:00,2,160.0,1,5,3
2022-03-26 02:00:00,1,34.7,2,5,3
2022-03-26 03:00:00,1,31.3,3,5,3
2022-03-26 04:00:00,3,169.5,4,5,3
2022-03-26 05:00:00,4,162.9,5,5,3
2022-03-26 06:00:00,3,150.60000000000002,6,5,3
2022-03-26 07:00:00,3,130.0,7,5,3
2022-03-26 08:00:00,6,335.9,8,5,3
2022-03-26 09:00:00,4,191.2,9,5,3
2022-03-26 10:00:00,6,349.7,10,5,3
2022-03-26 11:00:00,9,473.7,11,5,3
2022-03-26 12:00:00,3,154.7,12,5,3
2022-03-26 13:00:00,3,139.6,13,5,3
2022-03-26 14:00:00,5,235.4,14,5,3
2022-03-26 15:00:00,5,236.7,15,5,3
2022-03-26 16:00:00,4,185.2,16,5,3
2022-03-26 17:00:00,8,485.3,17,5,3
2022-03-26 18:00:00,3,109.7,18,5,3
2022-03-26 19:00:00,5,212.9,19,5,3
2022-03-26 20:00:00,6,307.5,20,5,3
2022-03-26 21:00:00,1,38.8,21,5,3
2022-03-26 22:00:00,0,0.0,22,5,3
2022-03-26 23:00:00,1,50.8,23,5,3
2022-03-27 00:00:00,2,87.1,0,6,3
2022-03-27 01:00:00,0,0.0,1,6,3
2022-03-27 02:00:00,1,80.0,2,6,3
2022-03-27 03:00:00,0,0.0,3,6,3
2022-03-27 04:00:00,1,36.9,4,6,3
2022-03-27 05:00:00,3,157.0,5,6,3
2022-03-27 06:00:00,3,115.89999999999999,6,6,3
2022-03-27 07:00:00,6,259.5,7,6,3
2022-03-27 08:00:00,3,164.8,8,6,3
2022-03-27 09:00:00,7,396.5,9,6,3
2022-03-27 10:00:00,10,502.09999999999997,10,6,3
2022-03-27 11:00:00,5,282.6,11,6,3
2022-03-27 12:00:00,11,471.79999999999995,12,6,3
2022-03-27 13:00:00,7,271.5,13,6,3
2022-03-27 14:00:00,6,272.6,14,6,3
2022-03-27 15:00:00,3,167.7,15,6,3
2022-03-27 16:00:00,6,305.2,16,6,3
2022-03-27 17:00:00,8,426.6,17,6,3
2022-03-27 18:00:00,7,406.6,18,6,3
2022-03-27 19:00:00,5,205.5,19,6,3
2022-03-27 20:00:00,2,67.0,20,6,3
2022-03-27 21:00:00,1,39.7,21,6,3
2022-03-27 22:00:00,0,0.0,22,6,3
2022-03-27 23:00:00,0,0.0,23,6,3
2022-03-28 00:00:00,1,30.1,0,0,3
2022-03-28 01:00:00,1,35.2,1,0,3
2022-03-28 02:00:00,1,33.4,2,0,3
2022-03-28 03:00:00,1,36.9,3,0,3
2022-03-28 04:00:00,1,56.9,4,0,3
2022-03-28 05:00:00,3,193.1,5,0,3
2022-03-28 06:00:00,2,89.0,6,0,3
2022-03-28 07:00:00,8,330.5,7,0,3
2022-03-28 08:00:00,3,181.8,8,0,3
2022-03-28 09:00:00,9,399.0,9,0,3
2022-03-28 10:00:00,7,379.2,10,0,3
2022-03-28 11:00:00,9,483.59999999999997,11,0,3
2022-03-28 12:00:00,20,998.0,12,0,3
2022-03-28 13:00:00,12,637.6,13,0,3
2022-03-28 14:00:00,11,587.0,14,0,3
2022-03-28 15:00:00,10,542.2,15,0,3
2022-03-28 16:00:00,5,268.5,16,0,3
2022-03-28 17:00:00,4,158.2,17,0,3
2022-03-28 18:00:00,4,192.29999999999998,18,0,3
2022-03-28 19:00:00,6,218.3,19,0,3
2022-03-28 20:00:00,3,171.89999999999998,20,0,3
2022-03-28 21:00:00,2,116.6,21,0,3
2022-03-28 22:00:00,2,122.8,22,0,3
2022-03-28 23:00:00,2,112.0,23,0,3
2022-03-29 00:00:00,1,65.3,0,1,3
2022-03-29 01:00:00,0,0.0,1,1,3
2022-03-29 02:00:00,0,0.0,2,1,3
2022-03-29 03:00:00,1,34.4,3,1,3
2022-03-29 04:00:00,3,116.2,4,1,3
2022-03-29 05:00:00,3,118.7,5,1,3
2022-03-29 06:00:00,3,188.4,6,1,3
2022-03-29 07:00:00,3,163.4,7,1,3
2022-03-29 08:00:00,13,668.9,8,1,3
2022-03-29 09:00:00,7,278.0,9,1,3
2022-03-29 10:00:00,13,680.6,10,1,3
2022-03-29 11:00:00,9,381.2,11,1,3
2022-03-29 12:00:00,10,537.2,12,1,3
2022-03-29 13:00:00,12,535.8,13,1,3
2022-03-29 14:00:00,8,334.7,14,1,3
2022-03-29 15:00:00,6,335.1,15,1,3
2022-03-29 16:00:00,8,396.5,16,1,3
2022-03-29 17:00:00,11,578.0,17,1,3
2022-03-29 18:00:00,6,273.3,18,1,3
2022-03-29 19:00:00,2,87.4,19,1,3
2022-03-29 20:00:00,2,101.1,20,1,3
2022-03-29 21:00:00,3,234.3,21,1,3
2022-03-29 22:00:00,0,0.0,22,1,3
2022-03-29 23:00:00,2,68.8,23,1,3
2022-03-30 00:00:00,4,185.5,0,2,3
2022-03-30 01:00:00,1,36.6,1,2,3
2022-03-30 02:00:00,1,80.0,2,2,3
2022-03-30 03:00:00,2,61.6,3,2,3
2022-03-30 04:00:00,1,80.0,4,2,3
2022-03-30 05:00:00,1,33.9,5,2,3
2022-03-30 06:00:00,7,383.0,6,2,3
2022-03-30 07:00:00,4,248.1,7,2,3
2022-03-30 08:00:00,7,246.6,8,2,3
2022-03-30 09:00:00,12,512.2,9,2,3
2022-03-30 10:00:00,7,444.5,10,2,3
2022-03-30 11:00:00,10,418.9,11,2,3
2022-03-30 12:00:00,4,216.4,12,2,3
2022-03-30 13:00:00,9,481.6,13,2,3
2022-03-30 14:00:00,14,722.0,14,2,3
2022-03-30 15:00:00,7,396.4,15,2,3
2022-03-30 16:00:00,4,185.6,16,2,3
2022-03-30 17:00:00,4,177.5,17,2,3
2022-03-30 18:00:00,5,213.5,18,2,3
2022-03-30 19:00:00,3,147.3,19,2,3
2022-03-30 20:00:00,1,77.7,20,2,3
2022-03-30 21:00:00,1,32.8,21,2,3
2022-03-30 22:00:00,0,0.0,22,2,3
2022-03-30 23:00:00,1,80.0,23,2,3
2022-03-31 00:00:00,1,28.4,0,3,3
2022-03-31 01:00:00,1,77.6,1,3,3
2022-03-31 02:00:00,2,91.4,2,3,3
2022-03-31 03:00:00,1,31.8,3,3,3
2022-03-31 04:00:00,2,109.4,4,3,3
2022-03-31 05:00:00,1,75.7,5,3,3
2022-03-31 06:00:00,3,119.1,6,3,3
2022-03-31 07:00:00,3,165.1,7,3,3
2022-03-31 08:00:00,6,353.7,8,3,3
2022-03-31 09:00:00,8,348.1,9,3,3
2022-03-31 10:00:00,5,313.0,10,3,3
2022-03-31 11:00:00,7,285.9,11,3,3
2022-03-31 12:00:00,6,259.1,12,3,3
2022-03-31 13:00:00,14,829.2,13,3,3
2022-03-31 14:00:00,3,162.9,14,3,3
2022-03-31 15:00:00,9,350.9,15,3,3
2022-03-31 16:00:00,5,265.7,16,3,3
2022-03-31 17:00:00,8,389.8,17,3,3
2022-03-31 18:00:00,2,82.80000000000001,18,3,3
2022-03-31 19:00:00,2,110.4,19,3,3
2022-03-31 20:00:00,3,154.0,20,3,3
2022-03-31 21:00:00,4,163.2,21,3,3
2022-03-31 22:00:00,1,43.0,22,3,3
2022-03-31 23:00:00,0,0.0,23,3,3
2022-04-01 00:00:00,0,0.0,0,4,4
2022-04-01 01:00:00,0,0.0,1,4,4
2022-04-01 02:00:00,1,28.3,2,4,4
2022-04-01 03:00:00,1,32.5,3,4,4
2022-04-01 04:00:00,1,45.6,4,4,4
2022-04-01 05:00:00,0,0.0,5,4,4
2022-04-01 06:00:00,5,273.6,6,4,4
2022-04-01 07:00:00,3,137.9,7,4,4
2022-04-01 08:00:00,10,411.5,8,4,4
2022-04-01 09:00:00,5,231.5,9,4,4
2022-04-01 10:00:00,9,451.9,10,4,4
2022-04-01 11:00:00,11,578.4,11,4,4
2022-04-01 12:00:00,12,620.9,12,4,4
2022-04-01 13:00:00,17,770.5,13,4,4
2022-04-01 14:00:00,5,242.1,14,4,4
2022-04-01 15:00:00,10,605.9,15,4,4
2022-04-01 16:00:00,6,340.7,16,4,4
2022-04-01 17:00:00,7,347.09999999999997,17,4,4
2022-04-01 18:00:00,4,143.6,18,4,4
2022-04-01 19:00:00,0,0.0,19,4,4
2022-04-01 20:00:00,0,0.0,20,4,4
2022-04-01 21:00:00,3,117.3,21,4,4
2022-04-01 22:00:00,1,31.5,22,4,4
2022-04-01 23:00:00,2,76.0,23,4,4
2022-04-02 00:00:00,1,35.8,0,5,4
2022-04-02 01:00:00,1,33.0,1,5,4
2022-04-02 02:00:00,1,29.8,2,5,4
2022-04-02 03:00:00,0,0.0,3,5,4
2022-04-02 04:00:00,2,113.8,4,5,4
2022-04-02 05:00:00,0,0.0,5,5,4
2022-04-02 06:00:00,3,161.5,6,5,4
2022-04-02 07:00:00,4,242.4,7,5,4
2022-04-02 08:00:00,4,214.8,8,5,4
2022-04-02 09:00:00,9,379.3,9,5,4
2022-04-02 10:00:00,10,523.4,10,5,4
2022-04-02 11:00:00,9,465.3,11,5,4
2022-04-02 12:00:00,9,504.4,12,5,4
2022-04-02 13:00:00,7,374.7,13,5,4
2022-04-02 14:00:00,5,276.4,14,5,4
2022-04-02 15:00:00,7,377.6,15,5,4
2022-04-02 16:00:00,2,76.8,16,5,4
2022-04-02 17:00:00,3,171.0,17,5,4
2022-04-02 18:00:00,4,160.3,18,5,4
2022-04-02 19:00:00,2,155.2,19,5,4
2022-04-02 20:00:00,2,128.0,20,5,4
2022-04-02 21:00:00,1,28.7,21,5,4
2022-04-02 22:00:00,3,142.2,22,5,4
2022-04-02 23:00:00,0,0.0,23,5,4
2022-04-03 00:00:00,2,60.2,0,6,4
2022-04-03 01:00:00,1,33.7,1,6,4
2022-04-03 02:00:00,1,36.0,2,6,4
2022-04-03 03:00:00,2,117.1,3,6,4
2022-04-03 04:00:00,0,0.0,4,6,4
2022-04-03 05:00:00,1,80.0,5,6,4
2022-04-03 06:00:00,0,0.0,6,6,4
2022-04-03 07:00:00,4,186.6,7,6,4
2022-04-03 08:00:00,5,234.8,8,6,4
2022-04-03 09:00:00,6,268.7,9,6,4
2022-04-03 10:00:00,13,625.6,10,6,4
2022-04-03 11:00:00,10,574.5,11,6,4
2022-04-03 12:00:00,5,232.60000000000002,12,6,4
2022-04-03 13:00:00,4,195.0,13,6,4
2022-04-03 14:00:00,9,400.5,14,6,4
2022-04-03 15:00:00,8,290.3,15,6,4
2022-04-03 16:00:00,3,199.89999999999998,16,6,4
2022-04-03 17:00:00,6,303.7,17,6,4
2022-04-03 18:00:00,5,261.4,18,6,4
2022-04-03 19:00:00,5,183.5,19,6,4
2022-04-03 20:00:00,4,215.3,20,6,4
2022-04-03 21:00:00,2,65.9,21,6,4
2022-04-03 22:00:00,1,30.3,22,6,4
2022-04-03 23:00:00,0,0.0,23,6,4
2022-04-04 00:00:00,1,54.2,0,0,4
2022-04-04 01:00:00,0,0.0,1,0,4
2022-04-04 02:00:00,0,0.0,2,0,4
2022-04-04 03:00:00,2,109.2,3,0,4
2022-04-04 04:00:00,2,94.7,4,0,4
2022-04-04 05:00:00,1,32.3,5,0,4
2022-04-04 06:00:00,5,214.8,6,0,4
2022-04-04 07:00:00,6,276.1,7,0,4
2022-04-04 08:00:00,6,338.0,8,0,4
2022-04-04 09:00:00,10,434.1,9,0,4
2022-04-04 10:00:00,11,565.1,10,0,4
2022-04-04 11:00:00,10,560.2,11,0,4
2022-04-04 12:00:00,8,348.5,12,0,4
2022-04-04 13:00:00,5,237.8,13,0,4
2022-04-04 14:00:00,12,592.1,14,0,4
2022-04-04 15:00:00,13,603.8,15,0,4
2022-04-04 16:00:00,8,362.2,16,0,4
2022-04-04 17:00:00,2,123.9,17,0,4
2022-04-04 18:00:00,5,293.8,18,0,4
2022-04-04 19:00:00,5,274.6,19,0,4
2022-04-04 20:00:00,3,147.7,20,0,4
2022-04-04 21:00:00,4,172.4,21,0,4
2022-04-04 22:00:00,1,38.0,22,0,4
2022-04-04 23:00:00,2,62.8,23,0,4
2022-04-05 00:00:00,0,0.0,0,1,4
2022-04-05 01:00:00,1,58.5,1,1,4
2022-04-05 02:00:00,0,0.0,2,1,4
2022-04-05 03:00:00,2,120.4,3,1,4
2022-04-05 04:00:00,1,42.4,4,1,4
2022-04-05 05:00:00,4,214.6,5,1,4
2022-04-05 06:00:00,3,128.6,6,1,4
2022-04-05 07:00:00,3,115.7,7,1,4
2022-04-05 08:00:00,4,260.6,8,1,4
2022-04-05 09:00:00,4,203.39999999999998,9,1,4
2022-04-05 10:00:00,10,495.6,10,1,4
2022-04-05 11:00:00,11,530.0,11,1,4
2022-04-05 12:00:00,10,504.9,12,1,4
2022-04-05 13:00:00,11,576.0,13,1,4
2022-04-05 14:00:00,16,729.2,14,1,4
2022-04-05 15:00:00,10,473.3,15,1,4
2022-04-05 16:00:00,6,217.6,16,1,4
2022-04-05 17:00:00,5,237.2,17,1,4
2022-04-05 18:00:00,10,506.0,18,1,4
2022-04-05 19:00:00,4,183.8,19,1,4
2022-04-05 20:00:00,4,175.2,20,1,4
2022-04-05 21:00:00,0,0.0,21,1,4
2022-04-05 22:00:00,2,108.3,22,1,4
2022-04-05 23:00:00,2,147.0,23,1,4
2022-04-06 00:00:00,0,0.0,0,2,4
2022-04-06 01:00:00,2,132.8,1,2,4
2022-04-06 02:00:00,1,36.2,2,2,4
2022-04-06 03:00:00,2,104.69999999999999,3,2,4
2022-04-06 04:00:00,2,125.1,4,2,4
2022-04-06 05:00:00,5,282.1,5,2,4
2022-04-06 06:00:00,1,38.0,6,2,4
2022-04-06 07:00:00,6,259.3,7,2,4
2022-04-06 08:00:00,7,400.2,8,2,4
2022-04-06 09:00:00,12,573.5,9,2,4
2022-04-06 10:00:00,9,460.20000000000005,10,2,4
2022-04-06 11:00:00,8,363.0,11,2,4
2022-04-06 12:00:00,12,576.7,12,2,4
2022-04-06 13:00:00,12,630.6,13,2,4
2022-04-06 14:00:00,9,447.7,14,2,4
2022-04-06 15:00:00,9,375.1,15,2,4
2022-04-06 16:00:00,11,497.0,16,2,4
2022-04-06 17:00:00,3,164.0,17,2,4
2022-04-06 18:00:00,8,438.3,18,2,4
2022-04-06 19:00:00,6,285.2,19,2,4
2022-04-06 20:00:00,4,215.2,20,2,4
2022-04-06 21:00:00,2,82.1,21,2,4
2022-04-06 22:00:00,0,0.0,22,2,4
2022-04-06 23:00:00,1,42.7,23,2,4
2022-04-07 00:00:00,2,136.2,0,3,4
2022-04-07 01:00:00,0,0.0,1,3,4
2022-04-07 02:00:00,1,33.5,2,3,4
2022-04-07 03:00:00,0,0.0,3,3,4
2022-04-07 04:00:00,2,124.8,4,3,4
2022-04-07 05:00:00,1,51.7,5,3,4
2022-04-07 06:00:00,7,366.0,6,3,4
2022-04-07 07:00:00,6,274.6,7,3,4
2022-04-07 08:00:00,5,212.4,8,3,4
2022-04-07 09:00:00,8,434.9,9,3,4
2022-04-07 10:00:00,8,399.4,10,3,4
2022-04-07 11:00:00,10,534.5,11,3,4
2022-04-07 12:00:00,8,357.0,12,3,4
2022-04-07 13:00:00,6,258.9,13,3,4
2022-04-07 14:00:00,9,452.1,14,3,4
2022-04-07 15:00:00,11,476.1,15,3,4
2022-04-07 16:00:00,6,250.4,16,3,4
2022-04-07 17:00:00,6,301.2,17,3,4
2022-04-07 18:00:00,7,307.1,18,3,4
2022-04-07 19:00:00,5,200.8,19,3,4
2022-04-07 20:00:00,3,142.6,20,3,4
2022-04-07 21:00:00,1,74.6,21,3,4
2022-04-07 22:00:00,0,0.0,22,3,4
2022-04-07 23:00:00,1,78.6,23,3,4
2022-04-08 00:00:00,1,32.4,0,4,4
2022-04-08 01:00:00,1,49.4,1,4,4
2022-04-08 02:00:00,1,34.5,2,4,4
2022-04-08 03:00:00,0,0.0,3,4,4
2022-04-08 04:00:00,2,128.7,4,4,4
2022-04-08 05:00:00,2,101.19999999999999,5,4,4
2022-04-08 06:00:00,6,299.4,6,4,4
2022-04-08 07:00:00,4,217.6,7,4,4
2022-04-08 08:00:00,5,231.6,8,4,4
2022-04-08 09:00:00,8,386.1,9,4,4
2022-04-08 10:00:00,11,537.7,10,4,4
2022-04-08 11:00:00,9,434.6,11,4,4
2022-04-08 12:00:00,8,371.8,12,4,4
2022-04-08 13:00:00,10,499.5,13,4,4
2022-04-08 14:00:00,12,589.0,14,4,4
2022-04-08 15:00:00,12,579.0,15,4,4
2022-04-08 16:00:00,7,283.1,16,4,4
2022-04-08 17:00:00,6,368.2,17,4,4
2022-04-08 18:00:00,2,116.19999999999999,18,4,4
2022-04-08 19:00:00,4,181.5,19,4,4
2022-04-08 20:00:00,2,79.3,20,4,4
2022-04-08 21:00:00,3,129.9,21,4,4
2022-04-08 22:00:00,4,207.3,22,4,4
2022-04-08 23:00:00,1,33.1,23,4,4
2022-04-09 00:00:00,2,111.6,0,5,4
2022-04-09 01:00:00,3,162.7,1,5,4
2022-04-09 02:00:00,1,52.5,2,5,4
2022-04-09 03:00:00,2,160.0,3,5,4
2022-04-09 04:00:00,1,30.8,4,5,4
2022-04-09 05:00:00,5,205.2,5,5,4
2022-04-09 06:00:00,2,96.3,6,5,4
2022-04-09 07:00:00,1,77.7,7,5,4
2022-04-09 08:00:00,4,208.5,8,5,4
2022-04-09 09:00:00,6,275.1,9,5,4
2022-04-09 10:00:00,8,389.7,10,5,4
2022-04-09 11:00:00,5,224.5,11,5,4
2022-04-09 12:00:00,5,298.9,12,5,4
2022-04-09 13:00:00,6,278.09999999999997,13,5,4
2022-04-09 14:00:00,8,388.4,14,5,4
2022-04-09 15:00:00,7,370.7,15,5,4
2022-04-09 16:00:00,10,451.0,16,5,4
2022-04-09 17:00:00,4,210.7,17,5,4
2022-04-09 18:00:00,3,119.1,18,5,4
2022-04-09 19:00:00,2,74.7,19,5,4
2022-04-09 20:00:00,0,0.0,20,5,4
2022-04-09 21:00:00,2,132.8,21,5,4
2022-04-09 22:00:00,2,154.7,22,5,4
2022-04-09 23:00:00,0,0.0,23,5,4
2022-04-10 00:00:00,1,49.3,0,6,4
2022-04-10 01:00:00,1,80.0,1,6,4
2022-04-10 02:00:00,3,108.0,2,6,4
2022-04-10 03:00:00,0,0.0,3,6,4
2022-04-10 04:00:00,1,30.5,4,6,4
2022-04-10 05:00:00,2,106.4,5,6,4
2022-04-10 06:00:00,0,0.0,6,6,4
2022-04-10 07:00:00,3,146.7,7,6,4
2022-04-10 08:00:00,6,271.7,8,6,4
2022-04-10 09:00:00,9,523.3,9,6,4
2022-04-10 10:00:00,12,595.9,10,6,4
2022-04-10 11:00:00,8,426.7,11,6,4
2022-04-10 12:00:00,9,486.5,12,6,4
2022-04-10 13:00:00,9,434.4,13,6,4
2022-04-10 14:00:00,12,600.1,14,6,4
2022-04-10 15:00:00,7,390.8,15,6,4
2022-04-10 16:00:00,3,122.30000000000001,16,6,4
2022-04-10 17:00:00,5,296.5,17,6,4
2022-04-10 18:00:00,7,343.4,18,6,4
2022-04-10 19:00:00,2,95.0,19,6,4
2022-04-10 20:00:00,1,47.5,20,6,4
2022-04-10 21:00:00,1,39.6,21,6,4
2022-04-10 22:00:00,1,30.3,22,6,4
2022-04-10 23:00:00,0,0.0,23,6,4
2022-04-11 00:00:00,1,50.6,0,0,4
2022-04-11 01:00:00,1,48.8,1,0,4
2022-04-11 02:00:00,2,81.4,2,0,4
2022-04-11 03:00:00,0,0.0,3,0,4
2022-04-11 04:00:00,1,80.0,4,0,4
2022-04-11 05:00:00,1,44.6,5,0,4
2022-04-11 06:00:00,5,238.6,6,0,4
2022-04-11 07:00:00,2,111.4,7,0,4
2022-04-11 08:00:00,13,713.1,8,0,4
2022-04-11 09:00:00,10,405.9,9,0,4
2022-04-11 10:00:00,7,370.8,10,0,4
2022-04-11 11:00:00,9,406.2,11,0,4
2022-04-11 12:00:00,9,442.1,12,0,4
2022-04-11 13:00:00,6,360.4,13,0,4
2022-04-11 14:00:00,10,472.7,14,0,4
2022-04-11 15:00:00,5,226.9,15,0,4
2022-04-11 16:00:00,5,180.6,16,0,4
2022-04-11 17:00:00,1,47.8,17,0,4
2022-04-11 18:00:00,4,165.7,18,0,4
2022-04-11 19:00:00,7,381.9,19,0,4
2022-04-11 20:00:00,2,80.80000000000001,20,0,4
2022-04-11 21:00:00,3,148.6,21,0,4
2022-04-11 22:00:00,1,77.8,22,0,4
2022-04-11 23:00:00,0,0.0,23,0,4
2022-04-12 00:00:00,0,0.0,0,1,4
2022-04-12 01:00:00,2,103.69999999999999,1,1,4
2022-04-12 02:00:00,1,36.7,2,1,4
2022-04-12 03:00:00,0,0.0,3,1,4
2022-04-12 04:00:00,2,64.4,4,1,4
2022-04-12 05:00:00,1,29.6,5,1,4
2022-04-12 06:00:00,3,127.9,6,1,4
2022-04-12 07:00:00,3,125.4,7,1,4
2022-04-12 08:00:00,9,362.3,8,1,4
2022-04-12 09:00:00,5,261.4,9,1,4
2022-04-12 10:00:00,6,352.7,10,1,4
2022-04-12 11:00:00,10,472.5,11,1,4
2022-04-12 12:00:00,7,379.3,12,1,4
2022-04-12 13:00:00,6,207.1,13,1,4
2022-04-12 14:00:00,15,839.7,14,1,4
2022-04-12 15:00:00,11,507.0,15,1,4
2022-04-12 16:00:00,11,473.9,16,1,4
2022-04-12 17:00:00,13,596.7,17,1,4
2022-04-12 18:00:00,6,342.9,18,1,4
2022-04-12 19:00:00,9,504.6,19,1,4
2022-04-12 20:00:00,7,255.10000000000002,20,1,4
2022-04-12 21:00:00,2,109.3,21,1,4
2022-04-12 22:00:00,0,0.0,22,1,4
2022-04-12 23:00:00,0,0.0,23,1,4
2022-04-13 00:00:00,1,36.7,0,2,4
2022-04-13 01:00:00,1,55.9,1,2,4
2022-04-13 02:00:00,1,53.9,2,2,4
2022-04-13 03:00:00,1,31.1,3,2,4
2022-04-13 04:00:00,1,28.5,4,2,4
2022-04-13 05:00:00,2,131.0,5,2,4
2022-04-13 06:00:00,1,33.8,6,2,4
2022-04-13 07:00:00,10,468.1,7,2,4
2022-04-13 08:00:00,8,449.5,8,2,4
2022-04-13 09:00:00,12,494.3,9,2,4
2022-04-13 10:00:00,10,444.2,10,2,4
2022-04-13 11:00:00,10,483.4,11,2,4
2022-04-13 12:00:00,10,409.0,12,2,4
2022-04-13 13:00:00,5,257.6,13,2,4
2022-04-13 14:00:00,8,407.4,14,2,4
2022-04-13 15:00:00,6,331.3,15,2,4
2022-04-13 16:00:00,12,527.2,16,2,4
2022-04-13 17:00:00,7,347.7,17,2,4
2022-04-13 18:00:00,2,107.80000000000001,18,2,4
2022-04-13 19:00:00,6,400.3,19,2,4
2022-04-13 20:00:00,4,228.3,20,2,4
2022-04-13 21:00:00,2,84.6,21,2,4
2022-04-13 22:00:00,0,0.0,22,2,4
2022-04-13 23:00:00,1,80.0,23,2,4
2022-04-14 00:00:00,2,128.60000000000002,0,3,4
2022-04-14 01:00:00,0,0.0,1,3,4
2022-04-14 02:00:00,1,78.4,2,3,4
2022-04-14 03:00:00,1,25.4,3,3,4
2022-04-14 04:00:00,1,31.4,4,3,4
2022-04-14 05:00:00,3,166.4,5,3,4
2022-04-14 06:00:00,5,240.0,6,3,4
2022-04-14 07:00:00,4,153.9,7,3,4
2022-04-14 08:00:00,6,364.6,8,3,4
2022-04-14 09:00:00,12,574.6,9,3,4
2022-04-14 10:00:00,4,239.2,10,3,4
2022-04-14 11:00:00,17,832.6999999999999,11,3,4
2022-04-14 12:00:00,9,448.9,12,3,4
2022-04-14 13:00:00,7,280.8,13,3,4
2022-04-14 14:00:00,7,357.6,14,3,4
2022-04-14 15:00:00,10,593.4,15,3,4
2022-04-14 16:00:00,10,472.70000000000005,16,3,4
2022-04-14 17:00:00,8,425.3,17,3,4
2022-04-14 18:00:00,3,124.5,18,3,4
2022-04-14 19:00:00,4,248.9,19,3,4
2022-04-14 20:00:00,2,112.8,20,3,4
2022-04-14 21:00:00,1,32.8,21,3,4
2022-04-14 22:00:00,1,28.0,22,3,4
2022-04-14 23:00:00,1,69.9,23,3,4
2022-04-15 00:00:00,2,103.6,0,4,4
2022-04-15 01:00:00,1,32.1,1,4,4
2022-04-15 02:00:00,1,32.3,2,4,4
2022-04-15 03:00:00,0,0.0,3,4,4
2022-04-15 04:00:00,2,106.4,4,4,4
2022-04-15 05:00:00,2,78.9,5,4,4
2022-04-15 06:00:00,4,190.6,6,4,4
2022-04-15 07:00:00,9,452.5,7,4,4
2022-04-15 08:00:00,10,575.7,8,4,4
2022-04-15 09:00:00,3,109.4,9,4,4
2022-04-15 10:00:00,10,480.3,10,4,4
2022-04-15 11:00:00,12,721.6,11,4,4
2022-04-15 12:00:00,7,319.0,12,4,4
2022-04-15 13:00:00,6,301.7,13,4,4
2022-04-15 14:00:00,5,243.7,14,4,4
2022-04-15 15:00:00,11,502.9,15,4,4
2022-04-15 16:00:00,5,243.2,16,4,4
2022-04-15 17:00:00,6,290.8,17,4,4
2022-04-15 18:00:00,3,121.69999999999999,18,4,4
2022-04-15 19:00:00,7,346.0,19,4,4
2022-04-15 20:00:00,2,103.1,20,4,4
2022-04-15 21:00:00,1,50.1,21,4,4
2022-04-15 22:00:00,0,0.0,22,4,4
2022-04-15 23:00:00,1,44.3,23,4,4
2022-04-16 00:00:00,2,101.5,0,5,4
2022-04-16 01:00:00,1,46.4,1,5,4
2022-04-16 02:00:00,0,0.0,2,5,4
2022-04-16 03:00:00,2,66.4,3,5,4
2022-04-16 04:00:00,2,132.7,4,5,4
2022-04-16 05:00:00,4,166.8,5,5,4
2022-04-16 06:00:00,4,222.2,6,5,4
2022-04-16 07:00:00,7,348.1,7,5,4
2022-04-16 08:00:00,3,192.7,8,5,4
2022-04-16 09:00:00,2,131.9,9,5,4
2022-04-16 10:00:00,10,434.3,10,5,4
2022-04-16 11:00:00,10,465.9,11,5,4
2022-04-16 12:00:00,8,375.29999999999995,12,5,4
2022-04-16 13:00:00,5,206.6,13,5,4
2022-04-16 14:00:00,4,169.6,14,5,4
2022-04-16 15:00:00,7,383.09999999999997,15,5,4
2022-04-16 16:00:00,9,447.3,16,5,4
2022-04-16 17:00:00,7,358.4,17,5,4
2022-04-16 18:00:00,6,305.90000000000003,18,5,4
2022-04-16 19:00:00,1,68.3,19,5,4
2022-04-16 20:00:00,4,216.2,20,5,4
2022-04-16 21:00:00,3,120.7,21,5,4
2022-04-16 22:00:00,0,0.0,22,5,4
2022-04-16 23:00:00,1,33.0,23,5,4
2022-04-17 00:00:00,1,32.6,0,6,4
2022-04-17 01:00:00,0,0.0,1,6,4
2022-04-17 02:00:00,0,0.0,2,6,4
2022-04-17 03:00:00,2,96.69999999999999,3,6,4
2022-04-17 04:00:00,0,0.0,4,6,4
2022-04-17 05:00:00,0,0.0,5,6,4
2022-04-17 06:00:00,4,194.9,6,6,4
2022-04-17 07:00:00,1,30.8,7,6,4
2022-04-17 08:00:00,8,374.5,8,6,4
2022-04-17 09:00:00,8,406.5,9,6,4
2022-04-17 10:00:00,7,304.1,10,6,4
2022-04-17 11:00:00,7,366.9,11,6,4
2022-04-17 12:00:00,5,275.6,12,6,4
2022-04-17 13:00:00,10,450.9,13,6,4
2022-04-17 14:00:00,7,266.8,14,6,4
2022-04-17 15:00:00,8,325.7,15,6,4
2022-04-17 16:00:00,7,326.4,16,6,4
2022-04-17 17:00:00,3,123.2,17,6,4
2022-04-17 18:00:00,2,113.6,18,6,4
2022-04-17 19:00:00,2,113.7,19,6,4
2022-04-17 20:00:00,1,46.8,20,6,4
2022-04-17 21:00:00,2,129.5,21,6,4
2022-04-17 22:00:00,2,103.19999999999999,22,6,4
2022-04-17 23:00:00,2,108.4,23,6,4
2022-04-18 00:00:00,1,29.3,0,0,4
2022-04-18 01:00:00,2,132.9,1,0,4
2022-04-18 02:00:00,1,28.9,2,0,4
2022-04-18 03:00:00,0,0.0,3,0,4
2022-04-18 04:00:00,1,50.6,4,0,4
2022-04-18 05:00:00,1,37.8,5,0,4
2022-04-18 06:00:00,3,179.3,6,0,4
2022-04-18 07:00:00,7,291.8,7,0,4
2022-04-18 08:00:00,2,69.6,8,0,4
2022-04-18 09:00:00,10,501.6,9,0,4
2022-04-18 10:00:00,10,447.2,10,0,4
2022-04-18 11:00:00,8,373.4,11,0,4
2022-04-18 12:00:00,11,557.3,12,0,4
2022-04-18 13:00:00,6,271.4,13,0,4
2022-04-18 14:00:00,13,639.0,14,0,4
2022-04-18 15:00:00,10,491.4,15,0,4
2022-04-18 16:00:00,9,597.2,16,0,4
2022-04-18 17:00:00,10,446.2,17,0,4
2022-04-18 18:00:00,7,275.0,18,0,4
2022-04-18 19:00:00,7,406.1,19,0,4
2022-04-18 20:00:00,1,33.1,20,0,4
2022-04-18 21:00:00,3,160.9,21,0,4
2022-04-18 22:00:00,1,29.8,22,0,4
2022-04-18 23:00:00,0,0.0,23,0,4
2022-04-19 00:00:00,2,108.8,0,1,4
2022-04-19 01:00:00,3,124.0,1,1,4
2022-04-19 02:00:00,3,136.3,2,1,4
2022-04-19 03:00:00,1,31.3,3,1,4
2022-04-19 04:00:00,3,154.60000000000002,4,1,4
2022-04-19 05:00:00,1,52.6,5,1,4
2022-04-19 06:00:00,4,217.5,6,1,4
2022-04-19 07:00:00,4,198.89999999999998,7,1,4
2022-04-19 08:00:00,2,150.4,8,1,4
2022-04-19 09:00:00,10,518.4,9,1,4
2022-04-19 10:00:00,9,447.4,10,1,4
2022-04-19 11:00:00,20,916.0,11,1,4
2022-04-19 12:00:00,10,412.8,12,1,4
2022-04-19 13:00:00,10,440.8,13,1,4
2022-04-19 14:00:00,10,469.4,14,1,4
2022-04-19 15:00:00,10,459.1,15,1,4
2022-04-19 16:00:00,8,375.4,16,1,4
2022-04-19 17:00:00,6,276.1,17,1,4
2022-04-19 18:00:00,6,264.4,18,1,4
2022-04-19 19:00:00,4,188.8,19,1,4
2022-04-19 20:00:00,4,244.8,20,1,4
2022-04-19 21:00:00,1,80.0,21,1,4
2022-04-19 22:00:00,0,0.0,22,1,4
2022-04-19 23:00:00,0,0.0,23,1,4
2022-04-20 00:00:00,0,0.0,0,2,4
2022-04-20 01:00:00,3,126.4,1,2,4
2022-04-20 02:00:00,0,0.0,2,2,4
2022-04-20 03:00:00,1,72.4,3,2,4
2022-04-20 04:00:00,2,92.5,4,2,4
2022-04-20 05:00:00,2,124.6,5,2,4
2022-04-20 06:00:00,3,118.2,6,2,4
2022-04-20 07:00:00,3,156.4,7,2,4
2022-04-20 08:00:00,6,271.5,8,2,4
2022-04-20 09:00:00,7,319.7,9,2,4
2022-04-20 10:00:00,11,548.4,10,2,4
2022-04-20 11:00:00,7,323.2,11,2,4
2022-04-20 12:00:00,15,750.9,12,2,4
2022-04-20 13:00:00,17,835.1,13,2,4
2022-04-20 14:00:00,11,476.3,14,2,4
2022-04-20 15:00:00,8,446.0,15,2,4
2022-04-20 16:00:00,9,384.4,16,2,4
2022-04-20 17:00:00,8,348.5,17,2,4
2022-04-20 18:00:00,2,108.89999999999999,18,2,4
2022-04-20 19:00:00,7,333.8,19,2,4
2022-04-20 20:00:00,2,68.2,20,2,4
2022-04-20 21:00:00,0,0.0,21,2,4
2022-04-20 22:00:00,3,166.7,22,2,4
2022-04-20 23:00:00,3,164.9,23,2,4
2022-04-21 00:00:00,0,0.0,0,3,4
2022-04-21 01:00:00,1,31.4,1,3,4
2022-04-21 02:00:00,2,85.8,2,3,4
2022-04-21 03:00:00,2,152.6,3,3,4
2022-04-21 04:00:00,0,0.0,4,3,4
2022-04-21 05:00:00,5,273.6,5,3,4
2022-04-21 06:00:00,3,233.4,6,3,4
2022-04-21 07:00:00,8,420.0,7,3,4
2022-04-21 08:00:00,9,369.9,8,3,4
2022-04-21 09:00:00,5,301.6,9,3,4
2022-04-21 10:00:00,8,315.5,10,3,4
2022-04-21 11:00:00,11,550.0,11,3,4
2022-04-21 12:00:00,7,358.5,12,3,4
2022-04-21 13:00:00,7,338.9,13,3,4
2022-04-21 14:00:00,8,439.2,14,3,4
2022-04-21 15:00:00,9,380.8,15,3,4
2022-04-21 16:00:00,7,304.5,16,3,4
2022-04-21 17:00:00,10,460.0,17,3,4
2022-04-21 18:00:00,4,165.8,18,3,4
2022-04-21 19:00:00,8,412.8,19,3,4
2022-04-21 20:00:00,4,181.7,20,3,4
2022-04-21 21:00:00,2,84.4,21,3,4
2022-04-21 22:00:00,1,80.0,22,3,4
2022-04-21 23:00:00,2,116.19999999999999,23,3,4
2022-04-22 00:00:00,1,49.0,0,4,4
2022-04-22 01:00:00,0,0.0,1,4,4
2022-04-22 02:00:00,0,0.0,2,4,4
2022-04-22 03:00:00,2,83.6,3,4,4
2022-04-22 04:00:00,3,178.7,4,4,4
2022-04-22 05:00:00,1,71.9,5,4,4
2022-04-22 06:00:00,6,325.9,6,4,4
2022-04-22 07:00:00,6,223.6,7,4,4
2022-04-22 08:00:00,10,499.5,8,4,4
2022-04-22 09:00:00,17,863.1,9,4,4
2022-04-22 10:00:00,10,393.1,10,4,4
2022-04-22 11:00:00,9,491.6,11,4,4
2022-04-22 12:00:00,3,139.5,12,4,4
2022-04-22 13:00:00,8,409.9,13,4,4
2022-04-22 14:00:00,11,461.7,14,4,4
2022-04-22 15:00:00,9,402.79999999999995,15,4,4
2022-04-22 16:00:00,8,370.4,16,4,4
2022-04-22 17:00:00,4,185.8,17,4,4
2022-04-22 18:00:00,1,48.8,18,4,4
2022-04-22 19:00:00,5,205.4,19,4,4
2022-04-22 20:00:00,4,179.2,20,4,4
2022-04-22 21:00:00,3,122.4,21,4,4
2022-04-22 22:00:00,1,80.0,22,4,4
2022-04-22 23:00:00,3,200.3,23,4,4
2022-04-23 00:00:00,1,38.1,0,5,4
2022-04-23 01:00:00,0,0.0,1,5,4
2022-04-23 02:00:00,1,44.8,2,5,4
2022-04-23 03:00:00,0,0.0,3,5,4
2022-04-23 04:00:00,2,89.6,4,5,4
2022-04-23 05:00:00,0,0.0,5,5,4
2022-04-23 06:00:00,4,183.0,6,5,4
2022-04-23 07:00:00,5,233.2,7,5,4
2022-04-23 08:00:00,4,212.0,8,5,4
2022-04-23 09:00:00,5,280.9,9,5,4
2022-04-23 10:00:00,6,256.59999999999997,10,5,4
2022-04-23 11:00:00,13,678.9,11,5,4
2022-04-23 12:00:00,11,625.2,12,5,4
2022-04-23 13:00:00,4,151.4,13,5,4
2022-04-23 14:00:00,15,709.6,14,5,4
2022-04-23 15:00:00,4,222.5,15,5,4
2022-04-23 16:00:00,4,201.1,16,5,4
2022-04-23 17:00:00,5,261.3,17,5,4
2022-04-23 18:00:00,1,36.6,18,5,4
2022-04-23 19:00:00,4,203.7,19,5,4
2022-04-23 20:00:00,1,68.3,20,5,4
2022-04-23 21:00:00,1,32.9,21,5,4
2022-04-23 22:00:00,0,0.0,22,5,4
2022-04-23 23:00:00,1,30.2,23,5,4
2022-04-24 00:00:00,1,70.9,0,6,4
2022-04-24 01:00:00,0,0.0,1,6,4
2022-04-24 02:00:00,0,0.0,2,6,4
2022-04-24 03:00:00,1,56.2,3,6,4
2022-04-24 04:00:00,1,46.1,4,6,4
2022-04-24 05:00:00,2,103.5,5,6,4
2022-04-24 06:00:00,3,180.1,6,6,4
2022-04-24 07:00:00,3,150.8,7,6,4
2022-04-24 08:00:00,8,435.5,8,6,4
2022-04-24 09:00:00,2,142.0,9,6,4
2022-04-24 10:00:00,6,300.5,10,6,4
2022-04-24 11:00:00,6,250.0,11,6,4
2022-04-24 12:00:00,7,360.9,12,6,4
2022-04-24 13:00:00,7,411.79999999999995,13,6,4
2022-04-24 14:00:00,10,560.3,14,6,4
2022-04-24 15:00:00,3,128.8,15,6,4
2022-04-24 16:00:00,2,99.3,16,6,4
2022-04-24 17:00:00,6,271.9,17,6,4
2022-04-24 18:00:00,8,487.0,18,6,4
2022-04-24 19:00:00,2,111.4,19,6,4
2022-04-24 20:00:00,3,99.7,20,6,4
2022-04-24 21:00:00,0,0.0,21,6,4
2022-04-24 22:00:00,0,0.0,22,6,4
2022-04-24 23:00:00,2,85.69999999999999,23,6,4
2022-04-25 00:00:00,0,0.0,0,0,4
2022-04-25 01:00:00,1,51.5,1,0,4
2022-04-25 02:00:00,0,0.0,2,0,4
2022-04-25 03:00:00,0,0.0,3,0,4
2022-04-25 04:00:00,1,72.9,4,0,4
2022-04-25 05:00:00,1,39.6,5,0,4
2022-04-25 06:00:00,0,0.0,6,0,4
2022-04-25 07:00:00,5,291.7,7,0,4
2022-04-25 08:00:00,4,177.6,8,0,4
2022-04-25 09:00:00,7,354.8,9,0,4
2022-04-25 10:00:00,10,498.0,10,0,4
2022-04-25 11:00:00,7,327.0,11,0,4
2022-04-25 12:00:00,11,572.8,12,0,4
2022-04-25 13:00:00,11,534.5,13,0,4
2022-04-25 14:00:00,7,406.4,14,0,4
2022-04-25 15:00:00,12,587.7,15,0,4
2022-04-25 16:00:00,9,430.7,16,0,4
2022-04-25 17:00:00,6,310.5,17,0,4
2022-04-25 18:00:00,4,186.6,18,0,4
2022-04-25 19:00:00,4,203.4,19,0,4
2022-04-25 20:00:00,3,152.89999999999998,20,0,4
2022-04-25 21:00:00,1,51.8,21,0,4
2022-04-25 22:00:00,1,27.2,22,0,4
2022-04-25 23:00:00,1,69.3,23,0,4
2022-04-26 00:00:00,2,99.6,0,1,4
2022-04-26 01:00:00,1,54.9,1,1,4
2022-04-26 02:00:00,0,0.0,2,1,4
2022-04-26 03:00:00,0,0.0,3,1,4
2022-04-26 04:00:00,0,0.0,4,1,4
2022-04-26 05:00:00,5,214.9,5,1,4
2022-04-26 06:00:00,2,66.80000000000001,6,1,4
2022-04-26 07:00:00,4,135.6,7,1,4
2022-04-26 08:00:00,6,246.5,8,1,4
2022-04-26 09:00:00,8,354.9,9,1,4
2022-04-26 10:00:00,7,324.8,10,1,4
2022-04-26 11:00:00,10,490.7,11,1,4
2022-04-26 12:00:00,9,389.3,12,1,4
2022-04-26 13:00:00,11,529.2,13,1,4
2022-04-26 14:00:00,7,346.5,14,1,4
2022-04-26 15:00:00,5,331.3,15,1,4
2022-04-26 16:00:00,6,320.0,16,1,4
2022-04-26 17:00:00,5,258.2,17,1,4
2022-04-26 18:00:00,11,572.1,18,1,4
2022-04-26 19:00:00,4,159.0,19,1,4
2022-04-26 20:00:00,6,358.3,20,1,4
2022-04-26 21:00:00,2,64.1,21,1,4
2022-04-26 22:00:00,1,39.0,22,1,4
2022-04-26 23:00:00,1,80.0,23,1,4
2022-04-27 00:00:00,0,0.0,0,2,4
2022-04-27 01:00:00,0,0.0,1,2,4
2022-04-27 02:00:00,0,0.0,2,2,4
2022-04-27 03:00:00,2,115.7,3,2,4
2022-04-27 04:00:00,0,0.0,4,2,4
2022-04-27 05:00:00,2,126.7,5,2,4
2022-04-27 06:00:00,2,68.1,6,2,4
2022-04-27 07:00:00,6,274.6,7,2,4
2022-04-27 08:00:00,5,181.1,8,2,4
2022-04-27 09:00:00,14,633.6,9,2,4
2022-04-27 10:00:00,7,266.9,10,2,4
2022-04-27 11:00:00,6,212.5,11,2,4
2022-04-27 12:00:00,10,431.1,12,2,4
2022-04-27 13:00:00,11,512.7,13,2,4
2022-04-27 14:00:00,9,474.4,14,2,4
2022-04-27 15:00:00,9,470.0,15,2,4
2022-04-27 16:00:00,8,415.59999999999997,16,2,4
2022-04-27 17:00:00,3,108.7,17,2,4
2022-04-27 18:00:00,7,290.0,18,2,4
2022-04-27 19:00:00,2,155.6,19,2,4
2022-04-27 20:00:00,4,184.9,20,2,4
2022-04-27 21:00:00,1,37.0,21,2,4
2022-04-27 22:00:00,1,80.0,22,2,4
2022-04-27 23:00:00,0,0.0,23,2,4
2022-04-28 00:00:00,0,0.0,0,3,4
2022-04-28 01:00:00,0,0.0,1,3,4
2022-04-28 02:00:00,2,99.6,2,3,4
2022-04-28 03:00:00,3,141.7,3,3,4
2022-04-28 04:00:00,1,67.8,4,3,4
2022-04-28 05:00:00,3,140.5,5,3,4
2022-04-28 06:00:00,4,202.6,6,3,4
2022-04-28 07:00:00,4,258.2,7,3,4
2022-04-28 08:00:00,5,301.4,8,3,4
2022-04-28 09:00:00,10,507.6,9,3,4
2022-04-28 10:00:00,12,590.6,10,3,4
2022-04-28 11:00:00,7,330.0,11,3,4
2022-04-28 12:00:00,14,706.2,12,3,4
2022-04-28 13:00:00,13,677.8,13,3,4
2022-04-28 14:00:00,13,648.8,14,3,4
2022-04-28 15:00:00,8,411.2,15,3,4
2022-04-28 16:00:00,8,459.8,16,3,4
2022-04-28 17:00:00,5,326.5,17,3,4
2022-04-28 18:00:00,5,245.5,18,3,4
2022-04-28 19:00:00,5,180.2,19,3,4
2022-04-28 20:00:00,3,148.39999999999998,20,3,4
2022-04-28 21:00:00,1,32.4,21,3,4
2022-04-28 22:00:00,2,82.9,22,3,4
2022-04-28 23:00:00,0,0.0,23,3,4
2022-04-29 00:00:00,0,0.0,0,4,4
2022-04-29 01:00:00,0,0.0,1,4,4
2022-04-29 02:00:00,3,152.3,2,4,4
2022-04-29 03:00:00,0,0.0,3,4,4
2022-04-29 04:00:00,1,53.9,4,4,4
2022-04-29 05:00:00,1,33.7,5,4,4
2022-04-29 06:00:00,2,122.2,6,4,4
2022-04-29 07:00:00,5,250.4,7,4,4
2022-04-29 08:00:00,12,499.4,8,4,4
2022-04-29 09:00:00,10,451.0,9,4,4
2022-04-29 10:00:00,3,111.5,10,4,4
2022-04-29 11:00:00,15,737.1,11,4,4
2022-04-29 12:00:00,7,343.2,12,4,4
2022-04-29 13:00:00,10,509.3,13,4,4
2022-04-29 14:00:00,10,562.1,14,4,4
2022-04-29 15:00:00,7,377.4,15,4,4
2022-04-29 16:00:00,8,446.2,16,4,4
2022-04-29 17:00:00,10,452.9,17,4,4
2022-04-29 18:00:00,6,269.1,18,4,4
2022-04-29 19:00:00,4,203.0,19,4,4
2022-04-29 20:00:00,2,117.5,20,4,4
2022-04-29 21:00:00,1,24.9,21,4,4
2022-04-29 22:00:00,4,171.4,22,4,4
2022-04-29 23:00:00,1,51.9,23,4,4
2022-04-30 00:00:00,0,0.0,0,5,4
2022-04-30 01:00:00,0,0.0,1,5,4
2022-04-30 02:00:00,2,114.4,2,5,4
2022-04-30 03:00:00,0,0.0,3,5,4
2022-04-30 04:00:00,0,0.0,4,5,4
2022-04-30 05:00:00,1,51.0,5,5,4
2022-04-30 06:00:00,2,129.4,6,5,4
2022-04-30 07:00:00,3,129.2,7,5,4
2022-04-30 08:00:00,5,286.8,8,5,4
2022-04-30 09:00:00,4,224.1,9,5,4
2022-04-30 10:00:00,8,345.8,10,5,4
2022-04-30 11:00:00,7,352.0,11,5,4
2022-04-30 12:00:00,7,313.6,12,5,4
2022-04-30 13:00:00,10,466.7,13,5,4
2022-04-30 14:00:00,10,472.1,14,5,4
2022-04-30 15:00:00,5,274.7,15,5,4
2022-04-30 16:00:00,8,356.0,16,5,4
2022-04-30 17:00:00,1,30.4,17,5,4
2022-04-30 18:00:00,3,98.39999999999999,18,5,4
2022-04-30 19:00:00,5,254.0,19,5,4
2022-04-30 20:00:00,3,108.2,20,5,4
2022-04-30 21:00:00,1,49.4,21,5,4
2022-04-30 22:00:00,0,0.0,22,5,4
2022-04-30 23:00:00,1,80.0,23,5,4
2022-05-01 00:00:00,0,0.0,0,6,5
2022-05-01 01:00:00,0,0.0,1,6,5
2022-05-01 02:00:00,0,0.0,2,6,5
2022-05-01 03:00:00,0,0.0,3,6,5
2022-05-01 04:00:00,1,38.5,4,6,5
2022-05-01 05:00:00,2,59.6,5,6,5
2022-05-01 06:00:00,5,271.2,6,6,5
2022-05-01 07:00:00,3,141.79999999999998,7,6,5
2022-05-01 08:00:00,2,109.8,8,6,5
2022-05-01 09:00:00,8,524.3,9,6,5
2022-05-01 10:00:00,7,340.1,10,6,5
2022-05-01 11:00:00,13,628.0,11,6,5
2022-05-01 12:00:00,6,299.9,12,6,5
2022-05-01 13:00:00,7,329.7,13,6,5
2022-05-01 14:00:00,5,205.6,14,6,5
2022-05-01 15:00:00,9,423.7,15,6,5
2022-05-01 16:00:00,6,357.6,16,6,5
2022-05-01 17:00:00,6,246.3,17,6,5
2022-05-01 18:00:00,5,242.2,18,6,5
2022-05-01 19:00:00,3,170.1,19,6,5
2022-05-01 20:00:00,1,74.9,20,6,5
2022-05-01 21:00:00,3,207.2,21,6,5
2022-05-01 22:00:00,0,0.0,22,6,5
2022-05-01 23:00:00,1,46.4,23,6,5
2022-05-02 00:00:00,1,39.8,0,0,5
2022-05-02 01:00:00,5,238.0,1,0,5
2022-05-02 02:00:00,3,122.0,2,0,5
2022-05-02 03:00:00,0,0.0,3,0,5
2022-05-02 04:00:00,1,47.2,4,0,5
2022-05-02 05:00:00,5,202.0,5,0,5
2022-05-02 06:00:00,2,82.1,6,0,5
2022-05-02 07:00:00,2,88.0,7,0,5
2022-05-02 08:00:00,10,525.8,8,0,5
2022-05-02 09:00:00,7,367.20000000000005,9,0,5
2022-05-02 10:00:00,8,415.5,10,0,5
2022-05-02 11:00:00,11,600.9,11,0,5
2022-05-02 12:00:00,5,252.70000000000002,12,0,5
2022-05-02 13:00:00,5,230.8,13,0,5
2022-05-02 14:00:00,12,581.6,14,0,5
2022-05-02 15:00:00,10,534.9,15,0,5
2022-05-02 16:00:00,6,261.1,16,0,5
2022-05-02 17:00:00,6,253.9,17,0,5
2022-05-02 18:00:00,8,315.2,18,0,5
2022-05-02 19:00:00,6,258.8,19,0,5
2022-05-02 20:00:00,3,112.6,20,0,5
2022-05-02 21:00:00,3,130.8,21,0,5
2022-05-02 22:00:00,0,0.0,22,0,5
2022-05-02 23:00:00,0,0.0,23,0,5
2022-05-03 00:00:00,1,45.8,0,1,5
2022-05-03 01:00:00,1,50.2,1,1,5
2022-05-03 02:00:00,1,34.6,2,1,5
2022-05-03 03:00:00,2,124.0,3,1,5
2022-05-03 04:00:00,2,110.9,4,1,5
2022-05-03 05:00:00,3,157.1,5,1,5
2022-05-03 06:00:00,2,62.5,6,1,5
2022-05-03 07:00:00,6,356.9,7,1,5
2022-05-03 08:00:00,5,224.8,8,1,5
2022-05-03 09:00:00,7,309.8,9,1,5
2022-05-03 10:00:00,11,519.7,10,1,5
2022-05-03 11:00:00,11,558.5,11,1,5
2022-05-03 12:00:00,9,503.3,12,1,5
2022-05-03 13:00:00,10,414.6,13,1,5
2022-05-03 14:00:00,13,648.2,14,1,5
2022-05-03 15:00:00,4,197.5,15,1,5
2022-05-03 16:00:00,6,324.1,16,1,5
2022-05-03 17:00:00,9,524.2,17,1,5
2022-05-03 18:00:00,5,193.7,18,1,5
2022-05-03 19:00:00,3,109.2,19,1,5
2022-05-03 20:00:00,5,314.2,20,1,5
2022-05-03 21:00:00,2,115.6,21,1,5
2022-05-03 22:00:00,1,42.4,22,1,5
2022-05-03 23:00:00,0,0.0,23,1,5
2022-05-04 00:00:00,1,66.6,0,2,5
2022-05-04 01:00:00,2,158.0,1,2,5
2022-05-04 02:00:00,0,0.0,2,2,5
2022-05-04 03:00:00,1,36.0,3,2,5
2022-05-04 04:00:00,0,0.0,4,2,5
2022-05-04 05:00:00,1,34.7,5,2,5
2022-05-04 06:00:00,1,36.9,6,2,5
2022-05-04 07:00:00,3,154.8,7,2,5
2022-05-04 08:00:00,5,289.3,8,2,5
2022-05-04 09:00:00,9,453.3,9,2,5
2022-05-04 10:00:00,10,582.2,10,2,5
2022-05-04 11:00:00,13,692.2,11,2,5
2022-05-04 12:00:00,12,489.9,12,2,5
2022-05-04 13:00:00,12,555.2,13,2,5
2022-05-04 14:00:00,10,493.5,14,2,5
2022-05-04 15:00:00,5,224.5,15,2,5
2022-05-04 16:00:00,6,252.0,16,2,5
2022-05-04 17:00:00,13,726.6,17,2,5
2022-05-04 18:00:00,6,328.2,18,2,5
2022-05-04 19:00:00,6,282.3,19,2,5
2022-05-04 20:00:00,0,0.0,20,2,5
2022-05-04 21:00:00,1,52.3,21,2,5
2022-05-04 22:00:00,0,0.0,22,2,5
2022-05-04 23:00:00,1,80.0,23,2,5
2022-05-05 00:00:00,0,0.0,0,3,5
2022-05-05 01:00:00,0,0.0,1,3,5
2022-05-05 02:00:00,1,32.2,2,3,5
2022-05-05 03:00:00,2,86.9,3,3,5
2022-05-05 04:00:00,0,0.0,4,3,5
2022-05-05 05:00:00,2,67.2,5,3,5
2022-05-05 06:00:00,3,113.30000000000001,6,3,5
2022-05-05 07:00:00,6,271.0,7,3,5
2022-05-05 08:00:00,4,219.8,8,3,5
2022-05-05 09:00:00,9,427.2,9,3,5
2022-05-05 10:00:00,7,312.6,10,3,5
2022-05-05 11:00:00,8,343.3,11,3,5
2022-05-05 12:00:00,9,369.9,12,3,5
2022-05-05 13:00:00,12,593.3,13,3,5
2022-05-05 14:00:00,13,647.5,14,3,5
2022-05-05 15:00:00,4,139.2,15,3,5
2022-05-05 16:00:00,12,664.1,16,3,5
2022-05-05 17:00:00,5,286.6,17,3,5
2022-05-05 18:00:00,2,99.5,18,3,5
2022-05-05 19:00:00,2,157.2,19,3,5
2022-05-05 20:00:00,4,244.1,20,3,5
2022-05-05 21:00:00,6,279.3,21,3,5
2022-05-05 22:00:00,1,52.1,22,3,5
2022-05-05 23:00:00,0,0.0,23,3,5
2022-05-06 00:00:00,2,85.4,0,4,5
2022-05-06 01:00:00,1,29.6,1,4,5
2022-05-06 02:00:00,1,29.1,2,4,5
2022-05-06 03:00:00,0,0.0,3,4,5
2022-05-06 04:00:00,1,48.7,4,4,5
2022-05-06 05:00:00,2,87.19999999999999,5,4,5
2022-05-06 06:00:00,3,143.5,6,4,5
2022-05-06 07:00:00,3,122.7,7,4,5
2022-05-06 08:00:00,12,605.7,8,4,5
2022-05-06 09:00:00,12,580.3,9,4,5
2022-05-06 10:00:00,15,753.9,10,4,5
2022-05-06 11:00:00,8,369.0,11,4,5
2022-05-06 12:00:00,11,513.7,12,4,5
2022-05-06 13:00:00,7,311.2,13,4,5
2022-05-06 14:00:00,10,470.2,14,4,5
2022-05-06 15:00:00,14,732.1,15,4,5
2022-05-06 16:00:00,12,555.3,16,4,5
2022-05-06 17:00:00,13,709.1,17,4,5
2022-05-06 18:00:00,3,151.9,18,4,5
2022-05-06 19:00:00,5,326.0,19,4,5
2022-05-06 20:00:00,2,107.4,20,4,5
2022-05-06 21:00:00,3,205.60000000000002,21,4,5
2022-05-06 22:00:00,0,0.0,22,4,5
2022-05-06 23:00:00,2,109.69999999999999,23,4,5
2022-05-07 00:00:00,2,102.19999999999999,0,5,5
2022-05-07 01:00:00,6,266.0,1,5,5
2022-05-07 02:00:00,2,57.5,2,5,5
2022-05-07 03:00:00,1,45.8,3,5,5
2022-05-07 04:00:00,0,0.0,4,5,5
2022-05-07 05:00:00,2,109.2,5,5,5
2022-05-07 06:00:00,3,143.3,6,5,5
2022-05-07 07:00:00,1,34.7,7,5,5
2022-05-07 08:00:00,5,255.0,8,5,5
2022-05-07 09:00:00,4,213.0,9,5,5
2022-05-07 10:00:00,6,350.6,10,5,5
2022-05-07 11:00:00,8,456.9,11,5,5
2022-05-07 12:00:00,9,512.8,12,5,5
2022-05-07 13:00:00,6,266.7,13,5,5
2022-05-07 14:00:00,5,267.6,14,5,5
2022-05-07 15:00:00,8,430.7,15,5,5
2022-05-07 16:00:00,5,222.10000000000002,16,5,5
2022-05-07 17:00:00,4,140.3,17,5,5
2022-05-07 18:00:00,2,74.4,18,5,5
2022-05-07 19:00:00,1,28.5,19,5,5
2022-05-07 20:00:00,1,34.1,20,5,5
2022-05-07 21:00:00,1,72.0,21,5,5
2022-05-07 22:00:00,1,48.6,22,5,5
2022-05-07 23:00:00,1,75.2,23,5,5
2022-05-08 00:00:00,0,0.0,0,6,5
2022-05-08 01:00:00,1,69.0,1,6,5
2022-05-08 02:00:00,2,64.19999999999999,2,6,5
2022-05-08 03:00:00,0,0.0,3,6,5
2022-05-08 04:00:00,0,0.0,4,6,5
2022-05-08 05:00:00,1,71.1,5,6,5
2022-05-08 06:00:00,3,158.4,6,6,5
2022-05-08 07:00:00,8,443.7,7,6,5
2022-05-08 08:00:00,4,274.1,8,6,5
2022-05-08 09:00:00,6,327.4,9,6,5
2022-05-08 10:00:00,4,174.5,10,6,5
2022-05-08 11:00:00,13,498.0,11,6,5
2022-05-08 12:00:00,5,281.2,12,6,5
2022-05-08 13:00:00,8,399.59999999999997,13,6,5
2022-05-08 14:00:00,11,528.5,14,6,5
2022-05-08 15:00:00,9,458.0,15,6,5
2022-05-08 16:00:00,7,367.4,16,6,5
2022-05-08 17:00:00,4,172.7,17,6,5
2022-05-08 18:00:00,4,144.5,18,6,5
2022-05-08 19:00:00,3,102.0,19,6,5
2022-05-08 20:00:00,4,275.6,20,6,5
2022-05-08 21:00:00,1,77.4,21,6,5
2022-05-08 22:00:00,1,72.9,22,6,5
2022-05-08 23:00:00,0,0.0,23,6,5
2022-05-09 00:00:00,1,80.0,0,0,5
2022-05-09 01:00:00,3,101.9,1,0,5
2022-05-09 02:00:00,0,0.0,2,0,5
2022-05-09 03:00:00,1,51.3,3,0,5
2022-05-09 04:00:00,1,52.3,4,0,5
2022-05-09 05:00:00,1,47.5,5,0,5
2022-05-09 06:00:00,5,221.8,6,0,5
2022-05-09 07:00:00,2,67.9,7,0,5
2022-05-09 08:00:00,5,215.7,8,0,5
2022-05-09 09:00:00,8,417.5,9,0,5
2022-05-09 10:00:00,8,286.5,10,0,5
2022-05-09 11:00:00,9,428.1,11,0,5
2022-05-09 12:00:00,13,658.3,12,0,5
2022-05-09 13:00:00,13,642.2,13,0,5
2022-05-09 14:00:00,13,503.5,14,0,5
2022-05-09 15:00:00,7,459.6,15,0,5
2022-05-09 16:00:00,7,310.2,16,0,5
2022-05-09 17:00:00,10,488.6,17,0,5
2022-05-09 18:00:00,4,215.3,18,0,5
2022-05-09 19:00:00,3,177.4,19,0,5
2022-05-09 20:00:00,2,75.7,20,0,5
2022-05-09 21:00:00,2,66.4,21,0,5
2022-05-09 22:00:00,2,129.6,22,0,5
2022-05-09 23:00:00,3,156.0,23,0,5
2022-05-10 00:00:00,0,0.0,0,1,5
2022-05-10 01:00:00,1,33.5,1,1,5
2022-05-10 02:00:00,2,63.8,2,1,5
2022-05-10 03:00:00,1,33.0,3,1,5
2022-05-10 04:00:00,1,80.0,4,1,5
2022-05-10 05:00:00,3,193.9,5,1,5
2022-05-10 06:00:00,2,84.0,6,1,5
2022-05-10 07:00:00,5,251.70000000000002,7,1,5
2022-05-10 08:00:00,5,222.5,8,1,5
2022-05-10 09:00:00,6,261.0,9,1,5
2022-05-10 10:00:00,10,519.7,10,1,5
2022-05-10 11:00:00,10,407.5,11,1,5
2022-05-10 12:00:00,11,506.1,12,1,5
2022-05-10 13:00:00,5,218.1,13,1,5
2022-05-10 14:00:00,5,313.70000000000005,14,1,5
2022-05-10 15:00:00,16,918.8,15,1,5
2022-05-10 16:00:00,4,223.1,16,1,5
2022-05-10 17:00:00,6,221.1,17,1,5
2022-05-10 18:00:00,9,497.8,18,1,5
2022-05-10 19:00:00,8,325.5,19,1,5
2022-05-10 20:00:00,2,111.39999999999999,20,1,5
2022-05-10 21:00:00,4,206.8,21,1,5
2022-05-10 22:00:00,0,0.0,22,1,5
2022-05-10 23:00:00,1,28.9,23,1,5
2022-05-11 00:00:00,1,31.2,0,2,5
2022-05-11 01:00:00,1,31.1,1,2,5
2022-05-11 02:00:00,2,76.5,2,2,5
2022-05-11 03:00:00,1,65.8,3,2,5
2022-05-11 04:00:00,0,0.0,4,2,5
2022-05-11 05:00:00,2,66.69999999999999,5,2,5
2022-05-11 06:00:00,3,151.7,6,2,5
2022-05-11 07:00:00,2,66.9,7,2,5
2022-05-11 08:00:00,3,166.5,8,2,5
2022-05-11 09:00:00,7,298.5,9,2,5
2022-05-11 10:00:00,10,583.6,10,2,5
2022-05-11 11:00:00,11,497.7,11,2,5
2022-05-11 12:00:00,6,270.4,12,2,5
2022-05-11 13:00:00,6,379.0,13,2,5
2022-05-11 14:00:00,16,755.4,14,2,5
2022-05-11 15:00:00,5,270.7,15,2,5
2022-05-11 16:00:00,3,150.1,16,2,5
2022-05-11 17:00:00,8,456.6,17,2,5
2022-05-11 18:00:00,5,266.8,18,2,5
2022-05-11 19:00:00,5,204.1,19,2,5
2022-05-11 20:00:00,3,142.7,20,2,5
2022-05-11 21:00:00,0,0.0,21,2,5
2022-05-11 22:00:00,3,164.2,22,2,5
2022-05-11 23:00:00,3,124.1,23,2,5
2022-05-12 00:00:00,1,33.3,0,3,5
2022-05-12 01:00:00,0,0.0,1,3,5
2022-05-12 02:00:00,1,72.8,2,3,5
2022-05-12 03:00:00,2,120.7,3,3,5
2022-05-12 04:00:00,2,131.9,4,3,5
2022-05-12 05:00:00,1,34.0,5,3,5
2022-05-12 06:00:00,7,334.7,6,3,5
2022-05-12 07:00:00,5,260.2,7,3,5
2022-05-12 08:00:00,3,131.9,8,3,5
2022-05-12 09:00:00,7,284.9,9,3,5
2022-05-12 10:00:00,10,604.3,10,3,5
2022-05-12 11:00:00,5,264.2,11,3,5
2022-05-12 12:00:00,8,284.90000000000003,12,3,5
2022-05-12 13:00:00,6,276.7,13,3,5
2022-05-12 14:00:00,13,597.0,14,3,5
2022-05-12 15:00:00,9,506.3,15,3,5
2022-05-12 16:00:00,10,546.5,16,3,5
2022-05-12 17:00:00,9,381.1,17,3,5
2022-05-12 18:00:00,9,313.0,18,3,5
2022-05-12 19:00:00,7,352.4,19,3,5
2022-05-12 20:00:00,4,228.5,20,3,5
2022-05-12 21:00:00,4,226.5,21,3,5
2022-05-12 22:00:00,0,0.0,22,3,5
2022-05-12 23:00:00,1,77.6,23,3,5
2022-05-13 00:00:00,1,69.6,0,4,5
2022-05-13 01:00:00,2,100.19999999999999,1,4,5
2022-05-13 02:00:00,2,83.5,2,4,5
2022-05-13 03:00:00,0,0.0,3,4,5
2022-05-13 04:00:00,1,65.8,4,4,5
2022-05-13 05:00:00,3,169.1,5,4,5
2022-05-13 06:00:00,3,166.89999999999998,6,4,5
2022-05-13 07:00:00,5,254.0,7,4,5
2022-05-13 08:00:00,10,470.9,8,4,5
2022-05-13 09:00:00,9,403.5,9,4,5
2022-05-13 10:00:00,9,368.8,10,4,5
2022-05-13 11:00:00,14,759.5,11,4,5
2022-05-13 12:00:00,11,481.3,12,4,5
2022-05-13 13:00:00,12,607.3,13,4,5
2022-05-13 14:00:00,7,334.8,14,4,5
2022-05-13 15:00:00,7,299.1,15,4,5
2022-05-13 16:00:00,13,605.8,16,4,5
2022-05-13 17:00:00,2,93.1,17,4,5
2022-05-13 18:00:00,4,224.0,18,4,5
2022-05-13 19:00:00,4,206.7,19,4,5
2022-05-13 20:00:00,3,104.6,20,4,5
2022-05-13 21:00:00,0,0.0,21,4,5
2022-05-13 22:00:00,1,38.1,22,4,5
2022-05-13 23:00:00,2,77.4,23,4,5
2022-05-14 00:00:00,1,80.0,0,5,5
2022-05-14 01:00:00,0,0.0,1,5,5
2022-05-14 02:00:00,3,161.0,2,5,5
2022-05-14 03:00:00,0,0.0,3,5,5
2022-05-14 04:00:00,0,0.0,4,5,5
2022-05-14 05:00:00,1,34.3,5,5,5
2022-05-14 06:00:00,2,85.0,6,5,5
2022-05-14 07:00:00,5,272.5,7,5,5
2022-05-14 08:00:00,3,146.4,8,5,5
2022-05-14 09:00:00,7,361.2,9,5,5
2022-05-14 10:00:00,5,281.3,10,5,5
2022-05-14 11:00:00,4,143.7,11,5,5
2022-05-14 12:00:00,5,262.0,12,5,5
2022-05-14 13:00:00,8,388.7,13,5,5
2022-05-14 14:00:00,12,517.8,14,5,5
2022-05-14 15:00:00,6,378.2,15,5,5
2022-05-14 16:00:00,11,507.8,16,5,5
2022-05-14 17:00:00,5,194.5,17,5,5
2022-05-14 18:00:00,4,247.3,18,5,5
2022-05-14 19:00:00,5,183.5,19,5,5
2022-05-14 20:00:00,0,0.0,20,5,5
2022-05-14 21:00:00,1,79.4,21,5,5
2022-05-14 22:00:00,3,105.3,22,5,5
2022-05-14 23:00:00,0,0.0,23,5,5
2022-05-15 00:00:00,0,0.0,0,6,5
2022-05-15 01:00:00,1,49.2,1,6,5
2022-05-15 02:00:00,1,29.7,2,6,5
2022-05-15 03:00:00,1,73.0,3,6,5
2022-05-15 04:00:00,0,0.0,4,6,5
2022-05-15 05:00:00,1,34.5,5,6,5
2022-05-15 06:00:00,5,201.3,6,6,5
2022-05-15 07:00:00,4,194.4,7,6,5
2022-05-15 08:00:00,3,213.0,8,6,5
2022-05-15 09:00:00,4,253.1,9,6,5
2022-05-15 10:00:00,10,468.7,10,6,5
2022-05-15 11:00:00,11,509.5,11,6,5
2022-05-15 12:00:00,8,360.7,12,6,5
2022-05-15 13:00:00,7,311.8,13,6,5
2022-05-15 14:00:00,8,437.0,14,6,5
2022-05-15 15:00:00,7,355.1,15,6,5
2022-05-15 16:00:00,2,134.6,16,6,5
2022-05-15 17:00:00,7,297.0,17,6,5
2022-05-15 18:00:00,3,139.4,18,6,5
2022-05-15 19:00:00,1,44.8,19,6,5
2022-05-15 20:00:00,3,176.3,20,6,5
2022-05-15 21:00:00,1,51.9,21,6,5
2022-05-15 22:00:00,1,80.0,22,6,5
2022-05-15 23:00:00,2,99.7,23,6,5
2022-05-16 00:00:00,0,0.0,0,0,5
2022-05-16 01:00:00,1,54.9,1,0,5
2022-05-16 02:00:00,2,108.4,2,0,5
2022-05-16 03:00:00,0,0.0,3,0,5
2022-05-16 04:00:00,3,116.69999999999999,4,0,5
2022-05-16 05:00:00,5,262.7,5,0,5
2022-05-16 06:00:00,2,113.4,6,0,5
2022-05-16 07:00:00,7,334.9,7,0,5
2022-05-16 08:00:00,6,343.3,8,0,5
2022-05-16 09:00:00,10,447.1,9,0,5
2022-05-16 10:00:00,10,410.6,10,0,5
2022-05-16 11:00:00,11,577.2,11,0,5
2022-05-16 12:00:00,12,648.2,12,0,5
2022-05-16 13:00:00,10,497.8,13,0,5
2022-05-16 14:00:00,7,328.9,14,0,5
2022-05-16 15:00:00,5,309.8,15,0,5
2022-05-16 16:00:00,6,271.2,16,0,5
2022-05-16 17:00:00,3,125.6,17,0,5
2022-05-16 18:00:00,6,325.3,18,0,5
2022-05-16 19:00:00,5,212.2,19,0,5
2022-05-16 20:00:00,7,293.6,20,0,5
2022-05-16 21:00:00,3,148.9,21,0,5
2022-05-16 22:00:00,1,79.3,22,0,5
2022-05-16 23:00:00,0,0.0,23,0,5
2022-05-17 00:00:00,0,0.0,0,1,5
2022-05-17 01:00:00,0,0.0,1,1,5
2022-05-17 02:00:00,2,85.3,2,1,5
2022-05-17 03:00:00,1,47.3,3,1,5
2022-05-17 04:00:00,2,108.7,4,1,5
2022-05-17 05:00:00,2,69.7,5,1,5
2022-05-17 06:00:00,0,0.0,6,1,5
2022-05-17 07:00:00,2,95.7,7,1,5
2022-05-17 08:00:00,1,30.8,8,1,5
2022-05-17 09:00:00,8,441.4,9,1,5
2022-05-17 10:00:00,12,611.3000000000001,10,1,5
2022-05-17 11:00:00,7,377.1,11,1,5
2022-05-17 12:00:00,10,420.7,12,1,5
2022-05-17 13:00:00,14,649.6999999999999,13,1,5
2022-05-17 14:00:00,8,378.0,14,1,5
2022-05-17 15:00:00,13,627.8,15,1,5
2022-05-17 16:00:00,4,200.1,16,1,5
2022-05-17 17:00:00,8,389.1,17,1,5
2022-05-17 18:00:00,13,652.9,18,1,5
2022-05-17 19:00:00,4,182.2,19,1,5
2022-05-17 20:00:00,1,50.9,20,1,5
2022-05-17 21:00:00,5,283.2,21,1,5
2022-05-17 22:00:00,3,91.2,22,1,5
2022-05-17 23:00:00,0,0.0,23,1,5
2022-05-18 00:00:00,0,0.0,0,2,5
2022-05-18 01:00:00,0,0.0,1,2,5
2022-05-18 02:00:00,0,0.0,2,2,5
2022-05-18 03:00:00,2,98.7,3,2,5
2022-05-18 04:00:00,1,35.9,4,2,5
2022-05-18 05:00:00,2,108.3,5,2,5
2022-05-18 06:00:00,5,230.7,6,2,5
2022-05-18 07:00:00,5,234.6,7,2,5
2022-05-18 08:00:00,4,248.8,8,2,5
2022-05-18 09:00:00,12,491.0,9,2,5
2022-05-18 10:00:00,8,383.2,10,2,5
2022-05-18 11:00:00,10,490.9,11,2,5
2022-05-18 12:00:00,8,315.4,12,2,5
2022-05-18 13:00:00,6,313.9,13,2,5
2022-05-18 14:00:00,13,770.5,14,2,5
2022-05-18 15:00:00,8,366.90000000000003,15,2,5
2022-05-18 16:00:00,9,529.2,16,2,5
2022-05-18 17:00:00,10,506.3,17,2,5
2022-05-18 18:00:00,10,579.4,18,2,5
2022-05-18 19:00:00,5,189.0,19,2,5
2022-05-18 20:00:00,3,144.1,20,2,5
2022-05-18 21:00:00,2,148.60000000000002,21,2,5
2022-05-18 22:00:00,1,41.2,22,2,5
2022-05-18 23:00:00,1,50.8,23,2,5
2022-05-19 00:00:00,0,0.0,0,3,5
2022-05-19 01:00:00,2,109.4,1,3,5
2022-05-19 02:00:00,0,0.0,2,3,5
2022-05-19 03:00:00,4,178.8,3,3,5
2022-05-19 04:00:00,0,0.0,4,3,5
2022-05-19 05:00:00,5,215.3,5,3,5
2022-05-19 06:00:00,3,156.8,6,3,5
2022-05-19 07:00:00,2,120.6,7,3,5
2022-05-19 08:00:00,7,343.1,8,3,5
2022-05-19 09:00:00,9,481.2,9,3,5
2022-05-19 10:00:00,7,313.6,10,3,5
2022-05-19 11:00:00,14,655.4,11,3,5
2022-05-19 12:00:00,5,218.8,12,3,5
2022-05-19 13:00:00,12,619.1,13,3,5
2022-05-19 14:00:00,8,446.2,14,3,5
2022-05-19 15:00:00,7,341.1,15,3,5
2022-05-19 16:00:00,11,657.1,16,3,5
2022-05-19 17:00:00,6,253.2,17,3,5
2022-05-19 18:00:00,9,432.7,18,3,5
2022-05-19 19:00:00,4,236.7,19,3,5
2022-05-19 20:00:00,5,241.6,20,3,5
2022-05-19 21:00:00,3,132.0,21,3,5
2022-05-19 22:00:00,1,30.3,22,3,5
2022-05-19 23:00:00,3,177.0,23,3,5
2022-05-20 00:00:00,3,135.1,0,4,5
2022-05-20 01:00:00,2,87.30000000000001,1,4,5
2022-05-20 02:00:00,1,51.4,2,4,5
2022-05-20 03:00:00,2,72.6,3,4,5
2022-05-20 04:00:00,1,80.0,4,4,5
2022-05-20 05:00:00,0,0.0,5,4,5
2022-05-20 06:00:00,3,119.3,6,4,5
2022-05-20 07:00:00,7,414.6,7,4,5
2022-05-20 08:00:00,6,324.0,8,4,5
2022-05-20 09:00:00,11,524.2,9,4,5
2022-05-20 10:00:00,7,357.9,10,4,5
2022-05-20 11:00:00,10,482.3,11,4,5
2022-05-20 12:00:00,13,525.0,12,4,5
2022-05-20 13:00:00,9,430.3,13,4,5
2022-05-20 14:00:00,6,279.7,14,4,5
2022-05-20 15:00:00,4,217.6,15,4,5
2022-05-20 16:00:00,4,178.1,16,4,5
2022-05-20 17:00:00,4,251.0,17,4,5
2022-05-20 18:00:00,6,315.1,18,4,5
2022-05-20 19:00:00,3,147.6,19,4,5
2022-05-20 20:00:00,5,233.39999999999998,20,4,5
2022-05-20 21:00:00,3,155.8,21,4,5
2022-05-20 22:00:00,1,50.9,22,4,5
2022-05-20 23:00:00,0,0.0,23,4,5
2022-05-21 00:00:00,1,78.6,0,5,5
2022-05-21 01:00:00,0,0.0,1,5,5
2022-05-21 02:00:00,0,0.0,2,5,5
2022-05-21 03:00:00,0,0.0,3,5,5
2022-05-21 04:00:00,0,0.0,4,5,5
2022-05-21 05:00:00,3,151.2,5,5,5
2022-05-21 06:00:00,2,77.30000000000001,6,5,5
2022-05-21 07:00:00,3,156.8,7,5,5
2022-05-21 08:00:00,5,306.6,8,5,5
2022-05-21 09:00:00,4,204.1,9,5,5
2022-05-21 10:00:00,9,427.7,10,5,5
2022-05-21 11:00:00,10,552.0,11,5,5
2022-05-21 12:00:00,7,316.2,12,5,5
2022-05-21 13:00:00,9,494.6,13,5,5
2022-05-21 14:00:00,3,165.9,14,5,5
2022-05-21 15:00:00,9,411.0,15,5,5
2022-05-21 16:00:00,5,264.2,16,5,5
2022-05-21 17:00:00,5,272.2,17,5,5
2022-05-21 18:00:00,7,341.7,18,5,5
2022-05-21 19:00:00,2,116.6,19,5,5
2022-05-21 20:00:00,1,29.1,20,5,5
2022-05-21 21:00:00,2,76.3,21,5,5
2022-05-21 22:00:00,0,0.0,22,5,5
2022-05-21 23:00:00,1,71.7,23,5,5
2022-05-22 00:00:00,1,29.2,0,6,5
2022-05-22 01:00:00,0,0.0,1,6,5
2022-05-22 02:00:00,0,0.0,2,6,5
2022-05-22 03:00:00,0,0.0,3,6,5
2022-05-22 04:00:00,1,51.8,4,6,5
2022-05-22 05:00:00,2,60.9,5,6,5
2022-05-22 06:00:00,3,123.6,6,6,5
2022-05-22 07:00:00,4,171.5,7,6,5
2022-05-22 08:00:00,5,247.6,8,6,5
2022-05-22 09:00:00,5,290.8,9,6,5
2022-05-22 10:00:00,7,386.90000000000003,10,6,5
2022-05-22 11:00:00,5,232.2,11,6,5
2022-05-22 12:00:00,6,295.7,12,6,5
2022-05-22 13:00:00,6,413.6,13,6,5
2022-05-22 14:00:00,14,683.6,14,6,5
2022-05-22 15:00:00,4,215.0,15,6,5
2022-05-22 16:00:00,7,390.4,16,6,5
2022-05-22 17:00:00,5,252.9,17,6,5
2022-05-22 18:00:00,5,178.9,18,6,5
2022-05-22 19:00:00,4,242.1,19,6,5
2022-05-22 20:00:00,0,0.0,20,6,5
2022-05-22 21:00:00,0,0.0,21,6,5
2022-05-22 22:00:00,0,0.0,22,6,5
2022-05-22 23:00:00,1,80.0,23,6,5
2022-05-23 00:00:00,0,0.0,0,0,5
2022-05-23 01:00:00,0,0.0,1,0,5
2022-05-23 02:00:00,1,34.1,2,0,5
2022-05-23 03:00:00,1,55.0,3,0,5
2022-05-23 04:00:00,0,0.0,4,0,5
2022-05-23 05:00:00,1,37.9,5,0,5
2022-05-23 06:00:00,4,212.7,6,0,5
2022-05-23 07:00:00,5,251.1,7,0,5
2022-05-23 08:00:00,10,510.7,8,0,5
2022-05-23 09:00:00,4,214.8,9,0,5
2022-05-23 10:00:00,5,306.1,10,0,5
2022-05-23 11:00:00,12,644.9,11,0,5
2022-05-23 12:00:00,8,381.7,12,0,5
2022-05-23 13:00:00,12,627.4,13,0,5
2022-05-23 14:00:00,8,457.3,14,0,5
2022-05-23 15:00:00,7,391.6,15,0,5
2022-05-23 16:00:00,7,440.1,16,0,5
2022-05-23 17:00:00,5,225.0,17,0,5
2022-05-23 18:00:00,6,276.3,18,0,5
2022-05-23 19:00:00,6,258.3,19,0,5
2022-05-23 20:00:00,3,209.4,20,0,5
2022-05-23 21:00:00,1,48.9,21,0,5
2022-05-23 22:00:00,2,155.0,22,0,5
2022-05-23 23:00:00,1,80.0,23,0,5
2022-05-24 00:00:00,1,33.1,0,1,5
2022-05-24 01:00:00,2,108.4,1,1,5
2022-05-24 02:00:00,1,32.5,2,1,5
2022-05-24 03:00:00,1,39.2,3,1,5
2022-05-24 04:00:00,0,0.0,4,1,5
2022-05-24 05:00:00,2,132.1,5,1,5
2022-05-24 06:00:00,6,254.5,6,1,5
2022-05-24 07:00:00,2,82.6,7,1,5
2022-05-24 08:00:00,9,386.8,8,1,5
2022-05-24 09:00:00,9,321.5,9,1,5
2022-05-24 10:00:00,9,447.20000000000005,10,1,5
2022-05-24 11:00:00,12,693.6,11,1,5
2022-05-24 12:00:00,9,427.4,12,1,5
2022-05-24 13:00:00,10,392.3,13,1,5
2022-05-24 14:00:00,6,316.9,14,1,5
2022-05-24 15:00:00,11,445.5,15,1,5
2022-05-24 16:00:00,11,538.0,16,1,5
2022-05-24 17:00:00,6,240.8,17,1,5
2022-05-24 18:00:00,3,160.5,18,1,5
2022-05-24 19:00:00,3,174.7,19,1,5
2022-05-24 20:00:00,9,486.9,20,1,5
2022-05-24 21:00:00,2,113.2,21,1,5
2022-05-24 22:00:00,0,0.0,22,1,5
2022-05-24 23:00:00,1,32.8,23,1,5
2022-05-25 00:00:00,2,82.6,0,2,5
2022-05-25 01:00:00,0,0.0,1,2,5
2022-05-25 02:00:00,1,80.0,2,2,5
2022-05-25 03:00:00,0,0.0,3,2,5
2022-05-25 04:00:00,0,0.0,4,2,5
2022-05-25 05:00:00,3,158.6,5,2,5
2022-05-25 06:00:00,3,93.9,6,2,5
2022-05-25 07:00:00,5,256.2,7,2,5
2022-05-25 08:00:00,7,361.6,8,2,5
2022-05-25 09:00:00,5,185.3,9,2,5
2022-05-25 10:00:00,7,372.3,10,2,5
2022-05-25 11:00:00,9,461.5,11,2,5
2022-05-25 12:00:00,7,377.7,12,2,5
2022-05-25 13:00:00,7,407.7,13,2,5
2022-05-25 14:00:00,8,438.7,14,2,5
2022-05-25 15:00:00,15,796.6,15,2,5
2022-05-25 16:00:00,7,344.8,16,2,5
2022-05-25 17:00:00,7,338.7,17,2,5
2022-05-25 18:00:00,7,363.3,18,2,5
2022-05-25 19:00:00,5,201.60000000000002,19,2,5
2022-05-25 20:00:00,3,161.5,20,2,5
2022-05-25 21:00:00,5,241.1,21,2,5
2022-05-25 22:00:00,0,0.0,22,2,5
2022-05-25 23:00:00,1,33.4,23,2,5
2022-05-26 00:00:00,1,80.0,0,3,5
2022-05-26 01:00:00,0,0.0,1,3,5
2022-05-26 02:00:00,2,58.0,2,3,5
2022-05-26 03:00:00,2,81.19999999999999,3,3,5
2022-05-26 04:00:00,1,50.0,4,3,5
2022-05-26 05:00:00,3,88.5,5,3,5
2022-05-26 06:00:00,2,82.2,6,3,5
2022-05-26 07:00:00,5,217.8,7,3,5
2022-05-26 08:00:00,7,385.8,8,3,5
2022-05-26 09:00:00,16,714.4,9,3,5
2022-05-26 10:00:00,12,713.0,10,3,5
2022-05-26 11:00:00,6,289.5,11,3,5
2022-05-26 12:00:00,2,116.0,12,3,5
2022-05-26 13:00:00,6,271.9,13,3,5
2022-05-26 14:00:00,6,294.8,14,3,5
2022-05-26 15:00:00,10,549.5,15,3,5
2022-05-26 16:00:00,10,486.1,16,3,5
2022-05-26 17:00:00,5,236.1,17,3,5
2022-05-26 18:00:00,9,404.7,18,3,5
2022-05-26 19:00:00,1,73.7,19,3,5
2022-05-26 20:00:00,4,188.0,20,3,5
2022-05-26 21:00:00,3,143.8,21,3,5
2022-05-26 22:00:00,2,123.6,22,3,5
2022-05-26 23:00:00,2,65.0,23,3,5
2022-05-27 00:00:00,1,80.0,0,4,5
2022-05-27 01:00:00,2,82.6,1,4,5
2022-05-27 02:00:00,1,49.2,2,4,5
2022-05-27 03:00:00,0,0.0,3,4,5
2022-05-27 04:00:00,4,289.3,4,4,5
2022-05-27 05:00:00,3,132.2,5,4,5
2022-05-27 06:00:00,4,199.5,6,4,5
2022-05-27 07:00:00,4,222.89999999999998,7,4,5
2022-05-27 08:00:00,3,112.0,8,4,5
2022-05-27 09:00:00,11,526.6,9,4,5
2022-05-27 10:00:00,11,580.9,10,4,5
2022-05-27 11:00:00,7,291.7,11,4,5
2022-05-27 12:00:00,6,266.0,12,4,5
2022-05-27 13:00:00,14,752.3,13,4,5
2022-05-27 14:00:00,7,385.9,14,4,5
2022-05-27 15:00:00,8,285.5,15,4,5
2022-05-27 16:00:00,9,463.9,16,4,5
2022-05-27 17:00:00,6,315.5,17,4,5
2022-05-27 18:00:00,8,366.0,18,4,5
2022-05-27 19:00:00,6,293.1,19,4,5
2022-05-27 20:00:00,7,399.40000000000003,20,4,5
2022-05-27 21:00:00,3,180.7,21,4,5
2022-05-27 22:00:00,1,67.4,22,4,5
2022-05-27 23:00:00,1,34.9,23,4,5
2022-05-28 00:00:00,0,0.0,0,5,5
2022-05-28 01:00:00,0,0.0,1,5,5
2022-05-28 02:00:00,0,0.0,2,5,5
2022-05-28 03:00:00,1,73.9,3,5,5
2022-05-28 04:00:00,0,0.0,4,5,5
2022-05-28 05:00:00,3,104.5,5,5,5
2022-05-28 06:00:00,1,67.5,6,5,5
2022-05-28 07:00:00,1,49.8,7,5,5
2022-05-28 08:00:00,6,296.0,8,5,5
2022-05-28 09:00:00,5,218.89999999999998,9,5,5
2022-05-28 10:00:00,11,638.5,10,5,5
2022-05-28 11:00:00,8,397.4,11,5,5
2022-05-28 12:00:00,9,484.1,12,5,5
2022-05-28 13:00:00,5,188.0,13,5,5
2022-05-28 14:00:00,9,451.7,14,5,5
2022-05-28 15:00:00,8,401.6,15,5,5
2022-05-28 16:00:00,6,256.0,16,5,5
2022-05-28 17:00:00,6,282.7,17,5,5
2022-05-28 18:00:00,7,379.1,18,5,5
2022-05-28 19:00:00,4,177.1,19,5,5
2022-05-28 20:00:00,3,122.4,20,5,5
2022-05-28 21:00:00,3,167.0,21,5,5
2022-05-28 22:00:00,2,113.6,22,5,5
2022-05-28 23:00:00,0,0.0,23,5,5
2022-05-29 00:00:00,0,0.0,0,6,5
2022-05-29 01:00:00,1,37.6,1,6,5
2022-05-29 02:00:00,0,0.0,2,6,5
2022-05-29 03:00:00,2,81.4,3,6,5
2022-05-29 04:00:00,1,45.6,4,6,5
2022-05-29 05:00:00,0,0.0,5,6,5
2022-05-29 06:00:00,1,44.3,6,6,5
2022-05-29 07:00:00,7,341.6,7,6,5
2022-05-29 08:00:00,8,314.4,8,6,5
2022-05-29 09:00:00,7,308.7,9,6,5
2022-05-29 10:00:00,9,401.1,10,6,5
2022-05-29 11:00:00,8,432.6,11,6,5
2022-05-29 12:00:00,7,305.2,12,6,5
2022-05-29 13:00:00,8,416.5,13,6,5
2022-05-29 14:00:00,9,497.7,14,6,5
2022-05-29 15:00:00,3,131.2,15,6,5
2022-05-29 16:00:00,6,250.5,16,6,5
2022-05-29 17:00:00,1,25.1,17,6,5
2022-05-29 18:00:00,6,285.1,18,6,5
2022-05-29 19:00:00,0,0.0,19,6,5
2022-05-29 20:00:00,4,155.2,20,6,5
2022-05-29 21:00:00,1,26.7,21,6,5
2022-05-29 22:00:00,0,0.0,22,6,5
2022-05-29 23:00:00,2,76.9,23,6,5
2022-05-30 00:00:00,1,68.8,0,0,5
2022-05-30 01:00:00,1,72.6,1,0,5
2022-05-30 02:00:00,2,108.6,2,0,5
2022-05-30 03:00:00,0,0.0,3,0,5
2022-05-30 04:00:00,1,48.4,4,0,5
2022-05-30 05:00:00,5,291.7,5,0,5
2022-05-30 06:00:00,3,178.4,6,0,5
2022-05-30 07:00:00,4,171.5,7,0,5
2022-05-30 08:00:00,4,196.10000000000002,8,0,5
2022-05-30 09:00:00,11,581.9,9,0,5
2022-05-30 10:00:00,10,498.7,10,0,5
2022-05-30 11:00:00,15,731.0,11,0,5
2022-05-30 12:00:00,13,545.9,12,0,5
2022-05-30 13:00:00,10,603.8,13,0,5
2022-05-30 14:00:00,14,639.8,14,0,5
2022-05-30 15:00:00,6,306.6,15,0,5
2022-05-30 16:00:00,13,679.3,16,0,5
2022-05-30 17:00:00,8,365.0,17,0,5
2022-05-30 18:00:00,5,227.1,18,0,5
2022-05-30 19:00:00,7,393.7,19,0,5
2022-05-30 20:00:00,1,29.2,20,0,5
2022-05-30 21:00:00,4,204.6,21,0,5
2022-05-30 22:00:00,1,73.7,22,0,5
2022-05-30 23:00:00,0,0.0,23,0,5
2022-05-31 00:00:00,0,0.0,0,1,5
2022-05-31 01:00:00,0,0.0,1,1,5
2022-05-31 02:00:00,2,126.1,2,1,5
2022-05-31 03:00:00,1,80.0,3,1,5
2022-05-31 04:00:00,0,0.0,4,1,5
2022-05-31 05:00:00,4,197.0,5,1,5
2022-05-31 06:00:00,3,146.4,6,1,5
2022-05-31 07:00:00,3,114.6,7,1,5
2022-05-31 08:00:00,6,287.4,8,1,5
2022-05-31 09:00:00,12,685.0,9,1,5
2022-05-31 10:00:00,12,655.3,10,1,5
2022-05-31 11:00:00,10,499.0,11,1,5
2022-05-31 12:00:00,10,409.2,12,1,5
2022-05-31 13:00:00,14,590.3,13,1,5
2022-05-31 14:00:00,15,823.5,14,1,5
2022-05-31 15:00:00,11,628.8,15,1,5
2022-05-31 16:00:00,12,521.6,16,1,5
2022-05-31 17:00:00,6,240.9,17,1,5
2022-05-31 18:00:00,6,361.0,18,1,5
2022-05-31 19:00:00,2,64.1,19,1,5
2022-05-31 20:00:00,3,150.5,20,1,5
2022-05-31 21:00:00,3,159.6,21,1,5
2022-05-31 22:00:00,0,0.0,22,1,5
2022-05-31 23:00:00,1,42.3,23,1,5
2022-06-01 00:00:00,2,81.19999999999999,0,2,6
2022-06-01 01:00:00,3,178.89999999999998,1,2,6
2022-06-01 02:00:00,0,0.0,2,2,6
2022-06-01 03:00:00,0,0.0,3,2,6
2022-06-01 04:00:00,1,31.7,4,2,6
2022-06-01 05:00:00,0,0.0,5,2,6
2022-06-01 06:00:00,6,265.3,6,2,6
2022-06-01 07:00:00,6,341.4,7,2,6
2022-06-01 08:00:00,5,223.3,8,2,6
2022-06-01 09:00:00,10,580.3,9,2,6
2022-06-01 10:00:00,14,642.1,10,2,6
2022-06-01 11:00:00,8,308.9,11,2,6
2022-06-01 12:00:00,9,397.3,12,2,6
2022-06-01 13:00:00,10,504.2,13,2,6
2022-06-01 14:00:00,9,513.3,14,2,6
2022-06-01 15:00:00,7,389.79999999999995,15,2,6
2022-06-01 16:00:00,8,447.0,16,2,6
2022-06-01 17:00:00,5,313.6,17,2,6
2022-06-01 18:00:00,7,427.4,18,2,6
2022-06-01 19:00:00,8,406.8,19,2,6
2022-06-01 20:00:00,1,34.1,20,2,6
2022-06-01 21:00:00,2,116.1,21,2,6
2022-06-01 22:00:00,0,0.0,22,2,6
2022-06-01 23:00:00,0,0.0,23,2,6
2022-06-02 00:00:00,0,0.0,0,3,6
2022-06-02 01:00:00,1,35.8,1,3,6
2022-06-02 02:00:00,2,79.19999999999999,2,3,6
2022-06-02 03:00:00,0,0.0,3,3,6
2022-06-02 04:00:00,2,111.89999999999999,4,3,6
2022-06-02 05:00:00,6,257.2,5,3,6
2022-06-02 06:00:00,4,188.9,6,3,6
2022-06-02 07:00:00,7,371.9,7,3,6
2022-06-02 08:00:00,8,351.4,8,3,6
2022-06-02 09:00:00,9,487.5,9,3,6
2022-06-02 10:00:00,17,864.5,10,3,6
2022-06-02 11:00:00,8,480.1,11,3,6
2022-06-02 12:00:00,9,517.6,12,3,6
2022-06-02 13:00:00,14,601.7,13,3,6
2022-06-02 14:00:00,8,336.5,14,3,6
2022-06-02 15:00:00,8,352.6,15,3,6
2022-06-02 16:00:00,7,336.9,16,3,6
2022-06-02 17:00:00,3,109.6,17,3,6
2022-06-02 18:00:00,1,80.0,18,3,6
2022-06-02 19:00:00,2,99.30000000000001,19,3,6
2022-06-02 20:00:00,3,144.8,20,3,6
2022-06-02 21:00:00,1,30.9,21,3,6
2022-06-02 22:00:00,1,49.9,22,3,6
2022-06-02 23:00:00,1,33.1,23,3,6
2022-06-03 00:00:00,2,60.7,0,4,6
2022-06-03 01:00:00,0,0.0,1,4,6
2022-06-03 02:00:00,1,71.9,2,4,6
2022-06-03 03:00:00,2,114.1,3,4,6
2022-06-03 04:00:00,0,0.0,4,4,6
2022-06-03 05:00:00,1,37.8,5,4,6
2022-06-03 06:00:00,3,153.8,6,4,6
2022-06-03 07:00:00,6,267.2,7,4,6
2022-06-03 08:00:00,3,165.0,8,4,6
2022-06-03 09:00:00,7,304.0,9,4,6
2022-06-03 10:00:00,14,813.6,10,4,6
2022-06-03 11:00:00,6,275.9,11,4,6
2022-06-03 12:00:00,11,519.2,12,4,6
2022-06-03 13:00:00,8,487.3,13,4,6
2022-06-03 14:00:00,12,577.3,14,4,6
2022-06-03 15:00:00,6,269.0,15,4,6
2022-06-03 16:00:00,8,387.7,16,4,6
2022-06-03 17:00:00,5,207.8,17,4,6
2022-06-03 18:00:00,8,328.2,18,4,6
2022-06-03 19:00:00,6,284.5,19,4,6
2022-06-03 20:00:00,4,147.6,20,4,6
2022-06-03 21:00:00,0,0.0,21,4,6
2022-06-03 22:00:00,0,0.0,22,4,6
2022-06-03 23:00:00,1,80.0,23,4,6
2022-06-04 00:00:00,0,0.0,0,5,6
2022-06-04 01:00:00,0,0.0,1,5,6
2022-06-04 02:00:00,0,0.0,2,5,6
2022-06-04 03:00:00,0,0.0,3,5,6
2022-06-04 04:00:00,2,103.5,4,5,6
2022-06-04 05:00:00,0,0.0,5,5,6
2022-06-04 06:00:00,0,0.0,6,5,6
2022-06-04 07:00:00,3,147.9,7,5,6
2022-06-04 08:00:00,5,223.7,8,5,6
2022-06-04 09:00:00,5,252.8,9,5,6
2022-06-04 10:00:00,10,521.5,10,5,6
2022-06-04 11:00:00,8,372.4,11,5,6
2022-06-04 12:00:00,15,773.1,12,5,6
2022-06-04 13:00:00,8,367.4,13,5,6
2022-06-04 14:00:00,12,543.6,14,5,6
2022-06-04 15:00:00,4,217.9,15,5,6
2022-06-04 16:00:00,9,435.4,16,5,6
2022-06-04 17:00:00,7,401.59999999999997,17,5,6
2022-06-04 18:00:00,1,35.2,18,5,6
2022-06-04 19:00:00,2,112.39999999999999,19,5,6
2022-06-04 20:00:00,4,181.4,20,5,6
2022-06-04 21:00:00,1,70.3,21,5,6
2022-06-04 22:00:00,0,0.0,22,5,6
2022-06-04 23:00:00,1,36.0,23,5,6
2022-06-05 00:00:00,2,97.9,0,6,6
2022-06-05 01:00:00,2,118.1,1,6,6
2022-06-05 02:00:00,0,0.0,2,6,6
2022-06-05 03:00:00,0,0.0,3,6,6
2022-06-05 04:00:00,2,113.9,4,6,6
2022-06-05 05:00:00,1,38.2,5,6,6
2022-06-05 06:00:00,3,177.10000000000002,6,6,6
2022-06-05 07:00:00,5,287.7,7,6,6
2022-06-05 08:00:00,4,164.0,8,6,6
2022-06-05 09:00:00,11,618.9,9,6,6
2022-06-05 10:00:00,9,484.2,10,6,6
2022-06-05 11:00:00,10,590.8,11,6,6
2022-06-05 12:00:00,14,739.9,12,6,6
2022-06-05 13:00:00,6,228.0,13,6,6
2022-06-05 14:00:00,6,314.1,14,6,6
2022-06-05 15:00:00,8,337.7,15,6,6
2022-06-05 16:00:00,6,275.3,16,6,6
2022-06-05 17:00:00,2,112.9,17,6,6
2022-06-05 18:00:00,4,284.3,18,6,6
2022-06-05 19:00:00,3,148.0,19,6,6
2022-06-05 20:00:00,5,257.1,20,6,6
2022-06-05 21:00:00,2,118.6,21,6,6
2022-06-05 22:00:00,0,0.0,22,6,6
2022-06-05 23:00:00,0,0.0,23,6,6
2022-06-06 00:00:00,2,67.1,0,0,6
2022-06-06 01:00:00,1,44.4,1,0,6
2022-06-06 02:00:00,2,102.30000000000001,2,0,6
2022-06-06 03:00:00,2,110.5,3,0,6
2022-06-06 04:00:00,0,0.0,4,0,6
2022-06-06 05:00:00,6,299.8,5,0,6
2022-06-06 06:00:00,5,331.7,6,0,6
2022-06-06 07:00:00,6,263.2,7,0,6
2022-06-06 08:00:00,3,117.2,8,0,6
2022-06-06 09:00:00,9,465.8,9,0,6
2022-06-06 10:00:00,7,332.6,10,0,6
2022-06-06 11:00:00,11,613.4,11,0,6
2022-06-06 12:00:00,5,291.1,12,0,6
2022-06-06 13:00:00,10,512.2,13,0,6
2022-06-06 14:00:00,5,293.6,14,0,6
2022-06-06 15:00:00,9,530.9,15,0,6
2022-06-06 16:00:00,5,266.3,16,0,6
2022-06-06 17:00:00,7,324.7,17,0,6
2022-06-06 18:00:00,4,182.5,18,0,6
2022-06-06 19:00:00,6,249.39999999999998,19,0,6
2022-06-06 20:00:00,3,146.8,20,0,6
2022-06-06 21:00:00,1,80.0,21,0,6
2022-06-06 22:00:00,1,37.3,22,0,6
2022-06-06 23:00:00,0,0.0,23,0,6
2022-06-07 00:00:00,1,29.2,0,1,6
2022-06-07 01:00:00,3,112.8,1,1,6
2022-06-07 02:00:00,1,32.1,2,1,6
2022-06-07 03:00:00,3,166.2,3,1,6
2022-06-07 04:00:00,0,0.0,4,1,6
2022-06-07 05:00:00,2,67.2,5,1,6
2022-06-07 06:00:00,5,274.8,6,1,6
2022-06-07 07:00:00,6,352.6,7,1,6
2022-06-07 08:00:00,4,242.5,8,1,6
2022-06-07 09:00:00,7,425.3,9,1,6
2022-06-07 10:00:00,8,455.0,10,1,6
2022-06-07 11:00:00,11,444.1,11,1,6
2022-06-07 12:00:00,9,366.8,12,1,6
2022-06-07 13:00:00,6,243.29999999999998,13,1,6
2022-06-07 14:00:00,11,525.7,14,1,6
2022-06-07 15:00:00,9,509.29999999999995,15,1,6
2022-06-07 16:00:00,7,346.2,16,1,6
2022-06-07 17:00:00,6,460.3,17,1,6
2022-06-07 18:00:00,3,127.69999999999999,18,1,6
2022-06-07 19:00:00,2,82.9,19,1,6
2022-06-07 20:00:00,3,150.7,20,1,6
2022-06-07 21:00:00,1,57.9,21,1,6
2022-06-07 22:00:00,0,0.0,22,1,6
2022-06-07 23:00:00,2,118.6,23,1,6
2022-06-08 00:00:00,2,114.5,0,2,6
2022-06-08 01:00:00,1,66.4,1,2,6
2022-06-08 02:00:00,0,0.0,2,2,6
2022-06-08 03:00:00,2,158.3,3,2,6
2022-06-08 04:00:00,0,0.0,4,2,6
2022-06-08 05:00:00,2,130.8,5,2,6
2022-06-08 06:00:00,4,213.7,6,2,6
2022-06-08 07:00:00,4,155.3,7,2,6
2022-06-08 08:00:00,5,224.1,8,2,6
2022-06-08 09:00:00,8,301.3,9,2,6
2022-06-08 10:00:00,5,241.6,10,2,6
2022-06-08 11:00:00,10,473.1,11,2,6
2022-06-08 12:00:00,7,329.9,12,2,6
2022-06-08 13:00:00,11,591.9,13,2,6
2022-06-08 14:00:00,15,681.1,14,2,6
2022-06-08 15:00:00,3,99.4,15,2,6
2022-06-08 16:00:00,3,169.5,16,2,6
2022-06-08 17:00:00,6,240.1,17,2,6
2022-06-08 18:00:00,9,460.4,18,2,6
2022-06-08 19:00:00,3,186.3,19,2,6
2022-06-08 20:00:00,5,183.3,20,2,6
2022-06-08 21:00:00,3,111.9,21,2,6
2022-06-08 22:00:00,0,0.0,22,2,6
2022-06-08 23:00:00,0,0.0,23,2,6
2022-06-09 00:00:00,1,36.8,0,3,6
2022-06-09 01:00:00,3,185.7,1,3,6
2022-06-09 02:00:00,2,83.1,2,3,6
2022-06-09 03:00:00,0,0.0,3,3,6
2022-06-09 04:00:00,1,30.0,4,3,6
2022-06-09 05:00:00,4,156.5,5,3,6
2022-06-09 06:00:00,4,269.7,6,3,6
2022-06-09 07:00:00,3,155.3,7,3,6
2022-06-09 08:00:00,3,156.7,8,3,6
2022-06-09 09:00:00,18,877.0,9,3,6
2022-06-09 10:00:00,6,324.8,10,3,6
2022-06-09 11:00:00,11,593.8,11,3,6
2022-06-09 12:00:00,10,510.0,12,3,6
2022-06-09 13:00:00,6,257.9,13,3,6
2022-06-09 14:00:00,8,385.5,14,3,6
2022-06-09 15:00:00,10,530.3,15,3,6
2022-06-09 16:00:00,8,347.0,16,3,6
2022-06-09 17:00:00,7,327.7,17,3,6
2022-06-09 18:00:00,6,295.7,18,3,6
2022-06-09 19:00:00,4,184.60000000000002,19,3,6
2022-06-09 20:00:00,3,124.9,20,3,6
2022-06-09 21:00:00,0,0.0,21,3,6
2022-06-09 22:00:00,2,91.19999999999999,22,3,6
2022-06-09 23:00:00,1,47.9,23,3,6
2022-06-10 00:00:00,1,51.5,0,4,6
2022-06-10 01:00:00,3,209.4,1,4,6
2022-06-10 02:00:00,0,0.0,2,4,6
2022-06-10 03:00:00,2,101.5,3,4,6
2022-06-10 04:00:00,1,29.3,4,4,6
2022-06-10 05:00:00,3,183.3,5,4,6
2022-06-10 06:00:00,3,188.3,6,4,6
2022-06-10 07:00:00,5,228.3,7,4,6
2022-06-10 08:00:00,10,476.6,8,4,6
2022-06-10 09:00:00,17,851.6,9,4,6
2022-06-10 10:00:00,7,454.2,10,4,6
2022-06-10 11:00:00,6,382.8,11,4,6
2022-06-10 12:00:00,4,216.3,12,4,6
2022-06-10 13:00:00,6,377.8,13,4,6
2022-06-10 14:00:00,9,401.1,14,4,6
2022-06-10 15:00:00,12,610.6999999999999,15,4,6
2022-06-10 16:00:00,10,481.1,16,4,6
2022-06-10 17:00:00,8,376.2,17,4,6
2022-06-10 18:00:00,5,265.2,18,4,6
2022-06-10 19:00:00,3,178.10000000000002,19,4,6
2022-06-10 20:00:00,3,158.0,20,4,6
2022-06-10 21:00:00,2,150.5,21,4,6
2022-06-10 22:00:00,0,0.0,22,4,6
2022-06-10 23:00:00,1,43.7,23,4,6
2022-06-11 00:00:00,0,0.0,0,5,6
2022-06-11 01:00:00,1,45.4,1,5,6
2022-06-11 02:00:00,0,0.0,2,5,6
2022-06-11 03:00:00,2,102.2,3,5,6
2022-06-11 04:00:00,0,0.0,4,5,6
2022-06-11 05:00:00,4,314.1,5,5,6
2022-06-11 06:00:00,3,134.5,6,5,6
2022-06-11 07:00:00,4,210.2,7,5,6
2022-06-11 08:00:00,8,394.4,8,5,6
2022-06-11 09:00:00,5,195.0,9,5,6
2022-06-11 10:00:00,12,641.5,10,5,6
2022-06-11 11:00:00,7,398.3,11,5,6
2022-06-11 12:00:00,8,422.5,12,5,6
2022-06-11 13:00:00,9,425.29999999999995,13,5,6
2022-06-11 14:00:00,6,282.6,14,5,6
2022-06-11 15:00:00,4,230.2,15,5,6
2022-06-11 16:00:00,3,184.8,16,5,6
2022-06-11 17:00:00,4,174.6,17,5,6
2022-06-11 18:00:00,6,224.5,18,5,6
2022-06-11 19:00:00,3,119.6,19,5,6
2022-06-11 20:00:00,3,175.5,20,5,6
2022-06-11 21:00:00,1,28.5,21,5,6
2022-06-11 22:00:00,0,0.0,22,5,6
2022-06-11 23:00:00,1,60.4,23,5,6
2022-06-12 00:00:00,1,30.2,0,6,6
2022-06-12 01:00:00,1,80.0,1,6,6
2022-06-12 02:00:00,0,0.0,2,6,6
2022-06-12 03:00:00,2,94.0,3,6,6
2022-06-12 04:00:00,1,44.7,4,6,6
2022-06-12 05:00:00,7,294.2,5,6,6
2022-06-12 06:00:00,4,181.0,6,6,6
2022-06-12 07:00:00,3,150.6,7,6,6
2022-06-12 08:00:00,8,427.6,8,6,6
2022-06-12 09:00:00,3,222.9,9,6,6
2022-06-12 10:00:00,9,475.40000000000003,10,6,6
2022-06-12 11:00:00,5,216.6,11,6,6
2022-06-12 12:00:00,7,412.9,12,6,6
2022-06-12 13:00:00,7,313.6,13,6,6
2022-06-12 14:00:00,6,229.8,14,6,6
2022-06-12 15:00:00,5,260.6,15,6,6
2022-06-12 16:00:00,7,435.0,16,6,6
2022-06-12 17:00:00,2,91.80000000000001,17,6,6
2022-06-12 18:00:00,5,299.1,18,6,6
2022-06-12 19:00:00,3,146.2,19,6,6
2022-06-12 20:00:00,0,0.0,20,6,6
2022-06-12 21:00:00,4,152.4,21,6,6
2022-06-12 22:00:00,0,0.0,22,6,6
2022-06-12 23:00:00,2,81.8,23,6,6
2022-06-13 00:00:00,0,0.0,0,0,6
2022-06-13 01:00:00,0,0.0,1,0,6
2022-06-13 02:00:00,2,112.0,2,0,6
2022-06-13 03:00:00,2,112.5,3,0,6
2022-06-13 04:00:00,0,0.0,4,0,6
2022-06-13 05:00:00,0,0.0,5,0,6
2022-06-13 06:00:00,3,117.1,6,0,6
2022-06-13 07:00:00,4,169.1,7,0,6
2022-06-13 08:00:00,10,489.2,8,0,6
2022-06-13 09:00:00,10,439.6,9,0,6
2022-06-13 10:00:00,10,606.9,10,0,6
2022-06-13 11:00:00,8,402.4,11,0,6
2022-06-13 12:00:00,7,388.5,12,0,6
2022-06-13 13:00:00,15,794.5,13,0,6
2022-06-13 14:00:00,8,409.8,14,0,6
2022-06-13 15:00:00,5,292.5,15,0,6
2022-06-13 16:00:00,8,363.8,16,0,6
2022-06-13 17:00:00,5,165.6,17,0,6
2022-06-13 18:00:00,5,241.0,18,0,6
2022-06-13 19:00:00,2,77.7,19,0,6
2022-06-13 20:00:00,6,340.9,20,0,6
2022-06-13 21:00:00,0,0.0,21,0,6
2022-06-13 22:00:00,1,34.3,22,0,6
2022-06-13 23:00:00,3,142.3,23,0,6
2022-06-14 00:00:00,1,36.5,0,1,6
2022-06-14 01:00:00,1,80.0,1,1,6
2022-06-14 02:00:00,0,0.0,2,1,6
2022-06-14 03:00:00,1,79.3,3,1,6
2022-06-14 04:00:00,2,62.1,4,1,6
2022-06-14 05:00:00,0,0.0,5,1,6
2022-06-14 06:00:00,3,131.0,6,1,6
2022-06-14 07:00:00,4,142.6,7,1,6
2022-06-14 08:00:00,6,288.4,8,1,6
2022-06-14 09:00:00,6,283.09999999999997,9,1,6
2022-06-14 10:00:00,10,449.0,10,1,6
2022-06-14 11:00:00,9,401.6,11,1,6
2022-06-14 12:00:00,10,438.8,12,1,6
2022-06-14 13:00:00,5,204.9,13,1,6
2022-06-14 14:00:00,16,818.2,14,1,6
2022-06-14 15:00:00,6,316.2,15,1,6
2022-06-14 16:00:00,4,167.1,16,1,6
2022-06-14 17:00:00,4,141.3,17,1,6
2022-06-14 18:00:00,8,388.5,18,1,6
2022-06-14 19:00:00,3,126.2,19,1,6
2022-06-14 20:00:00,2,80.5,20,1,6
2022-06-14 21:00:00,2,100.9,21,1,6
2022-06-14 22:00:00,2,116.2,22,1,6
2022-06-14 23:00:00,1,28.2,23,1,6
2022-06-15 00:00:00,0,0.0,0,2,6
2022-06-15 01:00:00,1,29.4,1,2,6
2022-06-15 02:00:00,2,85.0,2,2,6
2022-06-15 03:00:00,0,0.0,3,2,6
2022-06-15 04:00:00,0,0.0,4,2,6
2022-06-15 05:00:00,1,74.0,5,2,6
2022-06-15 06:00:00,4,248.9,6,2,6
2022-06-15 07:00:00,2,62.599999999999994,7,2,6
2022-06-15 08:00:00,6,330.0,8,2,6
2022-06-15 09:00:00,9,366.8,9,2,6
2022-06-15 10:00:00,4,194.5,10,2,6
2022-06-15 11:00:00,9,458.9,11,2,6
2022-06-15 12:00:00,10,549.1,12,2,6
2022-06-15 13:00:00,14,613.8,13,2,6
2022-06-15 14:00:00,10,484.5,14,2,6
2022-06-15 15:00:00,11,555.5,15,2,6
2022-06-15 16:00:00,9,455.7,16,2,6
2022-06-15 17:00:00,10,417.1,17,2,6
2022-06-15 18:00:00,6,240.4,18,2,6
2022-06-15 19:00:00,4,245.7,19,2,6
2022-06-15 20:00:00,1,45.4,20,2,6
2022-06-15 21:00:00,2,89.0,21,2,6
2022-06-15 22:00:00,1,28.7,22,2,6
2022-06-15 23:00:00,3,111.1,23,2,6
2022-06-16 00:00:00,1,37.4,0,3,6
2022-06-16 01:00:00,2,66.1,1,3,6
2022-06-16 02:00:00,2,91.7,2,3,6
2022-06-16 03:00:00,2,83.0,3,3,6
2022-06-16 04:00:00,1,64.2,4,3,6
2022-06-16 05:00:00,0,0.0,5,3,6
2022-06-16 06:00:00,7,345.1,6,3,6
2022-06-16 07:00:00,7,342.2,7,3,6
2022-06-16 08:00:00,5,296.8,8,3,6
2022-06-16 09:00:00,5,229.0,9,3,6
2022-06-16 10:00:00,10,507.4,10,3,6
2022-06-16 11:00:00,9,426.1,11,3,6
2022-06-16 12:00:00,8,453.0,12,3,6
2022-06-16 13:00:00,12,624.6,13,3,6
2022-06-16 14:00:00,12,660.1,14,3,6
2022-06-16 15:00:00,8,377.4,15,3,6
2022-06-16 16:00:00,9,441.4,16,3,6
2022-06-16 17:00:00,3,197.0,17,3,6
2022-06-16 18:00:00,2,123.5,18,3,6
2022-06-16 19:00:00,4,186.8,19,3,6
2022-06-16 20:00:00,5,303.1,20,3,6
2022-06-16 21:00:00,5,252.6,21,3,6
2022-06-16 22:00:00,0,0.0,22,3,6
2022-06-16 23:00:00,0,0.0,23,3,6
2022-06-17 00:00:00,0,0.0,0,4,6
2022-06-17 01:00:00,1,79.4,1,4,6
2022-06-17 02:00:00,1,27.7,2,4,6
2022-06-17 03:00:00,2,108.3,3,4,6
2022-06-17 04:00:00,2,80.8,4,4,6
2022-06-17 05:00:00,4,231.2,5,4,6
2022-06-17 06:00:00,1,78.4,6,4,6
2022-06-17 07:00:00,4,173.8,7,4,6
2022-06-17 08:00:00,6,272.4,8,4,6
2022-06-17 09:00:00,8,391.8,9,4,6
2022-06-17 10:00:00,9,382.3,10,4,6
2022-06-17 11:00:00,11,606.5,11,4,6
2022-06-17 12:00:00,13,676.6,12,4,6
2022-06-17 13:00:00,8,409.4,13,4,6
2022-06-17 14:00:00,10,484.2,14,4,6
2022-06-17 15:00:00,6,299.0,15,4,6
2022-06-17 16:00:00,5,288.7,16,4,6
2022-06-17 17:00:00,9,376.3,17,4,6
2022-06-17 18:00:00,7,302.7,18,4,6
2022-06-17 19:00:00,5,234.2,19,4,6
2022-06-17 20:00:00,6,346.6,20,4,6
2022-06-17 21:00:00,1,33.8,21,4,6
2022-06-17 22:00:00,0,0.0,22,4,6
2022-06-17 23:00:00,1,48.7,23,4,6
2022-06-18 00:00:00,2,124.3,0,5,6
2022-06-18 01:00:00,1,41.4,1,5,6
2022-06-18 02:00:00,1,59.3,2,5,6
2022-06-18 03:00:00,0,0.0,3,5,6
2022-06-18 04:00:00,0,0.0,4,5,6
2022-06-18 05:00:00,5,262.7,5,5,6
2022-06-18 06:00:00,2,89.8,6,5,6
2022-06-18 07:00:00,4,163.4,7,5,6
2022-06-18 08:00:00,4,212.8,8,5,6
2022-06-18 09:00:00,7,241.9,9,5,6
2022-06-18 10:00:00,11,619.8,10,5,6
2022-06-18 11:00:00,5,235.7,11,5,6
2022-06-18 12:00:00,3,159.1,12,5,6
2022-06-18 13:00:00,5,220.10000000000002,13,5,6
2022-06-18 14:00:00,9,394.7,14,5,6
2022-06-18 15:00:00,9,496.0,15,5,6
2022-06-18 16:00:00,4,181.7,16,5,6
2022-06-18 17:00:00,5,238.9,17,5,6
2022-06-18 18:00:00,5,290.8,18,5,6
2022-06-18 19:00:00,4,154.7,19,5,6
2022-06-18 20:00:00,1,29.4,20,5,6
2022-06-18 21:00:00,1,47.3,21,5,6
2022-06-18 22:00:00,1,31.4,22,5,6
2022-06-18 23:00:00,0,0.0,23,5,6
2022-06-19 00:00:00,1,37.9,0,6,6
2022-06-19 01:00:00,0,0.0,1,6,6
2022-06-19 02:00:00,1,32.2,2,6,6
2022-06-19 03:00:00,0,0.0,3,6,6
2022-06-19 04:00:00,1,35.9,4,6,6
2022-06-19 05:00:00,0,0.0,5,6,6
2022-06-19 06:00:00,1,54.0,6,6,6
2022-06-19 07:00:00,3,94.0,7,6,6
2022-06-19 08:00:00,2,77.9,8,6,6
2022-06-19 09:00:00,5,205.9,9,6,6
2022-06-19 10:00:00,10,563.7,10,6,6
2022-06-19 11:00:00,11,553.2,11,6,6
2022-06-19 12:00:00,10,583.3,12,6,6
2022-06-19 13:00:00,9,426.8,13,6,6
2022-06-19 14:00:00,9,358.8,14,6,6
2022-06-19 15:00:00,3,203.3,15,6,6
2022-06-19 16:00:00,6,293.0,16,6,6
2022-06-19 17:00:00,2,75.3,17,6,6
2022-06-19 18:00:00,5,192.4,18,6,6
2022-06-19 19:00:00,4,196.8,19,6,6
2022-06-19 20:00:00,2,64.1,20,6,6
2022-06-19 21:00:00,3,99.4,21,6,6
2022-06-19 22:00:00,0,0.0,22,6,6
2022-06-19 23:00:00,0,0.0,23,6,6
2022-06-20 00:00:00,1,42.7,0,0,6
2022-06-20 01:00:00,2,95.1,1,0,6
2022-06-20 02:00:00,0,0.0,2,0,6
2022-06-20 03:00:00,1,29.8,3,0,6
2022-06-20 04:00:00,2,157.3,4,0,6
2022-06-20 05:00:00,0,0.0,5,0,6
2022-06-20 06:00:00,5,214.89999999999998,6,0,6
2022-06-20 07:00:00,8,363.3,7,0,6
2022-06-20 08:00:00,11,523.9,8,0,6
2022-06-20 09:00:00,8,355.7,9,0,6
2022-06-20 10:00:00,10,508.9,10,0,6
2022-06-20 11:00:00,10,514.7,11,0,6
2022-06-20 12:00:00,5,172.1,12,0,6
2022-06-20 13:00:00,10,555.5,13,0,6
2022-06-20 14:00:00,13,567.4,14,0,6
2022-06-20 15:00:00,9,542.5,15,0,6
2022-06-20 16:00:00,6,324.8,16,0,6
2022-06-20 17:00:00,7,358.29999999999995,17,0,6
2022-06-20 18:00:00,6,256.6,18,0,6
2022-06-20 19:00:00,2,107.5,19,0,6
2022-06-20 20:00:00,0,0.0,20,0,6
2022-06-20 21:00:00,1,33.2,21,0,6
2022-06-20 22:00:00,0,0.0,22,0,6
2022-06-20 23:00:00,0,0.0,23,0,6
2022-06-21 00:00:00,1,31.6,0,1,6
2022-06-21 01:00:00,2,86.0,1,1,6
2022-06-21 02:00:00,0,0.0,2,1,6
2022-06-21 03:00:00,0,0.0,3,1,6
2022-06-21 04:00:00,1,68.7,4,1,6
2022-06-21 05:00:00,1,32.8,5,1,6
2022-06-21 06:00:00,2,85.80000000000001,6,1,6
2022-06-21 07:00:00,5,185.3,7,1,6
2022-06-21 08:00:00,3,142.6,8,1,6
2022-06-21 09:00:00,9,526.6999999999999,9,1,6
2022-06-21 10:00:00,12,638.3,10,1,6
2022-06-21 11:00:00,15,791.5,11,1,6
2022-06-21 12:00:00,5,273.4,12,1,6
2022-06-21 13:00:00,8,341.3,13,1,6
2022-06-21 14:00:00,13,608.3,14,1,6
2022-06-21 15:00:00,12,575.7,15,1,6
2022-06-21 16:00:00,7,354.0,16,1,6
2022-06-21 17:00:00,7,385.7,17,1,6
2022-06-21 18:00:00,9,493.6,18,1,6
2022-06-21 19:00:00,4,152.5,19,1,6
2022-06-21 20:00:00,1,40.8,20,1,6
2022-06-21 21:00:00,5,266.5,21,1,6
2022-06-21 22:00:00,1,69.6,22,1,6
2022-06-21 23:00:00,0,0.0,23,1,6
2022-06-22 00:00:00,1,43.5,0,2,6
2022-06-22 01:00:00,1,65.9,1,2,6
2022-06-22 02:00:00,1,77.1,2,2,6
2022-06-22 03:00:00,2,110.8,3,2,6
2022-06-22 04:00:00,2,113.2,4,2,6
2022-06-22 05:00:00,1,31.6,5,2,6
2022-06-22 06:00:00,2,86.1,6,2,6
2022-06-22 07:00:00,2,151.8,7,2,6
2022-06-22 08:00:00,6,232.0,8,2,6
2022-06-22 09:00:00,2,111.1,9,2,6
2022-06-22 10:00:00,11,622.6,10,2,6
2022-06-22 11:00:00,11,558.4,11,2,6
2022-06-22 12:00:00,14,710.1,12,2,6
2022-06-22 13:00:00,6,270.8,13,2,6
2022-06-22 14:00:00,9,453.9,14,2,6
2022-06-22 15:00:00,9,379.5,15,2,6
2022-06-22 16:00:00,13,557.9,16,2,6
2022-06-22 17:00:00,7,308.4,17,2,6
2022-06-22 18:00:00,5,308.8,18,2,6
2022-06-22 19:00:00,4,198.1,19,2,6
2022-06-22 20:00:00,5,281.2,20,2,6
2022-06-22 21:00:00,5,239.3,21,2,6
2022-06-22 22:00:00,1,51.7,22,2,6
2022-06-22 23:00:00,1,44.7,23,2,6
2022-06-23 00:00:00,1,80.0,0,3,6
2022-06-23 01:00:00,3,171.0,1,3,6
2022-06-23 02:00:00,1,44.7,2,3,6
2022-06-23 03:00:00,1,28.9,3,3,6
2022-06-23 04:00:00,0,0.0,4,3,6
2022-06-23 05:00:00,3,157.1,5,3,6
2022-06-23 06:00:00,4,253.3,6,3,6
2022-06-23 07:00:00,4,267.5,7,3,6
2022-06-23 08:00:00,10,456.4,8,3,6
2022-06-23 09:00:00,9,461.7,9,3,6
2022-06-23 10:00:00,4,173.8,10,3,6
2022-06-23 11:00:00,3,107.6,11,3,6
2022-06-23 12:00:00,11,587.1,12,3,6
2022-06-23 13:00:00,19,894.5,13,3,6
2022-06-23 14:00:00,6,244.6,14,3,6
2022-06-23 15:00:00,15,816.5,15,3,6
2022-06-23 16:00:00,13,638.1,16,3,6
2022-06-23 17:00:00,9,396.1,17,3,6
2022-06-23 18:00:00,3,104.3,18,3,6
2022-06-23 19:00:00,4,190.8,19,3,6
2022-06-23 20:00:00,5,300.5,20,3,6
2022-06-23 21:00:00,2,65.5,21,3,6
2022-06-23 22:00:00,1,44.1,22,3,6
2022-06-23 23:00:00,0,0.0,23,3,6
2022-06-24 00:00:00,0,0.0,0,4,6
2022-06-24 01:00:00,1,80.0,1,4,6
2022-06-24 02:00:00,2,110.89999999999999,2,4,6
2022-06-24 03:00:00,1,74.5,3,4,6
2022-06-24 04:00:00,0,0.0,4,4,6
2022-06-24 05:00:00,1,31.4,5,4,6
2022-06-24 06:00:00,3,106.2,6,4,6
2022-06-24 07:00:00,4,161.2,7,4,6
2022-06-24 08:00:00,9,520.6,8,4,6
2022-06-24 09:00:00,11,551.6,9,4,6
2022-06-24 10:00:00,12,549.5,10,4,6
2022-06-24 11:00:00,15,677.6,11,4,6
2022-06-24 12:00:00,8,425.8,12,4,6
2022-06-24 13:00:00,6,291.4,13,4,6
2022-06-24 14:00:00,14,592.6,14,4,6
2022-06-24 15:00:00,6,337.2,15,4,6
2022-06-24 16:00:00,6,351.6,16,4,6
2022-06-24 17:00:00,1,80.0,17,4,6
2022-06-24 18:00:00,4,289.5,18,4,6
2022-06-24 19:00:00,4,164.6,19,4,6
2022-06-24 20:00:00,3,191.9,20,4,6
2022-06-24 21:00:00,2,111.3,21,4,6
2022-06-24 22:00:00,0,0.0,22,4,6
2022-06-24 23:00:00,5,272.0,23,4,6
2022-06-25 00:00:00,2,156.3,0,5,6
2022-06-25 01:00:00,0,0.0,1,5,6
2022-06-25 02:00:00,0,0.0,2,5,6
2022-06-25 03:00:00,0,0.0,3,5,6
2022-06-25 04:00:00,0,0.0,4,5,6
2022-06-25 05:00:00,2,128.4,5,5,6
2022-06-25 06:00:00,2,60.1,6,5,6
2022-06-25 07:00:00,1,80.0,7,5,6
2022-06-25 08:00:00,1,70.4,8,5,6
2022-06-25 09:00:00,5,213.3,9,5,6
2022-06-25 10:00:00,6,306.1,10,5,6
2022-06-25 11:00:00,13,645.2,11,5,6
2022-06-25 12:00:00,6,228.1,12,5,6
2022-06-25 13:00:00,14,638.6,13,5,6
2022-06-25 14:00:00,6,337.3,14,5,6
2022-06-25 15:00:00,12,541.5,15,5,6
2022-06-25 16:00:00,6,326.7,16,5,6
2022-06-25 17:00:00,6,342.1,17,5,6
2022-06-25 18:00:00,1,30.8,18,5,6
2022-06-25 19:00:00,3,158.39999999999998,19,5,6
2022-06-25 20:00:00,4,202.4,20,5,6
2022-06-25 21:00:00,0,0.0,21,5,6
2022-06-25 22:00:00,2,63.8,22,5,6
2022-06-25 23:00:00,0,0.0,23,5,6
2022-06-26 00:00:00,1,45.4,0,6,6
2022-06-26 01:00:00,0,0.0,1,6,6
2022-06-26 02:00:00,0,0.0,2,6,6
2022-06-26 03:00:00,0,0.0,3,6,6
2022-06-26 04:00:00,0,0.0,4,6,6
2022-06-26 05:00:00,1,48.7,5,6,6
2022-06-26 06:00:00,3,96.1,6,6,6
2022-06-26 07:00:00,0,0.0,7,6,6
2022-06-26 08:00:00,7,274.7,8,6,6
2022-06-26 09:00:00,5,260.3,9,6,6
2022-06-26 10:00:00,9,410.0,10,6,6
2022-06-26 11:00:00,7,341.8,11,6,6
2022-06-26 12:00:00,10,638.3,12,6,6
2022-06-26 13:00:00,8,461.5,13,6,6
2022-06-26 14:00:00,6,252.5,14,6,6
2022-06-26 15:00:00,7,314.7,15,6,6
2022-06-26 16:00:00,7,388.3,16,6,6
2022-06-26 17:00:00,4,205.3,17,6,6
2022-06-26 18:00:00,3,155.6,18,6,6
2022-06-26 19:00:00,6,302.0,19,6,6
2022-06-26 20:00:00,1,51.8,20,6,6
2022-06-26 21:00:00,2,117.9,21,6,6
2022-06-26 22:00:00,3,128.0,22,6,6
2022-06-26 23:00:00,1,35.0,23,6,6
2022-06-27 00:00:00,0,0.0,0,0,6
2022-06-27 01:00:00,0,0.0,1,0,6
2022-06-27 02:00:00,1,70.4,2,0,6
2022-06-27 03:00:00,0,0.0,3,0,6
2022-06-27 04:00:00,1,57.3,4,0,6
2022-06-27 05:00:00,2,91.80000000000001,5,0,6
2022-06-27 06:00:00,6,370.2,6,0,6
2022-06-27 07:00:00,8,369.59999999999997,7,0,6
2022-06-27 08:00:00,2,126.0,8,0,6
2022-06-27 09:00:00,4,232.9,9,0,6
2022-06-27 10:00:00,7,317.6,10,0,6
2022-06-27 11:00:00,12,566.6,11,0,6
2022-06-27 12:00:00,16,740.0,12,0,6
2022-06-27 13:00:00,13,646.7,13,0,6
2022-06-27 14:00:00,8,375.1,14,0,6
2022-06-27 15:00:00,9,503.5,15,0,6
2022-06-27 16:00:00,2,110.10000000000001,16,0,6
2022-06-27 17:00:00,6,315.90000000000003,17,0,6
2022-06-27 18:00:00,6,281.29999999999995,18,0,6
2022-06-27 19:00:00,4,206.0,19,0,6
2022-06-27 20:00:00,3,126.9,20,0,6
2022-06-27 21:00:00,6,308.1,21,0,6
2022-06-27 22:00:00,3,188.0,22,0,6
2022-06-27 23:00:00,0,0.0,23,0,6
2022-06-28 00:00:00,1,53.3,0,1,6
2022-06-28 01:00:00,1,52.6,1,1,6
2022-06-28 02:00:00,1,31.8,2,1,6
2022-06-28 03:00:00,2,111.7,3,1,6
2022-06-28 04:00:00,2,135.0,4,1,6
2022-06-28 05:00:00,2,78.69999999999999,5,1,6
2022-06-28 06:00:00,5,172.5,6,1,6
2022-06-28 07:00:00,5,254.3,7,1,6
2022-06-28 08:00:00,8,345.5,8,1,6
2022-06-28 09:00:00,7,311.2,9,1,6
2022-06-28 10:00:00,10,562.4,10,1,6
2022-06-28 11:00:00,12,564.0,11,1,6
2022-06-28 12:00:00,9,359.7,12,1,6
2022-06-28 13:00:00,9,516.4,13,1,6
2022-06-28 14:00:00,7,326.9,14,1,6
2022-06-28 15:00:00,7,366.6,15,1,6
2022-06-28 16:00:00,6,221.8,16,1,6
2022-06-28 17:00:00,0,0.0,17,1,6
2022-06-28 18:00:00,4,183.0,18,1,6
2022-06-28 19:00:00,3,141.5,19,1,6
2022-06-28 20:00:00,1,34.7,20,1,6
2022-06-28 21:00:00,3,143.3,21,1,6
2022-06-28 22:00:00,0,0.0,22,1,6
2022-06-28 23:00:00,2,100.8,23,1,6
2022-06-29 00:00:00,0,0.0,0,2,6
2022-06-29 01:00:00,1,48.4,1,2,6
2022-06-29 02:00:00,0,0.0,2,2,6
2022-06-29 03:00:00,0,0.0,3,2,6
2022-06-29 04:00:00,3,103.2,4,2,6
2022-06-29 05:00:00,2,89.9,5,2,6
2022-06-29 06:00:00,5,277.5,6,2,6
2022-06-29 07:00:00,10,517.2,7,2,6
2022-06-29 08:00:00,5,306.9,8,2,6
2022-06-29 09:00:00,6,366.7,9,2,6
2022-06-29 10:00:00,7,259.9,10,2,6
2022-06-29 11:00:00,6,324.2,11,2,6
2022-06-29 12:00:00,13,786.7,12,2,6
2022-06-29 13:00:00,10,475.2,13,2,6
2022-06-29 14:00:00,7,319.4,14,2,6
2022-06-29 15:00:00,9,465.4,15,2,6
2022-06-29 16:00:00,9,467.3,16,2,6
2022-06-29 17:00:00,7,356.6,17,2,6
2022-06-29 18:00:00,8,335.2,18,2,6
2022-06-29 19:00:00,4,217.5,19,2,6
2022-06-29 20:00:00,2,115.9,20,2,6
2022-06-29 21:00:00,2,118.7,21,2,6
2022-06-29 22:00:00,1,61.5,22,2,6
2022-06-29 23:00:00,0,0.0,23,2,6
2022-06-30 00:00:00,1,53.8,0,3,6
2022-06-30 01:00:00,3,151.9,1,3,6
2022-06-30 02:00:00,2,79.6,2,3,6
2022-06-30 03:00:00,0,0.0,3,3,6
2022-06-30 04:00:00,1,51.7,4,3,6
2022-06-30 05:00:00,4,213.8,5,3,6
2022-06-30 06:00:00,1,52.4,6,3,6
2022-06-30 07:00:00,7,334.5,7,3,6
2022-06-30 08:00:00,8,462.9,8,3,6
2022-06-30 09:00:00,11,559.5,9,3,6
2022-06-30 10:00:00,10,456.0,10,3,6
2022-06-30 11:00:00,10,532.0,11,3,6
2022-06-30 12:00:00,9,450.2,12,3,6
2022-06-30 13:00:00,18,867.5,13,3,6
2022-06-30 14:00:00,6,278.3,14,3,6
2022-06-30 15:00:00,11,512.9,15,3,6
2022-06-30 16:00:00,5,235.5,16,3,6
2022-06-30 17:00:00,7,278.4,17,3,6
2022-06-30 18:00:00,3,138.9,18,3,6
2022-06-30 19:00:00,3,123.5,19,3,6
2022-06-30 20:00:00,2,103.3,20,3,6
2022-06-30 21:00:00,3,90.4,21,3,6
2022-06-30 22:00:00,3,126.6,22,3,6
2022-06-30 23:00:00,0,0.0,23,3,6
2022-07-01 00:00:00,2,82.2,0,4,7
2022-07-01 01:00:00,1,80.0,1,4,7
2022-07-01 02:00:00,1,70.9,2,4,7
2022-07-01 03:00:00,1,27.1,3,4,7
2022-07-01 04:00:00,0,0.0,4,4,7
2022-07-01 05:00:00,3,145.2,5,4,7
2022-07-01 06:00:00,5,270.20000000000005,6,4,7
2022-07-01 07:00:00,4,194.9,7,4,7
2022-07-01 08:00:00,8,342.09999999999997,8,4,7
2022-07-01 09:00:00,11,546.2,9,4,7
2022-07-01 10:00:00,11,452.8,10,4,7
2022-07-01 11:00:00,13,575.5,11,4,7
2022-07-01 12:00:00,7,296.5,12,4,7
2022-07-01 13:00:00,6,305.0,13,4,7
2022-07-01 14:00:00,5,245.8,14,4,7
2022-07-01 15:00:00,6,385.7,15,4,7
2022-07-01 16:00:00,9,451.5,16,4,7
2022-07-01 17:00:00,7,382.1,17,4,7
2022-07-01 18:00:00,6,293.2,18,4,7
2022-07-01 19:00:00,4,234.9,19,4,7
2022-07-01 20:00:00,2,78.4,20,4,7
2022-07-01 21:00:00,4,168.0,21,4,7
2022-07-01 22:00:00,1,47.3,22,4,7
2022-07-01 23:00:00,0,0.0,23,4,7
2022-07-02 00:00:00,0,0.0,0,5,7
2022-07-02 01:00:00,0,0.0,1,5,7
2022-07-02 02:00:00,0,0.0,2,5,7
2022-07-02 03:00:00,0,0.0,3,5,7
2022-07-02 04:00:00,1,64.2,4,5,7
2022-07-02 05:00:00,1,80.0,5,5,7
2022-07-02 06:00:00,3,192.4,6,5,7
2022-07-02 07:00:00,4,239.60000000000002,7,5,7
2022-07-02 08:00:00,2,84.6,8,5,7
2022-07-02 09:00:00,6,234.1,9,5,7
2022-07-02 10:00:00,3,138.7,10,5,7
2022-07-02 11:00:00,7,333.8,11,5,7
2022-07-02 12:00:00,10,503.5,12,5,7
2022-07-02 13:00:00,10,495.59999999999997,13,5,7
2022-07-02 14:00:00,6,316.6,14,5,7
2022-07-02 15:00:00,6,274.3,15,5,7
2022-07-02 16:00:00,8,429.4,16,5,7
2022-07-02 17:00:00,8,402.1,17,5,7
2022-07-02 18:00:00,7,463.9,18,5,7
2022-07-02 19:00:00,5,184.3,19,5,7
2022-07-02 20:00:00,2,106.1,20,5,7
2022-07-02 21:00:00,1,30.3,21,5,7
2022-07-02 22:00:00,1,44.6,22,5,7
2022-07-02 23:00:00,0,0.0,23,5,7
2022-07-03 00:00:00,2,76.0,0,6,7
2022-07-03 01:00:00,0,0.0,1,6,7
2022-07-03 02:00:00,0,0.0,2,6,7
2022-07-03 03:00:00,1,34.5,3,6,7
2022-07-03 04:00:00,2,120.2,4,6,7
2022-07-03 05:00:00,1,73.9,5,6,7
2022-07-03 06:00:00,0,0.0,6,6,7
2022-07-03 07:00:00,0,0.0,7,6,7
2022-07-03 08:00:00,4,213.1,8,6,7
2022-07-03 09:00:00,8,383.8,9,6,7
2022-07-03 10:00:00,10,433.6,10,6,7
2022-07-03 11:00:00,5,262.4,11,6,7
2022-07-03 12:00:00,10,491.9,12,6,7
2022-07-03 13:00:00,9,503.4,13,6,7
2022-07-03 14:00:00,2,123.8,14,6,7
2022-07-03 15:00:00,6,324.3,15,6,7
2022-07-03 16:00:00,3,176.1,16,6,7
2022-07-03 17:00:00,6,266.1,17,6,7
2022-07-03 18:00:00,7,364.6,18,6,7
2022-07-03 19:00:00,1,34.5,19,6,7
2022-07-03 20:00:00,1,26.0,20,6,7
2022-07-03 21:00:00,3,133.0,21,6,7
2022-07-03 22:00:00,0,0.0,22,6,7
2022-07-03 23:00:00,1,47.1,23,6,7
2022-07-04 00:00:00,0,0.0,0,0,7
2022-07-04 01:00:00,0,0.0,1,0,7
2022-07-04 02:00:00,0,0.0,2,0,7
2022-07-04 03:00:00,0,0.0,3,0,7
2022-07-04 04:00:00,2,95.1,4,0,7
2022-07-04 05:00:00,2,92.5,5,0,7
2022-07-04 06:00:00,3,170.9,6,0,7
2022-07-04 07:00:00,5,278.6,7,0,7
2022-07-04 08:00:00,8,495.4,8,0,7
2022-07-04 09:00:00,13,698.8,9,0,7
2022-07-04 10:00:00,10,459.0,10,0,7
2022-07-04 11:00:00,6,287.8,11,0,7
2022-07-04 12:00:00,8,421.7,12,0,7
2022-07-04 13:00:00,13,556.4,13,0,7
2022-07-04 14:00:00,21,937.3,14,0,7
2022-07-04 15:00:00,8,362.7,15,0,7
2022-07-04 16:00:00,15,753.5,16,0,7
2022-07-04 17:00:00,10,520.2,17,0,7
2022-07-04 18:00:00,7,386.9,18,0,7
2022-07-04 19:00:00,4,144.3,19,0,7
2022-07-04 20:00:00,4,250.8,20,0,7
2022-07-04 21:00:00,1,32.6,21,0,7
2022-07-04 22:00:00,0,0.0,22,0,7
2022-07-04 23:00:00,0,0.0,23,0,7
2022-07-05 00:00:00,0,0.0,0,1,7
2022-07-05 01:00:00,2,63.400000000000006,1,1,7
2022-07-05 02:00:00,2,84.1,2,1,7
2022-07-05 03:00:00,0,0.0,3,1,7
2022-07-05 04:00:00,3,137.0,4,1,7
2022-07-05 05:00:00,3,140.3,5,1,7
2022-07-05 06:00:00,5,218.8,6,1,7
2022-07-05 07:00:00,4,217.1,7,1,7
2022-07-05 08:00:00,8,485.8,8,1,7
2022-07-05 09:00:00,12,557.7,9,1,7
2022-07-05 10:00:00,11,498.1,10,1,7
2022-07-05 11:00:00,5,201.1,11,1,7
2022-07-05 12:00:00,14,618.8,12,1,7
2022-07-05 13:00:00,10,501.3,13,1,7
2022-07-05 14:00:00,8,362.9,14,1,7
2022-07-05 15:00:00,8,458.3,15,1,7
2022-07-05 16:00:00,8,505.4,16,1,7
2022-07-05 17:00:00,9,441.2,17,1,7
2022-07-05 18:00:00,6,325.8,18,1,7
2022-07-05 19:00:00,3,134.8,19,1,7
2022-07-05 20:00:00,2,87.6,20,1,7
2022-07-05 21:00:00,4,171.2,21,1,7
2022-07-05 22:00:00,0,0.0,22,1,7
2022-07-05 23:00:00,1,35.9,23,1,7
2022-07-06 00:00:00,0,0.0,0,2,7
2022-07-06 01:00:00,1,38.2,1,2,7
2022-07-06 02:00:00,0,0.0,2,2,7
2022-07-06 03:00:00,0,0.0,3,2,7
2022-07-06 04:00:00,2,93.0,4,2,7
2022-07-06 05:00:00,1,34.9,5,2,7
2022-07-06 06:00:00,3,156.1,6,2,7
2022-07-06 07:00:00,4,253.6,7,2,7
2022-07-06 08:00:00,6,280.1,8,2,7
2022-07-06 09:00:00,7,328.9,9,2,7
2022-07-06 10:00:00,19,885.1,10,2,7
2022-07-06 11:00:00,7,368.3,11,2,7
2022-07-06 12:00:00,11,474.3,12,2,7
2022-07-06 13:00:00,6,371.6,13,2,7
2022-07-06 14:00:00,11,566.7,14,2,7
2022-07-06 15:00:00,9,509.3,15,2,7
2022-07-06 16:00:00,9,540.6,16,2,7
2022-07-06 17:00:00,6,289.2,17,2,7
2022-07-06 18:00:00,6,329.0,18,2,7
2022-07-06 19:00:00,8,413.1,19,2,7
2022-07-06 20:00:00,6,275.8,20,2,7
2022-07-06 21:00:00,2,160.0,21,2,7
2022-07-06 22:00:00,0,0.0,22,2,7
2022-07-06 23:00:00,1,44.5,23,2,7
2022-07-07 00:00:00,0,0.0,0,3,7
2022-07-07 01:00:00,4,176.2,1,3,7
2022-07-07 02:00:00,0,0.0,2,3,7
2022-07-07 03:00:00,2,120.9,3,3,7
2022-07-07 04:00:00,2,69.6,4,3,7
2022-07-07 05:00:00,3,145.4,5,3,7
2022-07-07 06:00:00,4,230.10000000000002,6,3,7
2022-07-07 07:00:00,2,111.9,7,3,7
2022-07-07 08:00:00,4,212.2,8,3,7
2022-07-07 09:00:00,12,663.2,9,3,7
2022-07-07 10:00:00,10,418.9,10,3,7
2022-07-07 11:00:00,3,161.8,11,3,7
2022-07-07 12:00:00,10,591.0,12,3,7
2022-07-07 13:00:00,6,277.7,13,3,7
2022-07-07 14:00:00,6,328.5,14,3,7
2022-07-07 15:00:00,6,261.0,15,3,7
2022-07-07 16:00:00,7,359.70000000000005,16,3,7
2022-07-07 17:00:00,5,179.9,17,3,7
2022-07-07 18:00:00,8,472.8,18,3,7
2022-07-07 19:00:00,6,304.4,19,3,7
2022-07-07 20:00:00,2,95.1,20,3,7
2022-07-07 21:00:00,0,0.0,21,3,7
2022-07-07 22:00:00,0,0.0,22,3,7
2022-07-07 23:00:00,1,52.5,23,3,7
2022-07-08 00:00:00,2,104.7,0,4,7
2022-07-08 01:00:00,2,127.3,1,4,7
2022-07-08 02:00:00,3,149.6,2,4,7
2022-07-08 03:00:00,1,37.5,3,4,7
2022-07-08 04:00:00,1,48.1,4,4,7
2022-07-08 05:00:00,3,163.6,5,4,7
2022-07-08 06:00:00,2,112.4,6,4,7
2022-07-08 07:00:00,5,235.5,7,4,7
2022-07-08 08:00:00,4,239.29999999999998,8,4,7
2022-07-08 09:00:00,12,509.0,9,4,7
2022-07-08 10:00:00,8,317.9,10,4,7
2022-07-08 11:00:00,12,618.9,11,4,7
2022-07-08 12:00:00,7,309.3,12,4,7
2022-07-08 13:00:00,13,730.9,13,4,7
2022-07-08 14:00:00,10,552.7,14,4,7
2022-07-08 15:00:00,7,382.2,15,4,7
2022-07-08 16:00:00,9,395.4,16,4,7
2022-07-08 17:00:00,6,332.2,17,4,7
2022-07-08 18:00:00,4,196.0,18,4,7
2022-07-08 19:00:00,6,369.0,19,4,7
2022-07-08 20:00:00,2,97.80000000000001,20,4,7
2022-07-08 21:00:00,2,63.5,21,4,7
2022-07-08 22:00:00,0,0.0,22,4,7
2022-07-08 23:00:00,0,0.0,23,4,7
2022-07-09 00:00:00,1,47.4,0,5,7
2022-07-09 01:00:00,0,0.0,1,5,7
2022-07-09 02:00:00,1,34.8,2,5,7
2022-07-09 03:00:00,0,0.0,3,5,7
2022-07-09 04:00:00,3,150.4,4,5,7
2022-07-09 05:00:00,4,162.1,5,5,7
2022-07-09 06:00:00,2,59.9,6,5,7
2022-07-09 07:00:00,1,28.6,7,5,7
2022-07-09 08:00:00,8,477.2,8,5,7
2022-07-09 09:00:00,6,274.1,9,5,7
2022-07-09 10:00:00,8,417.0,10,5,7
2022-07-09 11:00:00,7,310.59999999999997,11,5,7
2022-07-09 12:00:00,12,588.3,12,5,7
2022-07-09 13:00:00,5,227.29999999999998,13,5,7
2022-07-09 14:00:00,8,341.9,14,5,7
2022-07-09 15:00:00,6,261.8,15,5,7
2022-07-09 16:00:00,4,186.6,16,5,7
2022-07-09 17:00:00,8,432.5,17,5,7
2022-07-09 18:00:00,6,278.0,18,5,7
2022-07-09 19:00:00,3,184.9,19,5,7
2022-07-09 20:00:00,2,104.1,20,5,7
2022-07-09 21:00:00,0,0.0,21,5,7
2022-07-09 22:00:00,0,0.0,22,5,7
2022-07-09 23:00:00,1,51.8,23,5,7
2022-07-10 00:00:00,0,0.0,0,6,7
2022-07-10 01:00:00,0,0.0,1,6,7
2022-07-10 02:00:00,1,32.5,2,6,7
2022-07-10 03:00:00,0,0.0,3,6,7
2022-07-10 04:00:00,0,0.0,4,6,7
2022-07-10 05:00:00,1,42.7,5,6,7
2022-07-10 06:00:00,5,183.3,6,6,7
2022-07-10 07:00:00,5,263.3,7,6,7
2022-07-10 08:00:00,4,229.0,8,6,7
2022-07-10 09:00:00,6,312.1,9,6,7
2022-07-10 10:00:00,9,407.7,10,6,7
2022-07-10 11:00:00,4,166.8,11,6,7
2022-07-10 12:00:00,6,260.7,12,6,7
2022-07-10 13:00:00,4,178.6,13,6,7
2022-07-10 14:00:00,5,224.8,14,6,7
2022-07-10 15:00:00,8,445.7,15,6,7
2022-07-10 16:00:00,9,386.9,16,6,7
2022-07-10 17:00:00,7,316.7,17,6,7
2022-07-10 18:00:00,4,135.7,18,6,7
2022-07-10 19:00:00,2,113.9,19,6,7
2022-07-10 20:00:00,3,178.89999999999998,20,6,7
2022-07-10 21:00:00,2,112.5,21,6,7
2022-07-10 22:00:00,1,30.4,22,6,7
2022-07-10 23:00:00,0,0.0,23,6,7
2022-07-11 00:00:00,0,0.0,0,0,7
2022-07-11 01:00:00,1,33.6,1,0,7
2022-07-11 02:00:00,2,71.5,2,0,7
2022-07-11 03:00:00,1,54.7,3,0,7
2022-07-11 04:00:00,0,0.0,4,0,7
2022-07-11 05:00:00,1,32.1,5,0,7
2022-07-11 06:00:00,3,118.8,6,0,7
2022-07-11 07:00:00,7,268.4,7,0,7
2022-07-11 08:00:00,4,130.8,8,0,7
2022-07-11 09:00:00,13,729.9,9,0,7
2022-07-11 10:00:00,11,551.6,10,0,7
2022-07-11 11:00:00,17,955.9,11,0,7
2022-07-11 12:00:00,7,309.7,12,0,7
2022-07-11 13:00:00,9,436.6,13,0,7
2022-07-11 14:00:00,10,436.7,14,0,7
2022-07-11 15:00:00,5,255.10000000000002,15,0,7
2022-07-11 16:00:00,7,356.4,16,0,7
2022-07-11 17:00:00,4,221.2,17,0,7
2022-07-11 18:00:00,6,226.7,18,0,7
2022-07-11 19:00:00,4,161.7,19,0,7
2022-07-11 20:00:00,4,138.3,20,0,7
2022-07-11 21:00:00,3,114.6,21,0,7
2022-07-11 22:00:00,0,0.0,22,0,7
2022-07-11 23:00:00,2,115.9,23,0,7
2022-07-12 00:00:00,1,32.1,0,1,7
2022-07-12 01:00:00,2,113.10000000000001,1,1,7
2022-07-12 02:00:00,0,0.0,2,1,7
2022-07-12 03:00:00,3,171.10000000000002,3,1,7
2022-07-12 04:00:00,3,150.0,4,1,7
2022-07-12 05:00:00,3,132.2,5,1,7
2022-07-12 06:00:00,0,0.0,6,1,7
2022-07-12 07:00:00,4,274.3,7,1,7
2022-07-12 08:00:00,9,500.9,8,1,7
2022-07-12 09:00:00,9,379.7,9,1,7
2022-07-12 10:00:00,6,243.2,10,1,7
2022-07-12 11:00:00,15,704.9,11,1,7
2022-07-12 12:00:00,10,578.7,12,1,7
2022-07-12 13:00:00,6,270.2,13,1,7
2022-07-12 14:00:00,10,390.8,14,1,7
2022-07-12 15:00:00,7,445.8,15,1,7
2022-07-12 16:00:00,9,441.9,16,1,7
2022-07-12 17:00:00,7,320.4,17,1,7
2022-07-12 18:00:00,7,361.9,18,1,7
2022-07-12 19:00:00,3,203.5,19,1,7
2022-07-12 20:00:00,4,176.6,20,1,7
2022-07-12 21:00:00,1,38.2,21,1,7
2022-07-12 22:00:00,0,0.0,22,1,7
2022-07-12 23:00:00,2,109.2,23,1,7
2022-07-13 00:00:00,1,33.0,0,2,7
2022-07-13 01:00:00,0,0.0,1,2,7
2022-07-13 02:00:00,1,67.2,2,2,7
2022-07-13 03:00:00,0,0.0,3,2,7
2022-07-13 04:00:00,0,0.0,4,2,7
2022-07-13 05:00:00,3,191.7,5,2,7
2022-07-13 06:00:00,4,200.6,6,2,7
2022-07-13 07:00:00,3,159.1,7,2,7
2022-07-13 08:00:00,7,447.9,8,2,7
2022-07-13 09:00:00,7,370.7,9,2,7
2022-07-13 10:00:00,10,426.8,10,2,7
2022-07-13 11:00:00,9,534.4,11,2,7
2022-07-13 12:00:00,13,648.7,12,2,7
2022-07-13 13:00:00,9,495.1,13,2,7
2022-07-13 14:00:00,13,690.0,14,2,7
2022-07-13 15:00:00,9,411.8,15,2,7
2022-07-13 16:00:00,11,559.4,16,2,7
2022-07-13 17:00:00,9,536.3,17,2,7
2022-07-13 18:00:00,5,204.8,18,2,7
2022-07-13 19:00:00,4,210.5,19,2,7
2022-07-13 20:00:00,5,245.20000000000002,20,2,7
2022-07-13 21:00:00,1,80.0,21,2,7
2022-07-13 22:00:00,3,173.5,22,2,7
2022-07-13 23:00:00,2,134.0,23,2,7
2022-07-14 00:00:00,1,50.6,0,3,7
2022-07-14 01:00:00,0,0.0,1,3,7
2022-07-14 02:00:00,1,53.9,2,3,7
2022-07-14 03:00:00,0,0.0,3,3,7
2022-07-14 04:00:00,1,30.6,4,3,7
2022-07-14 05:00:00,1,44.8,5,3,7
2022-07-14 06:00:00,4,152.4,6,3,7
2022-07-14 07:00:00,3,201.10000000000002,7,3,7
2022-07-14 08:00:00,5,303.3,8,3,7
2022-07-14 09:00:00,7,374.29999999999995,9,3,7
2022-07-14 10:00:00,12,634.0,10,3,7
2022-07-14 11:00:00,7,296.8,11,3,7
2022-07-14 12:00:00,8,306.4,12,3,7
2022-07-14 13:00:00,10,496.4,13,3,7
2022-07-14 14:00:00,7,357.3,14,3,7
2022-07-14 15:00:00,10,495.5,15,3,7
2022-07-14 16:00:00,8,348.7,16,3,7
2022-07-14 17:00:00,6,298.1,17,3,7
2022-07-14 18:00:00,2,72.0,18,3,7
2022-07-14 19:00:00,4,153.2,19,3,7
2022-07-14 20:00:00,4,194.5,20,3,7
2022-07-14 21:00:00,1,79.4,21,3,7
2022-07-14 22:00:00,2,122.0,22,3,7
2022-07-14 23:00:00,1,47.3,23,3,7
2022-07-15 00:00:00,3,185.0,0,4,7
2022-07-15 01:00:00,0,0.0,1,4,7
2022-07-15 02:00:00,1,69.7,2,4,7
2022-07-15 03:00:00,0,0.0,3,4,7
2022-07-15 04:00:00,1,33.7,4,4,7
2022-07-15 05:00:00,2,111.0,5,4,7
2022-07-15 06:00:00,4,193.0,6,4,7
2022-07-15 07:00:00,7,340.1,7,4,7
2022-07-15 08:00:00,5,297.7,8,4,7
2022-07-15 09:00:00,9,496.6,9,4,7
2022-07-15 10:00:00,4,203.7,10,4,7
2022-07-15 11:00:00,8,361.0,11,4,7
2022-07-15 12:00:00,10,549.3,12,4,7
2022-07-15 13:00:00,7,360.6,13,4,7
2022-07-15 14:00:00,9,431.5,14,4,7
2022-07-15 15:00:00,11,571.4,15,4,7
2022-07-15 16:00:00,4,282.0,16,4,7
2022-07-15 17:00:00,2,87.0,17,4,7
2022-07-15 18:00:00,6,232.2,18,4,7
2022-07-15 19:00:00,3,208.3,19,4,7
2022-07-15 20:00:00,6,275.2,20,4,7
2022-07-15 21:00:00,0,0.0,21,4,7
2022-07-15 22:00:00,3,150.1,22,4,7
2022-07-15 23:00:00,0,0.0,23,4,7
2022-07-16 00:00:00,0,0.0,0,5,7
2022-07-16 01:00:00,1,30.5,1,5,7
2022-07-16 02:00:00,1,31.7,2,5,7
2022-07-16 03:00:00,0,0.0,3,5,7
2022-07-16 04:00:00,1,45.0,4,5,7
2022-07-16 05:00:00,1,80.0,5,5,7
2022-07-16 06:00:00,3,140.4,6,5,7
2022-07-16 07:00:00,4,239.4,7,5,7
2022-07-16 08:00:00,9,394.0,8,5,7
2022-07-16 09:00:00,8,435.3,9,5,7
2022-07-16 10:00:00,12,594.8,10,5,7
2022-07-16 11:00:00,9,384.1,11,5,7
2022-07-16 12:00:00,6,307.29999999999995,12,5,7
2022-07-16 13:00:00,6,399.7,13,5,7
2022-07-16 14:00:00,5,221.4,14,5,7
2022-07-16 15:00:00,9,425.2,15,5,7
2022-07-16 16:00:00,2,78.7,16,5,7
2022-07-16 17:00:00,5,204.7,17,5,7
2022-07-16 18:00:00,4,259.2,18,5,7
2022-07-16 19:00:00,4,213.79999999999998,19,5,7
2022-07-16 20:00:00,1,34.5,20,5,7
2022-07-16 21:00:00,2,127.4,21,5,7
2022-07-16 22:00:00,0,0.0,22,5,7
2022-07-16 23:00:00,1,48.7,23,5,7
2022-07-17 00:00:00,0,0.0,0,6,7
2022-07-17 01:00:00,0,0.0,1,6,7
2022-07-17 02:00:00,2,80.9,2,6,7
2022-07-17 03:00:00,1,34.2,3,6,7
2022-07-17 04:00:00,1,50.7,4,6,7
2022-07-17 05:00:00,2,149.3,5,6,7
2022-07-17 06:00:00,4,178.9,6,6,7
2022-07-17 07:00:00,6,310.2,7,6,7
2022-07-17 08:00:00,5,258.0,8,6,7
2022-07-17 09:00:00,8,407.6,9,6,7
2022-07-17 10:00:00,4,148.7,10,6,7
2022-07-17 11:00:00,3,146.3,11,6,7
2022-07-17 12:00:00,10,559.0,12,6,7
2022-07-17 13:00:00,8,321.4,13,6,7
2022-07-17 14:00:00,17,959.2,14,6,7
2022-07-17 15:00:00,8,408.7,15,6,7
2022-07-17 16:00:00,2,84.2,16,6,7
2022-07-17 17:00:00,5,256.1,17,6,7
2022-07-17 18:00:00,6,245.3,18,6,7
2022-07-17 19:00:00,3,164.5,19,6,7
2022-07-17 20:00:00,0,0.0,20,6,7
2022-07-17 21:00:00,1,49.8,21,6,7
2022-07-17 22:00:00,2,65.8,22,6,7
2022-07-17 23:00:00,2,73.4,23,6,7
2022-07-18 00:00:00,0,0.0,0,0,7
2022-07-18 01:00:00,1,71.1,1,0,7
2022-07-18 02:00:00,3,156.7,2,0,7
2022-07-18 03:00:00,0,0.0,3,0,7
2022-07-18 04:00:00,0,0.0,4,0,7
2022-07-18 05:00:00,1,36.9,5,0,7
2022-07-18 06:00:00,1,80.0,6,0,7
2022-07-18 07:00:00,4,210.4,7,0,7
2022-07-18 08:00:00,10,491.5,8,0,7
2022-07-18 09:00:00,6,290.1,9,0,7
2022-07-18 10:00:00,12,501.9,10,0,7
2022-07-18 11:00:00,14,602.7,11,0,7
2022-07-18 12:00:00,9,456.7,12,0,7
2022-07-18 13:00:00,9,340.6,13,0,7
2022-07-18 14:00:00,10,496.0,14,0,7
2022-07-18 15:00:00,5,180.8,15,0,7
2022-07-18 16:00:00,3,140.1,16,0,7
2022-07-18 17:00:00,8,408.4,17,0,7
2022-07-18 18:00:00,9,515.0,18,0,7
2022-07-18 19:00:00,11,483.0,19,0,7
2022-07-18 20:00:00,2,89.3,20,0,7
2022-07-18 21:00:00,2,109.9,21,0,7
2022-07-18 22:00:00,0,0.0,22,0,7
2022-07-18 23:00:00,1,54.0,23,0,7
2022-07-19 00:00:00,1,44.3,0,1,7
2022-07-19 01:00:00,0,0.0,1,1,7
2022-07-19 02:00:00,1,36.7,2,1,7
2022-07-19 03:00:00,1,34.8,3,1,7
2022-07-19 04:00:00,0,0.0,4,1,7
2022-07-19 05:00:00,2,63.6,5,1,7
2022-07-19 06:00:00,5,263.0,6,1,7
2022-07-19 07:00:00,5,225.0,7,1,7
2022-07-19 08:00:00,5,217.1,8,1,7
2022-07-19 09:00:00,7,255.0,9,1,7
2022-07-19 10:00:00,15,743.3,10,1,7
2022-07-19 11:00:00,14,665.2,11,1,7
2022-07-19 12:00:00,3,114.3,12,1,7
2022-07-19 13:00:00,8,430.5,13,1,7
2022-07-19 14:00:00,8,463.1,14,1,7
2022-07-19 15:00:00,16,743.7,15,1,7
2022-07-19 16:00:00,4,205.0,16,1,7
2022-07-19 17:00:00,5,259.1,17,1,7
2022-07-19 18:00:00,6,244.6,18,1,7
2022-07-19 19:00:00,5,318.2,19,1,7
2022-07-19 20:00:00,6,318.3,20,1,7
2022-07-19 21:00:00,2,56.7,21,1,7
2022-07-19 22:00:00,1,28.7,22,1,7
2022-07-19 23:00:00,1,80.0,23,1,7
2022-07-20 00:00:00,2,124.7,0,2,7
2022-07-20 01:00:00,0,0.0,1,2,7
2022-07-20 02:00:00,3,116.9,2,2,7
2022-07-20 03:00:00,1,43.6,3,2,7
2022-07-20 04:00:00,1,44.8,4,2,7
2022-07-20 05:00:00,4,220.9,5,2,7
2022-07-20 06:00:00,2,103.80000000000001,6,2,7
2022-07-20 07:00:00,3,127.9,7,2,7
2022-07-20 08:00:00,4,241.9,8,2,7
2022-07-20 09:00:00,8,418.5,9,2,7
2022-07-20 10:00:00,14,827.8,10,2,7
2022-07-20 11:00:00,7,296.9,11,2,7
2022-07-20 12:00:00,11,619.4,12,2,7
2022-07-20 13:00:00,8,514.1,13,2,7
2022-07-20 14:00:00,13,534.9,14,2,7
2022-07-20 15:00:00,10,472.1,15,2,7
2022-07-20 16:00:00,8,433.8,16,2,7
2022-07-20 17:00:00,10,501.6,17,2,7
2022-07-20 18:00:00,5,202.4,18,2,7
2022-07-20 19:00:00,3,98.5,19,2,7
2022-07-20 20:00:00,2,130.4,20,2,7
2022-07-20 21:00:00,0,0.0,21,2,7
2022-07-20 22:00:00,1,50.4,22,2,7
2022-07-20 23:00:00,0,0.0,23,2,7
2022-07-21 00:00:00,0,0.0,0,3,7
2022-07-21 01:00:00,0,0.0,1,3,7
2022-07-21 02:00:00,1,47.4,2,3,7
2022-07-21 03:00:00,1,47.4,3,3,7
2022-07-21 04:00:00,2,64.8,4,3,7
2022-07-21 05:00:00,0,0.0,5,3,7
2022-07-21 06:00:00,3,174.4,6,3,7
2022-07-21 07:00:00,6,324.5,7,3,7
2022-07-21 08:00:00,11,469.3,8,3,7
2022-07-21 09:00:00,6,349.3,9,3,7
2022-07-21 10:00:00,8,410.1,10,3,7
2022-07-21 11:00:00,7,362.3,11,3,7
2022-07-21 12:00:00,9,399.5,12,3,7
2022-07-21 13:00:00,10,467.6,13,3,7
2022-07-21 14:00:00,12,492.2,14,3,7
2022-07-21 15:00:00,4,129.1,15,3,7
2022-07-21 16:00:00,5,346.70000000000005,16,3,7
2022-07-21 17:00:00,6,319.9,17,3,7
2022-07-21 18:00:00,7,310.4,18,3,7
2022-07-21 19:00:00,3,156.0,19,3,7
2022-07-21 20:00:00,2,127.9,20,3,7
2022-07-21 21:00:00,1,73.9,21,3,7
2022-07-21 22:00:00,1,31.9,22,3,7
2022-07-21 23:00:00,1,76.1,23,3,7
2022-07-22 00:00:00,2,106.3,0,4,7
2022-07-22 01:00:00,1,46.5,1,4,7
2022-07-22 02:00:00,3,162.9,2,4,7
2022-07-22 03:00:00,1,35.7,3,4,7
2022-07-22 04:00:00,1,80.0,4,4,7
2022-07-22 05:00:00,2,112.7,5,4,7
2022-07-22 06:00:00,2,62.2,6,4,7
2022-07-22 07:00:00,6,257.5,7,4,7
2022-07-22 08:00:00,10,491.2,8,4,7
2022-07-22 09:00:00,5,165.3,9,4,7
2022-07-22 10:00:00,9,443.8,10,4,7
2022-07-22 11:00:00,14,589.0,11,4,7
2022-07-22 12:00:00,8,313.9,12,4,7
2022-07-22 13:00:00,15,804.4,13,4,7
2022-07-22 14:00:00,9,513.8,14,4,7
2022-07-22 15:00:00,6,300.1,15,4,7
2022-07-22 16:00:00,6,300.8,16,4,7
2022-07-22 17:00:00,10,477.1,17,4,7
2022-07-22 18:00:00,2,75.2,18,4,7
2022-07-22 19:00:00,3,120.4,19,4,7
2022-07-22 20:00:00,1,50.4,20,4,7
2022-07-22 21:00:00,2,67.0,21,4,7
2022-07-22 22:00:00,1,50.3,22,4,7
2022-07-22 23:00:00,1,36.4,23,4,7
2022-07-23 00:00:00,0,0.0,0,5,7
2022-07-23 01:00:00,1,55.4,1,5,7
2022-07-23 02:00:00,2,92.80000000000001,2,5,7
2022-07-23 03:00:00,1,50.0,3,5,7
2022-07-23 04:00:00,1,80.0,4,5,7
2022-07-23 05:00:00,1,80.0,5,5,7
2022-07-23 06:00:00,4,207.79999999999998,6,5,7
2022-07-23 07:00:00,4,141.9,7,5,7
2022-07-23 08:00:00,8,331.7,8,5,7
2022-07-23 09:00:00,7,374.79999999999995,9,5,7
2022-07-23 10:00:00,10,633.9,10,5,7
2022-07-23 11:00:00,11,681.7,11,5,7
2022-07-23 12:00:00,4,147.5,12,5,7
2022-07-23 13:00:00,11,598.7,13,5,7
2022-07-23 14:00:00,9,425.3,14,5,7
2022-07-23 15:00:00,3,177.9,15,5,7
2022-07-23 16:00:00,8,320.7,16,5,7
2022-07-23 17:00:00,5,302.5,17,5,7
2022-07-23 18:00:00,5,208.2,18,5,7
2022-07-23 19:00:00,6,278.4,19,5,7
2022-07-23 20:00:00,4,174.5,20,5,7
2022-07-23 21:00:00,3,163.6,21,5,7
2022-07-23 22:00:00,0,0.0,22,5,7
2022-07-23 23:00:00,0,0.0,23,5,7
2022-07-24 00:00:00,2,125.8,0,6,7
2022-07-24 01:00:00,0,0.0,1,6,7
2022-07-24 02:00:00,0,0.0,2,6,7
2022-07-24 03:00:00,2,119.80000000000001,3,6,7
2022-07-24 04:00:00,1,71.3,4,6,7
2022-07-24 05:00:00,1,35.6,5,6,7
2022-07-24 06:00:00,2,114.0,6,6,7
2022-07-24 07:00:00,1,33.2,7,6,7
2022-07-24 08:00:00,3,180.7,8,6,7
2022-07-24 09:00:00,9,386.7,9,6,7
2022-07-24 10:00:00,8,341.7,10,6,7
2022-07-24 11:00:00,6,293.9,11,6,7
2022-07-24 12:00:00,5,195.1,12,6,7
2022-07-24 13:00:00,4,165.7,13,6,7
2022-07-24 14:00:00,5,312.2,14,6,7
2022-07-24 15:00:00,6,244.8,15,6,7
2022-07-24 16:00:00,8,374.7,16,6,7
2022-07-24 17:00:00,10,444.3,17,6,7
2022-07-24 18:00:00,6,342.0,18,6,7
2022-07-24 19:00:00,4,197.2,19,6,7
2022-07-24 20:00:00,4,170.8,20,6,7
2022-07-24 21:00:00,0,0.0,21,6,7
2022-07-24 22:00:00,0,0.0,22,6,7
2022-07-24 23:00:00,1,78.0,23,6,7
2022-07-25 00:00:00,2,132.5,0,0,7
2022-07-25 01:00:00,1,32.8,1,0,7
2022-07-25 02:00:00,2,82.6,2,0,7
2022-07-25 03:00:00,0,0.0,3,0,7
2022-07-25 04:00:00,2,67.7,4,0,7
2022-07-25 05:00:00,3,135.2,5,0,7
2022-07-25 06:00:00,8,402.5,6,0,7
2022-07-25 07:00:00,2,111.3,7,0,7
2022-07-25 08:00:00,5,225.39999999999998,8,0,7
2022-07-25 09:00:00,8,434.6,9,0,7
2022-07-25 10:00:00,7,347.8,10,0,7
2022-07-25 11:00:00,12,659.3,11,0,7
2022-07-25 12:00:00,6,341.59999999999997,12,0,7
2022-07-25 13:00:00,7,322.3,13,0,7
2022-07-25 14:00:00,10,494.3,14,0,7
2022-07-25 15:00:00,14,667.6,15,0,7
2022-07-25 16:00:00,7,301.5,16,0,7
2022-07-25 17:00:00,8,385.7,17,0,7
2022-07-25 18:00:00,5,246.60000000000002,18,0,7
2022-07-25 19:00:00,4,248.9,19,0,7
2022-07-25 20:00:00,4,211.5,20,0,7
2022-07-25 21:00:00,2,76.9,21,0,7
2022-07-25 22:00:00,1,31.0,22,0,7
2022-07-25 23:00:00,1,80.0,23,0,7
2022-07-26 00:00:00,1,50.0,0,1,7
2022-07-26 01:00:00,0,0.0,1,1,7
2022-07-26 02:00:00,1,31.8,2,1,7
2022-07-26 03:00:00,1,51.4,3,1,7
2022-07-26 04:00:00,0,0.0,4,1,7
2022-07-26 05:00:00,4,255.79999999999998,5,1,7
2022-07-26 06:00:00,1,56.8,6,1,7
2022-07-26 07:00:00,8,431.1,7,1,7
2022-07-26 08:00:00,4,220.4,8,1,7
2022-07-26 09:00:00,11,627.9,9,1,7
2022-07-26 10:00:00,13,624.1,10,1,7
2022-07-26 11:00:00,12,615.0,11,1,7
2022-07-26 12:00:00,13,689.1,12,1,7
2022-07-26 13:00:00,8,438.4,13,1,7
2022-07-26 14:00:00,6,240.9,14,1,7
2022-07-26 15:00:00,13,632.1,15,1,7
2022-07-26 16:00:00,9,538.4,16,1,7
2022-07-26 17:00:00,6,274.5,17,1,7
2022-07-26 18:00:00,4,134.2,18,1,7
2022-07-26 19:00:00,3,180.0,19,1,7
2022-07-26 20:00:00,3,181.39999999999998,20,1,7
2022-07-26 21:00:00,0,0.0,21,1,7
2022-07-26 22:00:00,4,229.2,22,1,7
2022-07-26 23:00:00,0,0.0,23,1,7
2022-07-27 00:00:00,0,0.0,0,2,7
2022-07-27 01:00:00,0,0.0,1,2,7
2022-07-27 02:00:00,0,0.0,2,2,7
2022-07-27 03:00:00,0,0.0,3,2,7
2022-07-27 04:00:00,1,28.4,4,2,7
2022-07-27 05:00:00,4,216.9,5,2,7
2022-07-27 06:00:00,1,31.6,6,2,7
2022-07-27 07:00:00,3,113.0,7,2,7
2022-07-27 08:00:00,4,193.6,8,2,7
2022-07-27 09:00:00,13,602.8,9,2,7
2022-07-27 10:00:00,16,786.9,10,2,7
2022-07-27 11:00:00,11,462.90000000000003,11,2,7
2022-07-27 12:00:00,8,317.3,12,2,7
2022-07-27 13:00:00,11,511.7,13,2,7
2022-07-27 14:00:00,16,837.6,14,2,7
2022-07-27 15:00:00,9,427.70000000000005,15,2,7
2022-07-27 16:00:00,7,287.9,16,2,7
2022-07-27 17:00:00,6,298.3,17,2,7
2022-07-27 18:00:00,6,293.7,18,2,7
2022-07-27 19:00:00,3,117.3,19,2,7
2022-07-27 20:00:00,7,333.9,20,2,7
2022-07-27 21:00:00,0,0.0,21,2,7
2022-07-27 22:00:00,1,52.0,22,2,7
2022-07-27 23:00:00,0,0.0,23,2,7
2022-07-28 00:00:00,0,0.0,0,3,7
2022-07-28 01:00:00,1,42.1,1,3,7
2022-07-28 02:00:00,0,0.0,2,3,7
2022-07-28 03:00:00,1,44.7,3,3,7
2022-07-28 04:00:00,1,34.4,4,3,7
2022-07-28 05:00:00,2,91.2,5,3,7
2022-07-28 06:00:00,1,36.8,6,3,7
2022-07-28 07:00:00,1,72.0,7,3,7
2022-07-28 08:00:00,3,91.1,8,3,7
2022-07-28 09:00:00,12,508.5,9,3,7
2022-07-28 10:00:00,13,647.6,10,3,7
2022-07-28 11:00:00,9,379.3,11,3,7
2022-07-28 12:00:00,9,411.9,12,3,7
2022-07-28 13:00:00,12,603.9,13,3,7
2022-07-28 14:00:00,11,445.4,14,3,7
2022-07-28 15:00:00,5,269.0,15,3,7
2022-07-28 16:00:00,11,635.0,16,3,7
2022-07-28 17:00:00,7,314.9,17,3,7
2022-07-28 18:00:00,7,289.1,18,3,7
2022-07-28 19:00:00,3,197.2,19,3,7
2022-07-28 20:00:00,1,56.2,20,3,7
2022-07-28 21:00:00,3,95.0,21,3,7
2022-07-28 22:00:00,0,0.0,22,3,7
2022-07-28 23:00:00,1,80.0,23,3,7
2022-07-29 00:00:00,1,35.7,0,4,7
2022-07-29 01:00:00,1,49.3,1,4,7
2022-07-29 02:00:00,1,30.5,2,4,7
2022-07-29 03:00:00,1,47.7,3,4,7
2022-07-29 04:00:00,1,80.0,4,4,7
2022-07-29 05:00:00,1,80.0,5,4,7
2022-07-29 06:00:00,4,222.6,6,4,7
2022-07-29 07:00:00,1,80.0,7,4,7
2022-07-29 08:00:00,4,207.5,8,4,7
2022-07-29 09:00:00,5,262.8,9,4,7
2022-07-29 10:00:00,12,610.0,10,4,7
2022-07-29 11:00:00,7,329.8,11,4,7
2022-07-29 12:00:00,9,450.4,12,4,7
2022-07-29 13:00:00,7,393.4,13,4,7
2022-07-29 14:00:00,9,447.3,14,4,7
2022-07-29 15:00:00,7,331.6,15,4,7
2022-07-29 16:00:00,8,379.3,16,4,7
2022-07-29 17:00:00,9,498.2,17,4,7
2022-07-29 18:00:00,4,141.4,18,4,7
2022-07-29 19:00:00,3,125.3,19,4,7
2022-07-29 20:00:00,2,80.1,20,4,7
2022-07-29 21:00:00,6,319.6,21,4,7
2022-07-29 22:00:00,3,93.3,22,4,7
2022-07-29 23:00:00,2,82.6,23,4,7
2022-07-30 00:00:00,1,62.0,0,5,7
2022-07-30 01:00:00,0,0.0,1,5,7
2022-07-30 02:00:00,2,72.6,2,5,7
2022-07-30 03:00:00,3,146.8,3,5,7
2022-07-30 04:00:00,0,0.0,4,5,7
2022-07-30 05:00:00,3,159.6,5,5,7
2022-07-30 06:00:00,4,215.4,6,5,7
2022-07-30 07:00:00,1,80.0,7,5,7
2022-07-30 08:00:00,8,404.8,8,5,7
2022-07-30 09:00:00,4,219.2,9,5,7
2022-07-30 10:00:00,9,495.4,10,5,7
2022-07-30 11:00:00,4,172.8,11,5,7
2022-07-30 12:00:00,6,301.3,12,5,7
2022-07-30 13:00:00,5,226.0,13,5,7
2022-07-30 14:00:00,7,311.4,14,5,7
2022-07-30 15:00:00,5,175.7,15,5,7
2022-07-30 16:00:00,3,89.0,16,5,7
2022-07-30 17:00:00,0,0.0,17,5,7
2022-07-30 18:00:00,7,388.1,18,5,7
2022-07-30 19:00:00,8,420.9,19,5,7
2022-07-30 20:00:00,3,167.5,20,5,7
2022-07-30 21:00:00,4,131.1,21,5,7
2022-07-30 22:00:00,2,67.6,22,5,7
2022-07-30 23:00:00,3,188.0,23,5,7
2022-07-31 00:00:00,1,49.5,0,6,7
2022-07-31 01:00:00,0,0.0,1,6,7
2022-07-31 02:00:00,0,0.0,2,6,7
2022-07-31 03:00:00,1,32.1,3,6,7
2022-07-31 04:00:00,2,134.4,4,6,7
2022-07-31 05:00:00,1,38.5,5,6,7
2022-07-31 06:00:00,2,74.30000000000001,6,6,7
2022-07-31 07:00:00,4,225.4,7,6,7
2022-07-31 08:00:00,4,177.4,8,6,7
2022-07-31 09:00:00,4,182.2,9,6,7
2022-07-31 10:00:00,7,285.5,10,6,7
2022-07-31 11:00:00,8,392.7,11,6,7
2022-07-31 12:00:00,8,440.9,12,6,7
2022-07-31 13:00:00,8,353.9,13,6,7
2022-07-31 14:00:00,3,164.0,14,6,7
2022-07-31 15:00:00,10,425.09999999999997,15,6,7
2022-07-31 16:00:00,4,140.0,16,6,7
2022-07-31 17:00:00,3,168.2,17,6,7
2022-07-31 18:00:00,6,317.5,18,6,7
2022-07-31 19:00:00,3,237.1,19,6,7
2022-07-31 20:00:00,1,30.6,20,6,7
2022-07-31 21:00:00,2,86.80000000000001,21,6,7
2022-07-31 22:00:00,2,104.9,22,6,7
2022-07-31 23:00:00,0,0.0,23,6,7
2022-08-01 00:00:00,1,74.8,0,0,8
2022-08-01 01:00:00,4,225.4,1,0,8
2022-08-01 02:00:00,2,68.5,2,0,8
2022-08-01 03:00:00,2,78.6,3,0,8
2022-08-01 04:00:00,1,51.7,4,0,8
2022-08-01 05:00:00,3,134.5,5,0,8
2022-08-01 06:00:00,2,111.5,6,0,8
2022-08-01 07:00:00,6,320.9,7,0,8
2022-08-01 08:00:00,4,214.2,8,0,8
2022-08-01 09:00:00,8,354.0,9,0,8
2022-08-01 10:00:00,9,429.6,10,0,8
2022-08-01 11:00:00,11,480.7,11,0,8
2022-08-01 12:00:00,7,310.7,12,0,8
2022-08-01 13:00:00,11,487.6,13,0,8
2022-08-01 14:00:00,8,455.0,14,0,8
2022-08-01 15:00:00,7,421.2,15,0,8
2022-08-01 16:00:00,8,355.1,16,0,8
2022-08-01 17:00:00,4,204.4,17,0,8
2022-08-01 18:00:00,7,379.2,18,0,8
2022-08-01 19:00:00,4,183.7,19,0,8
2022-08-01 20:00:00,4,162.1,20,0,8
2022-08-01 21:00:00,4,172.0,21,0,8
2022-08-01 22:00:00,1,49.4,22,0,8
2022-08-01 23:00:00,0,0.0,23,0,8
2022-08-02 00:00:00,3,165.4,0,1,8
2022-08-02 01:00:00,1,49.7,1,1,8
2022-08-02 02:00:00,2,63.5,2,1,8
2022-08-02 03:00:00,3,148.2,3,1,8
2022-08-02 04:00:00,0,0.0,4,1,8
2022-08-02 05:00:00,5,271.9,5,1,8
2022-08-02 06:00:00,4,212.6,6,1,8
2022-08-02 07:00:00,7,368.0,7,1,8
2022-08-02 08:00:00,2,74.6,8,1,8
2022-08-02 09:00:00,8,397.0,9,1,8
2022-08-02 10:00:00,8,432.4,10,1,8
2022-08-02 11:00:00,8,427.5,11,1,8
2022-08-02 12:00:00,13,666.3,12,1,8
2022-08-02 13:00:00,9,450.6,13,1,8
2022-08-02 14:00:00,11,591.9,14,1,8
2022-08-02 15:00:00,4,184.5,15,1,8
2022-08-02 16:00:00,8,401.1,16,1,8
2022-08-02 17:00:00,6,239.2,17,1,8
2022-08-02 18:00:00,6,299.09999999999997,18,1,8
2022-08-02 19:00:00,8,417.2,19,1,8
2022-08-02 20:00:00,4,222.1,20,1,8
2022-08-02 21:00:00,1,37.5,21,1,8
2022-08-02 22:00:00,1,31.4,22,1,8
2022-08-02 23:00:00,2,92.0,23,1,8
2022-08-03 00:00:00,0,0.0,0,2,8
2022-08-03 01:00:00,2,84.5,1,2,8
2022-08-03 02:00:00,0,0.0,2,2,8
2022-08-03 03:00:00,1,36.8,3,2,8
2022-08-03 04:00:00,0,0.0,4,2,8
2022-08-03 05:00:00,1,47.1,5,2,8
2022-08-03 06:00:00,4,272.2,6,2,8
2022-08-03 07:00:00,2,79.6,7,2,8
2022-08-03 08:00:00,8,407.8,8,2,8
2022-08-03 09:00:00,4,175.5,9,2,8
2022-08-03 10:00:00,8,466.3,10,2,8
2022-08-03 11:00:00,14,788.3,11,2,8
2022-08-03 12:00:00,12,619.3,12,2,8
2022-08-03 13:00:00,14,624.7,13,2,8
2022-08-03 14:00:00,12,710.0,14,2,8
2022-08-03 15:00:00,7,378.5,15,2,8
2022-08-03 16:00:00,6,234.4,16,2,8
2022-08-03 17:00:00,8,383.9,17,2,8
2022-08-03 18:00:00,5,285.5,18,2,8
2022-08-03 19:00:00,4,222.7,19,2,8
2022-08-03 20:00:00,3,106.4,20,2,8
2022-08-03 21:00:00,2,75.4,21,2,8
2022-08-03 22:00:00,1,46.3,22,2,8
2022-08-03 23:00:00,2,111.9,23,2,8
2022-08-04 00:00:00,0,0.0,0,3,8
2022-08-04 01:00:00,2,144.2,1,3,8
2022-08-04 02:00:00,1,46.9,2,3,8
2022-08-04 03:00:00,1,41.3,3,3,8
2022-08-04 04:00:00,1,77.3,4,3,8
2022-08-04 05:00:00,3,162.79999999999998,5,3,8
2022-08-04 06:00:00,3,189.89999999999998,6,3,8
2022-08-04 07:00:00,5,308.5,7,3,8
2022-08-04 08:00:00,6,217.5,8,3,8
2022-08-04 09:00:00,6,340.2,9,3,8
2022-08-04 10:00:00,8,376.7,10,3,8
2022-08-04 11:00:00,11,585.4,11,3,8
2022-08-04 12:00:00,9,486.2,12,3,8
2022-08-04 13:00:00,12,767.4,13,3,8
2022-08-04 14:00:00,11,535.5,14,3,8
2022-08-04 15:00:00,13,703.3,15,3,8
2022-08-04 16:00:00,8,472.8,16,3,8
2022-08-04 17:00:00,12,547.2,17,3,8
2022-08-04 18:00:00,3,162.0,18,3,8
2022-08-04 19:00:00,0,0.0,19,3,8
2022-08-04 20:00:00,4,140.4,20,3,8
2022-08-04 21:00:00,3,162.70000000000002,21,3,8
2022-08-04 22:00:00,3,158.6,22,3,8
2022-08-04 23:00:00,2,85.0,23,3,8
2022-08-05 00:00:00,2,109.4,0,4,8
2022-08-05 01:00:00,2,93.5,1,4,8
2022-08-05 02:00:00,0,0.0,2,4,8
2022-08-05 03:00:00,0,0.0,3,4,8
2022-08-05 04:00:00,1,37.1,4,4,8
2022-08-05 05:00:00,5,316.3,5,4,8
2022-08-05 06:00:00,3,169.2,6,4,8
2022-08-05 07:00:00,5,251.0,7,4,8
2022-08-05 08:00:00,4,198.0,8,4,8
2022-08-05 09:00:00,7,265.7,9,4,8
2022-08-05 10:00:00,12,552.1,10,4,8
2022-08-05 11:00:00,13,658.4,11,4,8
2022-08-05 12:00:00,12,556.2,12,4,8
2022-08-05 13:00:00,11,506.79999999999995,13,4,8
2022-08-05 14:00:00,7,237.0,14,4,8
2022-08-05 15:00:00,10,480.9,15,4,8
2022-08-05 16:00:00,4,182.8,16,4,8
2022-08-05 17:00:00,5,192.6,17,4,8
2022-08-05 18:00:00,9,425.7,18,4,8
2022-08-05 19:00:00,6,269.8,19,4,8
2022-08-05 20:00:00,6,399.0,20,4,8
2022-08-05 21:00:00,1,60.1,21,4,8
2022-08-05 22:00:00,2,126.2,22,4,8
2022-08-05 23:00:00,3,220.2,23,4,8
2022-08-06 00:00:00,0,0.0,0,5,8
2022-08-06 01:00:00,0,0.0,1,5,8
2022-08-06 02:00:00,0,0.0,2,5,8
2022-08-06 03:00:00,3,162.9,3,5,8
2022-08-06 04:00:00,0,0.0,4,5,8
2022-08-06 05:00:00,3,177.3,5,5,8
2022-08-06 06:00:00,5,241.3,6,5,8
2022-08-06 07:00:00,4,159.9,7,5,8
2022-08-06 08:00:00,3,143.8,8,5,8
2022-08-06 09:00:00,4,165.9,9,5,8
2022-08-06 10:00:00,9,393.3,10,5,8
2022-08-06 11:00:00,4,193.3,11,5,8
2022-08-06 12:00:00,10,508.9,12,5,8
2022-08-06 13:00:00,10,425.3,13,5,8
2022-08-06 14:00:00,8,394.5,14,5,8
2022-08-06 15:00:00,6,316.6,15,5,8
2022-08-06 16:00:00,3,106.9,16,5,8
2022-08-06 17:00:00,5,224.3,17,5,8
2022-08-06 18:00:00,5,273.2,18,5,8
2022-08-06 19:00:00,3,158.4,19,5,8
2022-08-06 20:00:00,2,112.3,20,5,8
2022-08-06 21:00:00,1,79.6,21,5,8
2022-08-06 22:00:00,1,29.5,22,5,8
2022-08-06 23:00:00,1,54.0,23,5,8
2022-08-07 00:00:00,1,75.1,0,6,8
2022-08-07 01:00:00,2,80.3,1,6,8
2022-08-07 02:00:00,2,101.8,2,6,8
2022-08-07 03:00:00,0,0.0,3,6,8
2022-08-07 04:00:00,0,0.0,4,6,8
2022-08-07 05:00:00,6,279.7,5,6,8
2022-08-07 06:00:00,1,36.1,6,6,8
2022-08-07 07:00:00,2,117.0,7,6,8
2022-08-07 08:00:00,7,394.3,8,6,8
2022-08-07 09:00:00,10,474.5,9,6,8
2022-08-07 10:00:00,7,370.8,10,6,8
2022-08-07 11:00:00,4,178.8,11,6,8
2022-08-07 12:00:00,12,549.1,12,6,8
2022-08-07 13:00:00,2,76.9,13,6,8
2022-08-07 14:00:00,6,239.9,14,6,8
2022-08-07 15:00:00,4,196.4,15,6,8
2022-08-07 16:00:00,5,238.7,16,6,8
2022-08-07 17:00:00,5,280.7,17,6,8
2022-08-07 18:00:00,2,124.3,18,6,8
2022-08-07 19:00:00,1,34.5,19,6,8
2022-08-07 20:00:00,2,110.4,20,6,8
2022-08-07 21:00:00,0,0.0,21,6,8
2022-08-07 22:00:00,0,0.0,22,6,8
2022-08-07 23:00:00,1,32.9,23,6,8
2022-08-08 00:00:00,1,57.6,0,0,8
2022-08-08 01:00:00,0,0.0,1,0,8
2022-08-08 02:00:00,0,0.0,2,0,8
2022-08-08 03:00:00,0,0.0,3,0,8
2022-08-08 04:00:00,1,51.3,4,0,8
2022-08-08 05:00:00,0,0.0,5,0,8
2022-08-08 06:00:00,4,156.1,6,0,8
2022-08-08 07:00:00,7,371.1,7,0,8
2022-08-08 08:00:00,9,406.1,8,0,8
2022-08-08 09:00:00,6,266.5,9,0,8
2022-08-08 10:00:00,8,441.6,10,0,8
2022-08-08 11:00:00,13,673.6,11,0,8
2022-08-08 12:00:00,13,651.8,12,0,8
2022-08-08 13:00:00,16,784.2,13,0,8
2022-08-08 14:00:00,17,815.4,14,0,8
2022-08-08 15:00:00,7,404.6,15,0,8
2022-08-08 16:00:00,11,558.2,16,0,8
2022-08-08 17:00:00,7,295.4,17,0,8
2022-08-08 18:00:00,7,345.6,18,0,8
2022-08-08 19:00:00,3,172.6,19,0,8
2022-08-08 20:00:00,3,176.0,20,0,8
2022-08-08 21:00:00,2,70.0,21,0,8
2022-08-08 22:00:00,0,0.0,22,0,8
2022-08-08 23:00:00,0,0.0,23,0,8
2022-08-09 00:00:00,1,54.8,0,1,8
2022-08-09 01:00:00,0,0.0,1,1,8
2022-08-09 02:00:00,0,0.0,2,1,8
2022-08-09 03:00:00,0,0.0,3,1,8
2022-08-09 04:00:00,0,0.0,4,1,8
2022-08-09 05:00:00,1,78.2,5,1,8
2022-08-09 06:00:00,0,0.0,6,1,8
2022-08-09 07:00:00,5,283.8,7,1,8
2022-08-09 08:00:00,4,186.9,8,1,8
2022-08-09 09:00:00,8,440.5,9,1,8
2022-08-09 10:00:00,10,564.4,10,1,8
2022-08-09 11:00:00,13,582.5,11,1,8
2022-08-09 12:00:00,9,340.3,12,1,8
2022-08-09 13:00:00,6,294.0,13,1,8
2022-08-09 14:00:00,13,684.7,14,1,8
2022-08-09 15:00:00,9,472.2,15,1,8
2022-08-09 16:00:00,8,419.7,16,1,8
2022-08-09 17:00:00,5,204.60000000000002,17,1,8
2022-08-09 18:00:00,4,165.3,18,1,8
2022-08-09 19:00:00,3,150.4,19,1,8
2022-08-09 20:00:00,2,109.7,20,1,8
2022-08-09 21:00:00,2,102.19999999999999,21,1,8
2022-08-09 22:00:00,2,128.9,22,1,8
2022-08-09 23:00:00,0,0.0,23,1,8
2022-08-10 00:00:00,0,0.0,0,2,8
2022-08-10 01:00:00,3,139.5,1,2,8
2022-08-10 02:00:00,0,0.0,2,2,8
2022-08-10 03:00:00,0,0.0,3,2,8
2022-08-10 04:00:00,2,128.0,4,2,8
2022-08-10 05:00:00,0,0.0,5,2,8
2022-08-10 06:00:00,1,80.0,6,2,8
2022-08-10 07:00:00,2,121.6,7,2,8
2022-08-10 08:00:00,10,493.40000000000003,8,2,8
2022-08-10 09:00:00,9,344.0,9,2,8
2022-08-10 10:00:00,17,929.5,10,2,8
2022-08-10 11:00:00,8,346.1,11,2,8
2022-08-10 12:00:00,10,488.6,12,2,8
2022-08-10 13:00:00,9,494.6,13,2,8
2022-08-10 14:00:00,7,402.2,14,2,8
2022-08-10 15:00:00,8,290.0,15,2,8
2022-08-10 16:00:00,3,95.19999999999999,16,2,8
2022-08-10 17:00:00,9,391.3,17,2,8
2022-08-10 18:00:00,7,313.3,18,2,8
2022-08-10 19:00:00,4,187.3,19,2,8
2022-08-10 20:00:00,1,67.6,20,2,8
2022-08-10 21:00:00,2,96.5,21,2,8
2022-08-10 22:00:00,1,28.4,22,2,8
2022-08-10 23:00:00,3,156.9,23,2,8
2022-08-11 00:00:00,0,0.0,0,3,8
2022-08-11 01:00:00,1,37.8,1,3,8
2022-08-11 02:00:00,3,174.6,2,3,8
2022-08-11 03:00:00,0,0.0,3,3,8
2022-08-11 04:00:00,2,159.1,4,3,8
2022-08-11 05:00:00,1,38.8,5,3,8
2022-08-11 06:00:00,2,114.2,6,3,8
2022-08-11 07:00:00,9,528.8,7,3,8
2022-08-11 08:00:00,2,85.0,8,3,8
2022-08-11 09:00:00,12,598.6,9,3,8
2022-08-11 10:00:00,11,458.8,10,3,8
2022-08-11 11:00:00,12,646.8,11,3,8
2022-08-11 12:00:00,9,442.6,12,3,8
2022-08-11 13:00:00,11,565.8,13,3,8
2022-08-11 14:00:00,13,665.9,14,3,8
2022-08-11 15:00:00,8,413.8,15,3,8
2022-08-11 16:00:00,5,248.7,16,3,8
2022-08-11 17:00:00,8,423.7,17,3,8
2022-08-11 18:00:00,6,292.7,18,3,8
2022-08-11 19:00:00,0,0.0,19,3,8
2022-08-11 20:00:00,0,0.0,20,3,8
2022-08-11 21:00:00,2,96.7,21,3,8
2022-08-11 22:00:00,1,30.3,22,3,8
2022-08-11 23:00:00,1,70.3,23,3,8
2022-08-12 00:00:00,1,36.7,0,4,8
2022-08-12 01:00:00,0,0.0,1,4,8
2022-08-12 02:00:00,2,134.5,2,4,8
2022-08-12 03:00:00,0,0.0,3,4,8
2022-08-12 04:00:00,1,32.5,4,4,8
2022-08-12 05:00:00,7,387.8,5,4,8
2022-08-12 06:00:00,0,0.0,6,4,8
2022-08-12 07:00:00,3,235.8,7,4,8
2022-08-12 08:00:00,4,166.1,8,4,8
2022-08-12 09:00:00,8,368.0,9,4,8
2022-08-12 10:00:00,12,504.2,10,4,8
2022-08-12 11:00:00,16,836.1,11,4,8
2022-08-12 12:00:00,12,540.4,12,4,8
2022-08-12 13:00:00,4,151.7,13,4,8
2022-08-12 14:00:00,12,669.1,14,4,8
2022-08-12 15:00:00,8,408.3,15,4,8
2022-08-12 16:00:00,5,226.9,16,4,8
2022-08-12 17:00:00,3,146.0,17,4,8
2022-08-12 18:00:00,4,191.8,18,4,8
2022-08-12 19:00:00,4,145.9,19,4,8
2022-08-12 20:00:00,6,287.9,20,4,8
2022-08-12 21:00:00,2,111.4,21,4,8
2022-08-12 22:00:00,0,0.0,22,4,8
2022-08-12 23:00:00,1,46.8,23,4,8
2022-08-13 00:00:00,1,35.3,0,5,8
2022-08-13 01:00:00,1,48.0,1,5,8
2022-08-13 02:00:00,1,70.7,2,5,8
2022-08-13 03:00:00,2,90.19999999999999,3,5,8
2022-08-13 04:00:00,0,0.0,4,5,8
2022-08-13 05:00:00,2,104.6,5,5,8
2022-08-13 06:00:00,6,220.3,6,5,8
2022-08-13 07:00:00,0,0.0,7,5,8
2022-08-13 08:00:00,5,239.4,8,5,8
2022-08-13 09:00:00,4,180.7,9,5,8
2022-08-13 10:00:00,5,283.4,10,5,8
2022-08-13 11:00:00,11,569.5,11,5,8
2022-08-13 12:00:00,7,419.8,12,5,8
2022-08-13 13:00:00,6,357.1,13,5,8
2022-08-13 14:00:00,11,526.4,14,5,8
2022-08-13 15:00:00,7,262.9,15,5,8
2022-08-13 16:00:00,7,339.8,16,5,8
2022-08-13 17:00:00,2,101.3,17,5,8
2022-08-13 18:00:00,4,220.2,18,5,8
2022-08-13 19:00:00,2,69.0,19,5,8
2022-08-13 20:00:00,1,30.8,20,5,8
2022-08-13 21:00:00,1,75.7,21,5,8
2022-08-13 22:00:00,0,0.0,22,5,8
2022-08-13 23:00:00,1,33.0,23,5,8
2022-08-14 00:00:00,2,79.6,0,6,8
2022-08-14 01:00:00,0,0.0,1,6,8
2022-08-14 02:00:00,3,160.9,2,6,8
2022-08-14 03:00:00,0,0.0,3,6,8
2022-08-14 04:00:00,0,0.0,4,6,8
2022-08-14 05:00:00,2,130.3,5,6,8
2022-08-14 06:00:00,1,52.6,6,6,8
2022-08-14 07:00:00,4,196.0,7,6,8
2022-08-14 08:00:00,3,203.4,8,6,8
2022-08-14 09:00:00,8,417.9,9,6,8
2022-08-14 10:00:00,8,369.3,10,6,8
2022-08-14 11:00:00,7,360.3,11,6,8
2022-08-14 12:00:00,7,312.6,12,6,8
2022-08-14 13:00:00,4,218.4,13,6,8
2022-08-14 14:00:00,8,376.0,14,6,8
2022-08-14 15:00:00,4,237.0,15,6,8
2022-08-14 16:00:00,10,480.3,16,6,8
2022-08-14 17:00:00,3,103.6,17,6,8
2022-08-14 18:00:00,5,261.59999999999997,18,6,8
2022-08-14 19:00:00,6,275.1,19,6,8
2022-08-14 20:00:00,3,155.0,20,6,8
2022-08-14 21:00:00,2,61.800000000000004,21,6,8
2022-08-14 22:00:00,2,82.1,22,6,8
2022-08-14 23:00:00,0,0.0,23,6,8
2022-08-15 00:00:00,1,23.3,0,0,8
2022-08-15 01:00:00,2,120.8,1,0,8
2022-08-15 02:00:00,1,35.3,2,0,8
2022-08-15 03:00:00,1,76.1,3,0,8
2022-08-15 04:00:00,1,32.3,4,0,8
2022-08-15 05:00:00,1,65.5,5,0,8
2022-08-15 06:00:00,7,326.1,6,0,8
2022-08-15 07:00:00,9,450.6,7,0,8
2022-08-15 08:00:00,7,279.4,8,0,8
2022-08-15 09:00:00,13,571.7,9,0,8
2022-08-15 10:00:00,13,677.5,10,0,8
2022-08-15 11:00:00,13,622.6,11,0,8
2022-08-15 12:00:00,14,640.1,12,0,8
2022-08-15 13:00:00,13,654.2,13,0,8
2022-08-15 14:00:00,5,283.29999999999995,14,0,8
2022-08-15 15:00:00,14,679.6,15,0,8
2022-08-15 16:00:00,9,487.1,16,0,8
2022-08-15 17:00:00,5,181.3,17,0,8
2022-08-15 18:00:00,5,227.1,18,0,8
2022-08-15 19:00:00,3,140.89999999999998,19,0,8
2022-08-15 20:00:00,4,282.7,20,0,8
2022-08-15 21:00:00,3,107.6,21,0,8
2022-08-15 22:00:00,0,0.0,22,0,8
2022-08-15 23:00:00,0,0.0,23,0,8
2022-08-16 00:00:00,0,0.0,0,1,8
2022-08-16 01:00:00,0,0.0,1,1,8
2022-08-16 02:00:00,0,0.0,2,1,8
2022-08-16 03:00:00,2,86.1,3,1,8
2022-08-16 04:00:00,2,96.5,4,1,8
2022-08-16 05:00:00,3,175.20000000000002,5,1,8
2022-08-16 06:00:00,4,206.5,6,1,8
2022-08-16 07:00:00,3,141.2,7,1,8
2022-08-16 08:00:00,4,188.3,8,1,8
2022-08-16 09:00:00,10,523.8,9,1,8
2022-08-16 10:00:00,15,731.7,10,1,8
2022-08-16 11:00:00,7,437.6,11,1,8
2022-08-16 12:00:00,7,279.7,12,1,8
2022-08-16 13:00:00,10,472.5,13,1,8
2022-08-16 14:00:00,13,687.1,14,1,8
2022-08-16 15:00:00,8,463.7,15,1,8
2022-08-16 16:00:00,9,495.9,16,1,8
2022-08-16 17:00:00,10,458.2,17,1,8
2022-08-16 18:00:00,3,153.3,18,1,8
2022-08-16 19:00:00,4,201.4,19,1,8
2022-08-16 20:00:00,2,63.0,20,1,8
2022-08-16 21:00:00,1,30.4,21,1,8
2022-08-16 22:00:00,1,80.0,22,1,8
2022-08-16 23:00:00,2,107.5,23,1,8
2022-08-17 00:00:00,2,78.8,0,2,8
2022-08-17 01:00:00,1,32.6,1,2,8
2022-08-17 02:00:00,5,230.8,2,2,8
2022-08-17 03:00:00,1,76.0,3,2,8
2022-08-17 04:00:00,1,28.1,4,2,8
2022-08-17 05:00:00,3,146.8,5,2,8
2022-08-17 06:00:00,2,68.7,6,2,8
2022-08-17 07:00:00,3,156.2,7,2,8
2022-08-17 08:00:00,4,200.3,8,2,8
2022-08-17 09:00:00,13,680.1,9,2,8
2022-08-17 10:00:00,11,581.8,10,2,8
2022-08-17 11:00:00,11,591.8,11,2,8
2022-08-17 12:00:00,9,388.7,12,2,8
2022-08-17 13:00:00,13,631.6,13,2,8
2022-08-17 14:00:00,11,508.6,14,2,8
2022-08-17 15:00:00,6,215.1,15,2,8
2022-08-17 16:00:00,10,464.7,16,2,8
2022-08-17 17:00:00,4,173.2,17,2,8
2022-08-17 18:00:00,5,244.2,18,2,8
2022-08-17 19:00:00,3,100.2,19,2,8
2022-08-17 20:00:00,1,35.2,20,2,8
2022-08-17 21:00:00,0,0.0,21,2,8
2022-08-17 22:00:00,1,53.1,22,2,8
2022-08-17 23:00:00,1,30.3,23,2,8
2022-08-18 00:00:00,1,76.9,0,3,8
2022-08-18 01:00:00,0,0.0,1,3,8
2022-08-18 02:00:00,0,0.0,2,3,8
2022-08-18 03:00:00,1,80.0,3,3,8
2022-08-18 04:00:00,1,45.4,4,3,8
2022-08-18 05:00:00,2,125.4,5,3,8
2022-08-18 06:00:00,6,318.9,6,3,8
2022-08-18 07:00:00,1,69.7,7,3,8
2022-08-18 08:00:00,8,483.8,8,3,8
2022-08-18 09:00:00,12,603.1,9,3,8
2022-08-18 10:00:00,6,316.2,10,3,8
2022-08-18 11:00:00,10,528.2,11,3,8
2022-08-18 12:00:00,5,246.5,12,3,8
2022-08-18 13:00:00,13,547.9,13,3,8
2022-08-18 14:00:00,19,947.5,14,3,8
2022-08-18 15:00:00,15,685.3,15,3,8
2022-08-18 16:00:00,4,192.7,16,3,8
2022-08-18 17:00:00,3,209.7,17,3,8
2022-08-18 18:00:00,2,132.5,18,3,8
2022-08-18 19:00:00,4,202.8,19,3,8
2022-08-18 20:00:00,1,54.8,20,3,8
2022-08-18 21:00:00,2,124.1,21,3,8
2022-08-18 22:00:00,0,0.0,22,3,8
2022-08-18 23:00:00,0,0.0,23,3,8
2022-08-19 00:00:00,0,0.0,0,4,8
2022-08-19 01:00:00,0,0.0,1,4,8
2022-08-19 02:00:00,1,33.5,2,4,8
2022-08-19 03:00:00,0,0.0,3,4,8
2022-08-19 04:00:00,1,26.2,4,4,8
2022-08-19 05:00:00,1,30.2,5,4,8
2022-08-19 06:00:00,4,141.9,6,4,8
2022-08-19 07:00:00,8,507.0,7,4,8
2022-08-19 08:00:00,9,400.5,8,4,8
2022-08-19 09:00:00,10,447.9,9,4,8
2022-08-19 10:00:00,8,352.3,10,4,8
2022-08-19 11:00:00,11,509.40000000000003,11,4,8
2022-08-19 12:00:00,11,528.1,12,4,8
2022-08-19 13:00:00,13,608.4,13,4,8
2022-08-19 14:00:00,7,367.7,14,4,8
2022-08-19 15:00:00,10,590.3000000000001,15,4,8
2022-08-19 16:00:00,9,371.70000000000005,16,4,8
2022-08-19 17:00:00,3,115.4,17,4,8
2022-08-19 18:00:00,4,188.4,18,4,8
2022-08-19 19:00:00,4,177.6,19,4,8
2022-08-19 20:00:00,7,360.3,20,4,8
2022-08-19 21:00:00,3,119.9,21,4,8
2022-08-19 22:00:00,1,44.1,22,4,8
2022-08-19 23:00:00,0,0.0,23,4,8
2022-08-20 00:00:00,1,74.1,0,5,8
2022-08-20 01:00:00,0,0.0,1,5,8
2022-08-20 02:00:00,0,0.0,2,5,8
2022-08-20 03:00:00,0,0.0,3,5,8
2022-08-20 04:00:00,1,31.3,4,5,8
2022-08-20 05:00:00,3,144.6,5,5,8
2022-08-20 06:00:00,4,194.39999999999998,6,5,8
2022-08-20 07:00:00,3,124.0,7,5,8
2022-08-20 08:00:00,4,171.70000000000002,8,5,8
2022-08-20 09:00:00,7,339.7,9,5,8
2022-08-20 10:00:00,10,419.8,10,5,8
2022-08-20 11:00:00,3,115.3,11,5,8
2022-08-20 12:00:00,6,254.9,12,5,8
2022-08-20 13:00:00,8,432.1,13,5,8
2022-08-20 14:00:00,5,291.0,14,5,8
2022-08-20 15:00:00,7,312.9,15,5,8
2022-08-20 16:00:00,2,64.2,16,5,8
2022-08-20 17:00:00,4,230.4,17,5,8
2022-08-20 18:00:00,0,0.0,18,5,8
2022-08-20 19:00:00,2,98.3,19,5,8
2022-08-20 20:00:00,2,81.4,20,5,8
2022-08-20 21:00:00,1,47.9,21,5,8
2022-08-20 22:00:00,0,0.0,22,5,8
2022-08-20 23:00:00,0,0.0,23,5,8
2022-08-21 00:00:00,0,0.0,0,6,8
2022-08-21 01:00:00,0,0.0,1,6,8
2022-08-21 02:00:00,1,44.8,2,6,8
2022-08-21 03:00:00,0,0.0,3,6,8
2022-08-21 04:00:00,0,0.0,4,6,8
2022-08-21 05:00:00,3,160.5,5,6,8
2022-08-21 06:00:00,1,44.1,6,6,8
2022-08-21 07:00:00,3,114.30000000000001,7,6,8
2022-08-21 08:00:00,4,157.4,8,6,8
2022-08-21 09:00:00,9,378.8,9,6,8
2022-08-21 10:00:00,6,378.8,10,6,8
2022-08-21 11:00:00,6,311.6,11,6,8
2022-08-21 12:00:00,8,441.5,12,6,8
2022-08-21 13:00:00,7,342.1,13,6,8
2022-08-21 14:00:00,9,503.40000000000003,14,6,8
2022-08-21 15:00:00,6,329.2,15,6,8
2022-08-21 16:00:00,3,154.10000000000002,16,6,8
2022-08-21 17:00:00,3,100.19999999999999,17,6,8
2022-08-21 18:00:00,5,269.1,18,6,8
2022-08-21 19:00:00,4,184.6,19,6,8
2022-08-21 20:00:00,2,66.9,20,6,8
2022-08-21 21:00:00,2,61.699999999999996,21,6,8
2022-08-21 22:00:00,1,40.8,22,6,8
2022-08-21 23:00:00,1,80.0,23,6,8
2022-08-22 00:00:00,0,0.0,0,0,8
2022-08-22 01:00:00,0,0.0,1,0,8
2022-08-22 02:00:00,0,0.0,2,0,8
2022-08-22 03:00:00,1,65.1,3,0,8
2022-08-22 04:00:00,1,31.9,4,0,8
2022-08-22 05:00:00,3,199.2,5,0,8
2022-08-22 06:00:00,3,165.8,6,0,8
2022-08-22 07:00:00,1,30.6,7,0,8
2022-08-22 08:00:00,5,236.4,8,0,8
2022-08-22 09:00:00,7,275.9,9,0,8
2022-08-22 10:00:00,7,382.1,10,0,8
2022-08-22 11:00:00,9,479.0,11,0,8
2022-08-22 12:00:00,15,759.3,12,0,8
2022-08-22 13:00:00,8,418.9,13,0,8
2022-08-22 14:00:00,9,453.3,14,0,8
2022-08-22 15:00:00,11,694.8,15,0,8
2022-08-22 16:00:00,11,526.6,16,0,8
2022-08-22 17:00:00,7,408.9,17,0,8
2022-08-22 18:00:00,3,97.9,18,0,8
2022-08-22 19:00:00,5,247.2,19,0,8
2022-08-22 20:00:00,2,64.3,20,0,8
2022-08-22 21:00:00,3,192.6,21,0,8
2022-08-22 22:00:00,1,80.0,22,0,8
2022-08-22 23:00:00,0,0.0,23,0,8
2022-08-23 00:00:00,3,211.8,0,1,8
2022-08-23 01:00:00,0,0.0,1,1,8
2022-08-23 02:00:00,3,187.6,2,1,8
2022-08-23 03:00:00,0,0.0,3,1,8
2022-08-23 04:00:00,1,48.1,4,1,8
2022-08-23 05:00:00,1,51.3,5,1,8
2022-08-23 06:00:00,4,191.0,6,1,8
2022-08-23 07:00:00,4,202.5,7,1,8
2022-08-23 08:00:00,10,627.3,8,1,8
2022-08-23 09:00:00,8,371.9,9,1,8
2022-08-23 10:00:00,5,235.7,10,1,8
2022-08-23 11:00:00,9,552.7,11,1,8
2022-08-23 12:00:00,4,173.3,12,1,8
2022-08-23 13:00:00,16,788.6,13,1,8
2022-08-23 14:00:00,6,282.7,14,1,8
2022-08-23 15:00:00,7,389.4,15,1,8
2022-08-23 16:00:00,10,435.6,16,1,8
2022-08-23 17:00:00,11,545.6,17,1,8
2022-08-23 18:00:00,8,438.20000000000005,18,1,8
2022-08-23 19:00:00,8,403.2,19,1,8
2022-08-23 20:00:00,3,135.6,20,1,8
2022-08-23 21:00:00,1,30.8,21,1,8
2022-08-23 22:00:00,3,104.2,22,1,8
2022-08-23 23:00:00,1,73.1,23,1,8
2022-08-24 00:00:00,1,29.8,0,2,8
2022-08-24 01:00:00,1,37.3,1,2,8
2022-08-24 02:00:00,0,0.0,2,2,8
2022-08-24 03:00:00,1,28.4,3,2,8
2022-08-24 04:00:00,1,57.8,4,2,8
2022-08-24 05:00:00,2,132.3,5,2,8
2022-08-24 06:00:00,2,103.69999999999999,6,2,8
2022-08-24 07:00:00,4,196.5,7,2,8
2022-08-24 08:00:00,5,277.4,8,2,8
2022-08-24 09:00:00,8,465.7,9,2,8
2022-08-24 10:00:00,8,384.9,10,2,8
2022-08-24 11:00:00,10,532.8,11,2,8
2022-08-24 12:00:00,9,437.4,12,2,8
2022-08-24 13:00:00,9,527.7,13,2,8
2022-08-24 14:00:00,11,599.4,14,2,8
2022-08-24 15:00:00,12,580.3,15,2,8
2022-08-24 16:00:00,9,455.2,16,2,8
2022-08-24 17:00:00,9,402.2,17,2,8
2022-08-24 18:00:00,9,529.4,18,2,8
2022-08-24 19:00:00,7,340.2,19,2,8
2022-08-24 20:00:00,1,29.9,20,2,8
2022-08-24 21:00:00,3,132.0,21,2,8
2022-08-24 22:00:00,0,0.0,22,2,8
2022-08-24 23:00:00,0,0.0,23,2,8
2022-08-25 00:00:00,2,113.5,0,3,8
2022-08-25 01:00:00,1,48.9,1,3,8
2022-08-25 02:00:00,2,63.2,2,3,8
2022-08-25 03:00:00,2,124.9,3,3,8
2022-08-25 04:00:00,1,49.9,4,3,8
2022-08-25 05:00:00,2,117.6,5,3,8
2022-08-25 06:00:00,4,227.4,6,3,8
2022-08-25 07:00:00,4,221.39999999999998,7,3,8
2022-08-25 08:00:00,6,288.4,8,3,8
2022-08-25 09:00:00,8,465.7,9,3,8
2022-08-25 10:00:00,10,422.90000000000003,10,3,8
2022-08-25 11:00:00,11,504.40000000000003,11,3,8
2022-08-25 12:00:00,11,634.2,12,3,8
2022-08-25 13:00:00,6,293.4,13,3,8
2022-08-25 14:00:00,12,513.8,14,3,8
2022-08-25 15:00:00,5,217.1,15,3,8
2022-08-25 16:00:00,10,523.5,16,3,8
2022-08-25 17:00:00,9,511.3,17,3,8
2022-08-25 18:00:00,3,180.6,18,3,8
2022-08-25 19:00:00,6,380.1,19,3,8
2022-08-25 20:00:00,3,175.4,20,3,8
2022-08-25 21:00:00,0,0.0,21,3,8
2022-08-25 22:00:00,0,0.0,22,3,8
2022-08-25 23:00:00,2,91.7,23,3,8
2022-08-26 00:00:00,0,0.0,0,4,8
2022-08-26 01:00:00,0,0.0,1,4,8
2022-08-26 02:00:00,3,209.0,2,4,8
2022-08-26 03:00:00,1,45.8,3,4,8
2022-08-26 04:00:00,1,33.5,4,4,8
2022-08-26 05:00:00,3,131.3,5,4,8
2022-08-26 06:00:00,4,174.7,6,4,8
2022-08-26 07:00:00,2,113.3,7,4,8
2022-08-26 08:00:00,4,192.8,8,4,8
2022-08-26 09:00:00,13,699.1,9,4,8
2022-08-26 10:00:00,7,351.4,10,4,8
2022-08-26 11:00:00,11,547.0,11,4,8
2022-08-26 12:00:00,11,485.1,12,4,8
2022-08-26 13:00:00,6,267.7,13,4,8
2022-08-26 14:00:00,7,323.5,14,4,8
2022-08-26 15:00:00,9,447.9,15,4,8
2022-08-26 16:00:00,8,356.5,16,4,8
2022-08-26 17:00:00,14,733.4,17,4,8
2022-08-26 18:00:00,8,417.7,18,4,8
2022-08-26 19:00:00,4,196.2,19,4,8
2022-08-26 20:00:00,4,180.9,20,4,8
2022-08-26 21:00:00,2,86.7,21,4,8
2022-08-26 22:00:00,1,39.5,22,4,8
2022-08-26 23:00:00,2,114.9,23,4,8
2022-08-27 00:00:00,4,212.79999999999998,0,5,8
2022-08-27 01:00:00,0,0.0,1,5,8
2022-08-27 02:00:00,0,0.0,2,5,8
2022-08-27 03:00:00,0,0.0,3,5,8
2022-08-27 04:00:00,2,108.2,4,5,8
2022-08-27 05:00:00,1,29.7,5,5,8
2022-08-27 06:00:00,4,193.6,6,5,8
2022-08-27 07:00:00,2,56.0,7,5,8
2022-08-27 08:00:00,7,388.9,8,5,8
2022-08-27 09:00:00,6,368.0,9,5,8
2022-08-27 10:00:00,12,614.6,10,5,8
2022-08-27 11:00:00,12,509.9,11,5,8
2022-08-27 12:00:00,8,425.6,12,5,8
2022-08-27 13:00:00,6,273.2,13,5,8
2022-08-27 14:00:00,6,335.1,14,5,8
2022-08-27 15:00:00,8,420.7,15,5,8
2022-08-27 16:00:00,6,361.7,16,5,8
2022-08-27 17:00:00,9,403.5,17,5,8
2022-08-27 18:00:00,2,109.9,18,5,8
2022-08-27 19:00:00,3,106.80000000000001,19,5,8
2022-08-27 20:00:00,1,75.8,20,5,8
2022-08-27 21:00:00,4,155.3,21,5,8
2022-08-27 22:00:00,0,0.0,22,5,8
2022-08-27 23:00:00,1,34.2,23,5,8
2022-08-28 00:00:00,1,80.0,0,6,8
2022-08-28 01:00:00,1,29.3,1,6,8
2022-08-28 02:00:00,1,80.0,2,6,8
2022-08-28 03:00:00,3,185.2,3,6,8
2022-08-28 04:00:00,1,79.1,4,6,8
2022-08-28 05:00:00,0,0.0,5,6,8
2022-08-28 06:00:00,1,29.1,6,6,8
2022-08-28 07:00:00,5,259.9,7,6,8
2022-08-28 08:00:00,5,267.0,8,6,8
2022-08-28 09:00:00,11,593.8,9,6,8
2022-08-28 10:00:00,5,231.3,10,6,8
2022-08-28 11:00:00,4,193.39999999999998,11,6,8
2022-08-28 12:00:00,12,569.4,12,6,8
2022-08-28 13:00:00,8,422.6,13,6,8
2022-08-28 14:00:00,10,451.3,14,6,8
2022-08-28 15:00:00,10,542.6,15,6,8
2022-08-28 16:00:00,6,227.0,16,6,8
2022-08-28 17:00:00,4,255.7,17,6,8
2022-08-28 18:00:00,3,118.4,18,6,8
2022-08-28 19:00:00,2,64.6,19,6,8
2022-08-28 20:00:00,2,101.0,20,6,8
2022-08-28 21:00:00,0,0.0,21,6,8
2022-08-28 22:00:00,1,45.5,22,6,8
2022-08-28 23:00:00,2,112.7,23,6,8
2022-08-29 00:00:00,2,121.4,0,0,8
2022-08-29 01:00:00,1,29.1,1,0,8
2022-08-29 02:00:00,2,116.0,2,0,8
2022-08-29 03:00:00,0,0.0,3,0,8
2022-08-29 04:00:00,3,118.6,4,0,8
2022-08-29 05:00:00,5,245.9,5,0,8
2022-08-29 06:00:00,3,125.7,6,0,8
2022-08-29 07:00:00,5,215.0,7,0,8
2022-08-29 08:00:00,6,241.2,8,0,8
2022-08-29 09:00:00,15,687.4,9,0,8
2022-08-29 10:00:00,8,387.4,10,0,8
2022-08-29 11:00:00,10,524.4,11,0,8
2022-08-29 12:00:00,10,474.5,12,0,8
2022-08-29 13:00:00,9,425.2,13,0,8
2022-08-29 14:00:00,9,518.9,14,0,8
2022-08-29 15:00:00,7,401.0,15,0,8
2022-08-29 16:00:00,9,602.9,16,0,8
2022-08-29 17:00:00,4,190.8,17,0,8
2022-08-29 18:00:00,5,169.9,18,0,8
2022-08-29 19:00:00,1,46.3,19,0,8
2022-08-29 20:00:00,3,129.3,20,0,8
2022-08-29 21:00:00,1,31.6,21,0,8
2022-08-29 22:00:00,1,36.9,22,0,8
2022-08-29 23:00:00,0,0.0,23,0,8
2022-08-30 00:00:00,0,0.0,0,1,8
2022-08-30 01:00:00,2,81.4,1,1,8
2022-08-30 02:00:00,0,0.0,2,1,8
2022-08-30 03:00:00,0,0.0,3,1,8
2022-08-30 04:00:00,0,0.0,4,1,8
2022-08-30 05:00:00,2,114.2,5,1,8
2022-08-30 06:00:00,5,202.5,6,1,8
2022-08-30 07:00:00,4,180.10000000000002,7,1,8
2022-08-30 08:00:00,6,277.2,8,1,8
2022-08-30 09:00:00,2,114.6,9,1,8
2022-08-30 10:00:00,12,563.4,10,1,8
2022-08-30 11:00:00,7,318.3,11,1,8
2022-08-30 12:00:00,18,952.0,12,1,8
2022-08-30 13:00:00,10,440.8,13,1,8
2022-08-30 14:00:00,21,1064.5,14,1,8
2022-08-30 15:00:00,6,281.8,15,1,8
2022-08-30 16:00:00,4,179.0,16,1,8
2022-08-30 17:00:00,4,190.39999999999998,17,1,8
2022-08-30 18:00:00,6,243.3,18,1,8
2022-08-30 19:00:00,3,172.1,19,1,8
2022-08-30 20:00:00,5,256.5,20,1,8
2022-08-30 21:00:00,1,53.1,21,1,8
2022-08-30 22:00:00,1,34.3,22,1,8
2022-08-30 23:00:00,2,101.19999999999999,23,1,8
2022-08-31 00:00:00,0,0.0,0,2,8
2022-08-31 01:00:00,0,0.0,1,2,8
2022-08-31 02:00:00,1,44.3,2,2,8
2022-08-31 03:00:00,3,118.0,3,2,8
2022-08-31 04:00:00,0,0.0,4,2,8
2022-08-31 05:00:00,3,193.5,5,2,8
2022-08-31 06:00:00,1,45.8,6,2,8
2022-08-31 07:00:00,3,191.2,7,2,8
2022-08-31 08:00:00,5,264.7,8,2,8
2022-08-31 09:00:00,11,483.8,9,2,8
2022-08-31 10:00:00,12,588.4,10,2,8
2022-08-31 11:00:00,17,820.8,11,2,8
2022-08-31 12:00:00,7,310.3,12,2,8
2022-08-31 13:00:00,8,467.40000000000003,13,2,8
2022-08-31 14:00:00,3,200.4,14,2,8
2022-08-31 15:00:00,14,816.5999999999999,15,2,8
2022-08-31 16:00:00,6,281.7,16,2,8
2022-08-31 17:00:00,9,504.1,17,2,8
2022-08-31 18:00:00,6,296.7,18,2,8
2022-08-31 19:00:00,5,259.5,19,2,8
2022-08-31 20:00:00,7,430.4,20,2,8
2022-08-31 21:00:00,4,184.3,21,2,8
2022-08-31 22:00:00,0,0.0,22,2,8
2022-08-31 23:00:00,3,123.3,23,2,8
2022-09-01 00:00:00,1,31.1,0,3,9
2022-09-01 01:00:00,1,33.8,1,3,9
2022-09-01 02:00:00,2,139.2,2,3,9
2022-09-01 03:00:00,0,0.0,3,3,9
2022-09-01 04:00:00,0,0.0,4,3,9
2022-09-01 05:00:00,0,0.0,5,3,9
2022-09-01 06:00:00,5,260.7,6,3,9
2022-09-01 07:00:00,4,244.79999999999998,7,3,9
2022-09-01 08:00:00,4,235.4,8,3,9
2022-09-01 09:00:00,12,623.0,9,3,9
2022-09-01 10:00:00,8,326.4,10,3,9
2022-09-01 11:00:00,9,387.3,11,3,9
2022-09-01 12:00:00,8,408.6,12,3,9
2022-09-01 13:00:00,6,375.1,13,3,9
2022-09-01 14:00:00,13,650.2,14,3,9
2022-09-01 15:00:00,4,185.3,15,3,9
2022-09-01 16:00:00,10,507.8,16,3,9
2022-09-01 17:00:00,4,153.5,17,3,9
2022-09-01 18:00:00,7,408.7,18,3,9
2022-09-01 19:00:00,5,190.2,19,3,9
2022-09-01 20:00:00,4,213.3,20,3,9
2022-09-01 21:00:00,3,121.5,21,3,9
2022-09-01 22:00:00,0,0.0,22,3,9
2022-09-01 23:00:00,0,0.0,23,3,9
2022-09-02 00:00:00,2,106.69999999999999,0,4,9
2022-09-02 01:00:00,1,43.5,1,4,9
2022-09-02 02:00:00,0,0.0,2,4,9
2022-09-02 03:00:00,0,0.0,3,4,9
2022-09-02 04:00:00,2,109.2,4,4,9
2022-09-02 05:00:00,4,164.9,5,4,9
2022-09-02 06:00:00,4,231.39999999999998,6,4,9
2022-09-02 07:00:00,5,280.3,7,4,9
2022-09-02 08:00:00,8,431.4,8,4,9
2022-09-02 09:00:00,10,365.7,9,4,9
2022-09-02 10:00:00,10,584.8,10,4,9
2022-09-02 11:00:00,16,818.3,11,4,9
2022-09-02 12:00:00,8,378.9,12,4,9
2022-09-02 13:00:00,11,576.3,13,4,9
2022-09-02 14:00:00,11,481.8,14,4,9
2022-09-02 15:00:00,13,731.2,15,4,9
2022-09-02 16:00:00,9,451.0,16,4,9
2022-09-02 17:00:00,3,138.0,17,4,9
2022-09-02 18:00:00,4,227.1,18,4,9
2022-09-02 19:00:00,6,296.3,19,4,9
2022-09-02 20:00:00,2,140.5,20,4,9
2022-09-02 21:00:00,0,0.0,21,4,9
2022-09-02 22:00:00,1,55.9,22,4,9
2022-09-02 23:00:00,1,80.0,23,4,9
2022-09-03 00:00:00,0,0.0,0,5,9
2022-09-03 01:00:00,1,30.6,1,5,9
2022-09-03 02:00:00,0,0.0,2,5,9
2022-09-03 03:00:00,0,0.0,3,5,9
2022-09-03 04:00:00,0,0.0,4,5,9
2022-09-03 05:00:00,1,35.3,5,5,9
2022-09-03 06:00:00,0,0.0,6,5,9
2022-09-03 07:00:00,2,125.19999999999999,7,5,9
2022-09-03 08:00:00,6,374.1,8,5,9
2022-09-03 09:00:00,5,296.0,9,5,9
2022-09-03 10:00:00,7,421.9,10,5,9
2022-09-03 11:00:00,4,211.9,11,5,9
2022-09-03 12:00:00,6,254.7,12,5,9
2022-09-03 13:00:00,6,274.0,13,5,9
2022-09-03 14:00:00,5,235.3,14,5,9
2022-09-03 15:00:00,7,386.6,15,5,9
2022-09-03 16:00:00,7,392.5,16,5,9
2022-09-03 17:00:00,5,251.39999999999998,17,5,9
2022-09-03 18:00:00,2,129.3,18,5,9
2022-09-03 19:00:00,3,229.5,19,5,9
2022-09-03 20:00:00,0,0.0,20,5,9
2022-09-03 21:00:00,3,113.8,21,5,9
2022-09-03 22:00:00,0,0.0,22,5,9
2022-09-03 23:00:00,1,31.5,23,5,9
2022-09-04 00:00:00,0,0.0,0,6,9
2022-09-04 01:00:00,2,137.7,1,6,9
2022-09-04 02:00:00,1,69.6,2,6,9
2022-09-04 03:00:00,2,77.1,3,6,9
2022-09-04 04:00:00,1,80.0,4,6,9
2022-09-04 05:00:00,0,0.0,5,6,9
2022-09-04 06:00:00,5,313.6,6,6,9
2022-09-04 07:00:00,0,0.0,7,6,9
2022-09-04 08:00:00,4,291.2,8,6,9
2022-09-04 09:00:00,5,258.5,9,6,9
2022-09-04 10:00:00,4,201.3,10,6,9
2022-09-04 11:00:00,12,513.7,11,6,9
2022-09-04 12:00:00,5,191.0,12,6,9
2022-09-04 13:00:00,6,323.4,13,6,9
2022-09-04 14:00:00,9,480.1,14,6,9
2022-09-04 15:00:00,7,297.3,15,6,9
2022-09-04 16:00:00,8,392.4,16,6,9
2022-09-04 17:00:00,2,98.0,17,6,9
2022-09-04 18:00:00,0,0.0,18,6,9
2022-09-04 19:00:00,2,84.19999999999999,19,6,9
2022-09-04 20:00:00,3,159.4,20,6,9
2022-09-04 21:00:00,2,80.4,21,6,9
2022-09-04 22:00:00,0,0.0,22,6,9
2022-09-04 23:00:00,1,34.8,23,6,9
2022-09-05 00:00:00,3,152.9,0,0,9
2022-09-05 01:00:00,3,165.4,1,0,9
2022-09-05 02:00:00,3,201.2,2,0,9
2022-09-05 03:00:00,0,0.0,3,0,9
2022-09-05 04:00:00,1,68.5,4,0,9
2022-09-05 05:00:00,2,105.9,5,0,9
2022-09-05 06:00:00,2,82.8,6,0,9
2022-09-05 07:00:00,5,226.3,7,0,9
2022-09-05 08:00:00,1,48.8,8,0,9
2022-09-05 09:00:00,10,428.2,9,0,9
2022-09-05 10:00:00,8,476.8,10,0,9
2022-09-05 11:00:00,7,237.5,11,0,9
2022-09-05 12:00:00,15,710.9,12,0,9
2022-09-05 13:00:00,12,521.5,13,0,9
2022-09-05 14:00:00,11,516.9,14,0,9
2022-09-05 15:00:00,3,132.9,15,0,9
2022-09-05 16:00:00,8,374.0,16,0,9
2022-09-05 17:00:00,8,458.9,17,0,9
2022-09-05 18:00:00,5,242.79999999999998,18,0,9
2022-09-05 19:00:00,6,273.6,19,0,9
2022-09-05 20:00:00,2,76.2,20,0,9
2022-09-05 21:00:00,2,90.7,21,0,9
2022-09-05 22:00:00,0,0.0,22,0,9
2022-09-05 23:00:00,0,0.0,23,0,9
2022-09-06 00:00:00,1,78.2,0,1,9
2022-09-06 01:00:00,2,103.6,1,1,9
2022-09-06 02:00:00,1,34.0,2,1,9
2022-09-06 03:00:00,1,51.5,3,1,9
2022-09-06 04:00:00,1,75.2,4,1,9
2022-09-06 05:00:00,5,259.1,5,1,9
2022-09-06 06:00:00,2,86.69999999999999,6,1,9
2022-09-06 07:00:00,2,65.3,7,1,9
2022-09-06 08:00:00,4,216.3,8,1,9
2022-09-06 09:00:00,8,428.3,9,1,9
2022-09-06 10:00:00,5,192.4,10,1,9
2022-09-06 11:00:00,10,498.4,11,1,9
2022-09-06 12:00:00,8,352.3,12,1,9
2022-09-06 13:00:00,13,682.4,13,1,9
2022-09-06 14:00:00,14,703.3,14,1,9
2022-09-06 15:00:00,6,302.8,15,1,9
2022-09-06 16:00:00,12,569.1,16,1,9
2022-09-06 17:00:00,8,348.8,17,1,9
2022-09-06 18:00:00,7,322.8,18,1,9
2022-09-06 19:00:00,6,306.1,19,1,9
2022-09-06 20:00:00,5,260.5,20,1,9
2022-09-06 21:00:00,2,90.8,21,1,9
2022-09-06 22:00:00,0,0.0,22,1,9
2022-09-06 23:00:00,1,53.0,23,1,9
2022-09-07 00:00:00,3,119.8,0,2,9
2022-09-07 01:00:00,0,0.0,1,2,9
2022-09-07 02:00:00,1,46.4,2,2,9
2022-09-07 03:00:00,1,75.1,3,2,9
2022-09-07 04:00:00,2,83.69999999999999,4,2,9
2022-09-07 05:00:00,2,99.6,5,2,9
2022-09-07 06:00:00,2,84.4,6,2,9
2022-09-07 07:00:00,3,144.8,7,2,9
2022-09-07 08:00:00,5,334.0,8,2,9
2022-09-07 09:00:00,1,52.7,9,2,9
2022-09-07 10:00:00,12,548.2,10,2,9
2022-09-07 11:00:00,7,324.8,11,2,9
2022-09-07 12:00:00,9,413.9,12,2,9
2022-09-07 13:00:00,12,717.8,13,2,9
2022-09-07 14:00:00,10,544.4,14,2,9
2022-09-07 15:00:00,9,418.3,15,2,9
2022-09-07 16:00:00,7,277.6,16,2,9
2022-09-07 17:00:00,6,297.4,17,2,9
2022-09-07 18:00:00,2,79.0,18,2,9
2022-09-07 19:00:00,5,209.4,19,2,9
2022-09-07 20:00:00,2,70.69999999999999,20,2,9
2022-09-07 21:00:00,4,175.5,21,2,9
2022-09-07 22:00:00,0,0.0,22,2,9
2022-09-07 23:00:00,1,45.1,23,2,9
2022-09-08 00:00:00,0,0.0,0,3,9
2022-09-08 01:00:00,2,108.1,1,3,9
2022-09-08 02:00:00,2,81.0,2,3,9
2022-09-08 03:00:00,1,47.0,3,3,9
2022-09-08 04:00:00,1,35.3,4,3,9
2022-09-08 05:00:00,2,117.1,5,3,9
2022-09-08 06:00:00,3,167.5,6,3,9
2022-09-08 07:00:00,2,75.80000000000001,7,3,9
2022-09-08 08:00:00,7,423.7,8,3,9
2022-09-08 09:00:00,7,356.09999999999997,9,3,9
2022-09-08 10:00:00,10,503.5,10,3,9
2022-09-08 11:00:00,13,658.8,11,3,9
2022-09-08 12:00:00,12,568.5,12,3,9
2022-09-08 13:00:00,8,351.0,13,3,9
2022-09-08 14:00:00,6,278.5,14,3,9
2022-09-08 15:00:00,10,579.6,15,3,9
2022-09-08 16:00:00,6,250.9,16,3,9
2022-09-08 17:00:00,8,369.6,17,3,9
2022-09-08 18:00:00,5,205.70000000000002,18,3,9
2022-09-08 19:00:00,3,143.8,19,3,9
2022-09-08 20:00:00,3,131.8,20,3,9
2022-09-08 21:00:00,7,396.5,21,3,9
2022-09-08 22:00:00,1,50.1,22,3,9
2022-09-08 23:00:00,0,0.0,23,3,9
2022-09-09 00:00:00,3,99.30000000000001,0,4,9
2022-09-09 01:00:00,0,0.0,1,4,9
2022-09-09 02:00:00,0,0.0,2,4,9
2022-09-09 03:00:00,0,0.0,3,4,9
2022-09-09 04:00:00,1,35.0,4,4,9
2022-09-09 05:00:00,2,108.1,5,4,9
2022-09-09 06:00:00,5,316.7,6,4,9
2022-09-09 07:00:00,5,217.5,7,4,9
2022-09-09 08:00:00,8,361.6,8,4,9
2022-09-09 09:00:00,9,421.7,9,4,9
2022-09-09 10:00:00,11,473.8,10,4,9
2022-09-09 11:00:00,5,229.3,11,4,9
2022-09-09 12:00:00,15,747.5,12,4,9
2022-09-09 13:00:00,13,581.9,13,4,9
2022-09-09 14:00:00,10,421.8,14,4,9
2022-09-09 15:00:00,6,358.5,15,4,9
2022-09-09 16:00:00,9,443.6,16,4,9
2022-09-09 17:00:00,5,196.9,17,4,9
2022-09-09 18:00:00,2,139.6,18,4,9
2022-09-09 19:00:00,8,447.0,19,4,9
2022-09-09 20:00:00,4,189.9,20,4,9
2022-09-09 21:00:00,5,277.5,21,4,9
2022-09-09 22:00:00,0,0.0,22,4,9
2022-09-09 23:00:00,0,0.0,23,4,9
2022-09-10 00:00:00,1,31.8,0,5,9
2022-09-10 01:00:00,1,51.6,1,5,9
2022-09-10 02:00:00,0,0.0,2,5,9
2022-09-10 03:00:00,0,0.0,3,5,9
2022-09-10 04:00:00,1,67.6,4,5,9
2022-09-10 05:00:00,3,170.5,5,5,9
2022-09-10 06:00:00,3,136.1,6,5,9
2022-09-10 07:00:00,6,325.9,7,5,9
2022-09-10 08:00:00,6,296.4,8,5,9
2022-09-10 09:00:00,9,440.3,9,5,9
2022-09-10 10:00:00,5,216.3,10,5,9
2022-09-10 11:00:00,8,387.0,11,5,9
2022-09-10 12:00:00,3,110.3,12,5,9
2022-09-10 13:00:00,12,511.6,13,5,9
2022-09-10 14:00:00,9,440.7,14,5,9
2022-09-10 15:00:00,5,263.7,15,5,9
2022-09-10 16:00:00,4,153.0,16,5,9
2022-09-10 17:00:00,3,140.9,17,5,9
2022-09-10 18:00:00,6,335.7,18,5,9
2022-09-10 19:00:00,1,50.9,19,5,9
2022-09-10 20:00:00,1,54.7,20,5,9
2022-09-10 21:00:00,3,154.9,21,5,9
2022-09-10 22:00:00,1,35.1,22,5,9
2022-09-10 23:00:00,0,0.0,23,5,9
2022-09-11 00:00:00,0,0.0,0,6,9
2022-09-11 01:00:00,2,98.6,1,6,9
2022-09-11 02:00:00,1,39.0,2,6,9
2022-09-11 03:00:00,1,80.0,3,6,9
2022-09-11 04:00:00,3,119.4,4,6,9
2022-09-11 05:00:00,2,113.1,5,6,9
2022-09-11 06:00:00,2,82.3,6,6,9
2022-09-11 07:00:00,2,101.0,7,6,9
2022-09-11 08:00:00,5,300.1,8,6,9
2022-09-11 09:00:00,7,343.3,9,6,9
2022-09-11 10:00:00,8,381.9,10,6,9
2022-09-11 11:00:00,9,405.6,11,6,9
2022-09-11 12:00:00,6,326.90000000000003,12,6,9
2022-09-11 13:00:00,4,211.1,13,6,9
2022-09-11 14:00:00,4,207.6,14,6,9
2022-09-11 15:00:00,5,210.1,15,6,9
2022-09-11 16:00:00,4,187.6,16,6,9
2022-09-11 17:00:00,5,221.9,17,6,9
2022-09-11 18:00:00,3,170.9,18,6,9
2022-09-11 19:00:00,6,264.3,19,6,9
2022-09-11 20:00:00,2,120.69999999999999,20,6,9
2022-09-11 21:00:00,1,64.4,21,6,9
2022-09-11 22:00:00,1,47.7,22,6,9
2022-09-11 23:00:00,0,0.0,23,6,9
2022-09-12 00:00:00,2,68.3,0,0,9
2022-09-12 01:00:00,1,80.0,1,0,9
2022-09-12 02:00:00,1,52.4,2,0,9
2022-09-12 03:00:00,2,70.0,3,0,9
2022-09-12 04:00:00,0,0.0,4,0,9
2022-09-12 05:00:00,3,154.3,5,0,9
2022-09-12 06:00:00,1,80.0,6,0,9
2022-09-12 07:00:00,4,193.79999999999998,7,0,9
2022-09-12 08:00:00,6,368.9,8,0,9
2022-09-12 09:00:00,5,235.5,9,0,9
2022-09-12 10:00:00,10,469.0,10,0,9
2022-09-12 11:00:00,7,383.0,11,0,9
2022-09-12 12:00:00,4,200.9,12,0,9
2022-09-12 13:00:00,15,658.7,13,0,9
2022-09-12 14:00:00,14,704.1,14,0,9
2022-09-12 15:00:00,10,563.4,15,0,9
2022-09-12 16:00:00,6,334.7,16,0,9
2022-09-12 17:00:00,5,259.0,17,0,9
2022-09-12 18:00:00,7,344.2,18,0,9
2022-09-12 19:00:00,6,329.9,19,0,9
2022-09-12 20:00:00,3,113.7,20,0,9
2022-09-12 21:00:00,3,148.0,21,0,9
2022-09-12 22:00:00,1,69.2,22,0,9
2022-09-12 23:00:00,0,0.0,23,0,9
2022-09-13 00:00:00,4,182.9,0,1,9
2022-09-13 01:00:00,1,80.0,1,1,9
2022-09-13 02:00:00,0,0.0,2,1,9
2022-09-13 03:00:00,0,0.0,3,1,9
2022-09-13 04:00:00,0,0.0,4,1,9
2022-09-13 05:00:00,5,277.1,5,1,9
2022-09-13 06:00:00,2,73.6,6,1,9
2022-09-13 07:00:00,6,332.7,7,1,9
2022-09-13 08:00:00,7,321.7,8,1,9
2022-09-13 09:00:00,9,383.1,9,1,9
2022-09-13 10:00:00,7,296.6,10,1,9
2022-09-13 11:00:00,11,471.4,11,1,9
2022-09-13 12:00:00,12,640.3,12,1,9
2022-09-13 13:00:00,8,453.40000000000003,13,1,9
2022-09-13 14:00:00,8,484.4,14,1,9
2022-09-13 15:00:00,6,265.2,15,1,9
2022-09-13 16:00:00,6,251.2,16,1,9
2022-09-13 17:00:00,4,178.7,17,1,9
2022-09-13 18:00:00,5,199.8,18,1,9
2022-09-13 19:00:00,9,354.7,19,1,9
2022-09-13 20:00:00,3,129.0,20,1,9
2022-09-13 21:00:00,3,164.8,21,1,9
2022-09-13 22:00:00,2,61.4,22,1,9
2022-09-13 23:00:00,1,69.9,23,1,9
2022-09-14 00:00:00,1,33.4,0,2,9
2022-09-14 01:00:00,0,0.0,1,2,9
2022-09-14 02:00:00,3,175.5,2,2,9
2022-09-14 03:00:00,0,0.0,3,2,9
2022-09-14 04:00:00,2,90.5,4,2,9
2022-09-14 05:00:00,2,116.7,5,2,9
2022-09-14 06:00:00,0,0.0,6,2,9
2022-09-14 07:00:00,2,82.0,7,2,9
2022-09-14 08:00:00,7,334.5,8,2,9
2022-09-14 09:00:00,11,628.7,9,2,9
2022-09-14 10:00:00,10,497.09999999999997,10,2,9
2022-09-14 11:00:00,11,526.5,11,2,9
2022-09-14 12:00:00,5,230.79999999999998,12,2,9
2022-09-14 13:00:00,19,1014.3,13,2,9
2022-09-14 14:00:00,11,527.8,14,2,9
2022-09-14 15:00:00,8,387.0,15,2,9
2022-09-14 16:00:00,2,113.5,16,2,9
2022-09-14 17:00:00,8,381.5,17,2,9
2022-09-14 18:00:00,6,428.8,18,2,9
2022-09-14 19:00:00,6,347.7,19,2,9
2022-09-14 20:00:00,2,56.099999999999994,20,2,9
2022-09-14 21:00:00,3,195.2,21,2,9
2022-09-14 22:00:00,1,46.1,22,2,9
2022-09-14 23:00:00,1,40.4,23,2,9
2022-09-15 00:00:00,2,117.69999999999999,0,3,9
2022-09-15 01:00:00,0,0.0,1,3,9
2022-09-15 02:00:00,1,31.1,2,3,9
2022-09-15 03:00:00,1,34.8,3,3,9
2022-09-15 04:00:00,1,53.0,4,3,9
2022-09-15 05:00:00,1,32.4,5,3,9
2022-09-15 06:00:00,4,223.0,6,3,9
2022-09-15 07:00:00,1,29.3,7,3,9
2022-09-15 08:00:00,2,79.6,8,3,9
2022-09-15 09:00:00,9,510.9,9,3,9
2022-09-15 10:00:00,11,565.5,10,3,9
2022-09-15 11:00:00,14,746.5,11,3,9
2022-09-15 12:00:00,3,125.6,12,3,9
2022-09-15 13:00:00,10,468.6,13,3,9
2022-09-15 14:00:00,7,341.5,14,3,9
2022-09-15 15:00:00,8,328.2,15,3,9
2022-09-15 16:00:00,4,225.3,16,3,9
2022-09-15 17:00:00,3,122.5,17,3,9
2022-09-15 18:00:00,8,302.4,18,3,9
2022-09-15 19:00:00,4,180.3,19,3,9
2022-09-15 20:00:00,4,230.0,20,3,9
2022-09-15 21:00:00,0,0.0,21,3,9
2022-09-15 22:00:00,1,80.0,22,3,9
2022-09-15 23:00:00,0,0.0,23,3,9
2022-09-16 00:00:00,1,28.9,0,4,9
2022-09-16 01:00:00,0,0.0,1,4,9
2022-09-16 02:00:00,2,154.0,2,4,9
2022-09-16 03:00:00,0,0.0,3,4,9
2022-09-16 04:00:00,4,196.0,4,4,9
2022-09-16 05:00:00,4,167.2,5,4,9
2022-09-16 06:00:00,1,79.1,6,4,9
2022-09-16 07:00:00,5,222.4,7,4,9
2022-09-16 08:00:00,4,204.2,8,4,9
2022-09-16 09:00:00,2,142.5,9,4,9
2022-09-16 10:00:00,8,392.90000000000003,10,4,9
2022-09-16 11:00:00,14,689.1,11,4,9
2022-09-16 12:00:00,12,596.2,12,4,9
2022-09-16 13:00:00,15,710.9,13,4,9
2022-09-16 14:00:00,9,471.79999999999995,14,4,9
2022-09-16 15:00:00,8,434.7,15,4,9
2022-09-16 16:00:00,13,658.1,16,4,9
2022-09-16 17:00:00,6,291.6,17,4,9
2022-09-16 18:00:00,3,188.9,18,4,9
2022-09-16 19:00:00,5,284.6,19,4,9
2022-09-16 20:00:00,2,103.1,20,4,9
2022-09-16 21:00:00,2,112.3,21,4,9
2022-09-16 22:00:00,2,83.2,22,4,9
2022-09-16 23:00:00,0,0.0,23,4,9
2022-09-17 00:00:00,1,31.4,0,5,9
2022-09-17 01:00:00,0,0.0,1,5,9
2022-09-17 02:00:00,0,0.0,2,5,9
2022-09-17 03:00:00,1,71.4,3,5,9
2022-09-17 04:00:00,2,83.5,4,5,9
2022-09-17 05:00:00,2,71.6,5,5,9
2022-09-17 06:00:00,0,0.0,6,5,9
2022-09-17 07:00:00,6,306.8,7,5,9
2022-09-17 08:00:00,5,220.4,8,5,9
2022-09-17 09:00:00,8,413.7,9,5,9
2022-09-17 10:00:00,5,249.2,10,5,9
2022-09-17 11:00:00,3,133.7,11,5,9
2022-09-17 12:00:00,7,361.6,12,5,9
2022-09-17 13:00:00,5,223.29999999999998,13,5,9
2022-09-17 14:00:00,4,149.39999999999998,14,5,9
2022-09-17 15:00:00,11,541.9,15,5,9
2022-09-17 16:00:00,8,308.7,16,5,9
2022-09-17 17:00:00,5,200.8,17,5,9
2022-09-17 18:00:00,0,0.0,18,5,9
2022-09-17 19:00:00,3,189.9,19,5,9
2022-09-17 20:00:00,3,156.6,20,5,9
2022-09-17 21:00:00,1,64.0,21,5,9
2022-09-17 22:00:00,0,0.0,22,5,9
2022-09-17 23:00:00,1,32.2,23,5,9
2022-09-18 00:00:00,0,0.0,0,6,9
2022-09-18 01:00:00,0,0.0,1,6,9
2022-09-18 02:00:00,1,43.8,2,6,9
2022-09-18 03:00:00,1,30.7,3,6,9
2022-09-18 04:00:00,1,71.7,4,6,9
2022-09-18 05:00:00,2,88.4,5,6,9
2022-09-18 06:00:00,5,263.2,6,6,9
2022-09-18 07:00:00,3,161.6,7,6,9
2022-09-18 08:00:00,4,144.1,8,6,9
2022-09-18 09:00:00,8,325.7,9,6,9
2022-09-18 10:00:00,10,490.29999999999995,10,6,9
2022-09-18 11:00:00,8,451.3,11,6,9
2022-09-18 12:00:00,12,574.4,12,6,9
2022-09-18 13:00:00,9,384.3,13,6,9
2022-09-18 14:00:00,8,328.1,14,6,9
2022-09-18 15:00:00,5,244.1,15,6,9
2022-09-18 16:00:00,3,103.9,16,6,9
2022-09-18 17:00:00,7,458.9,17,6,9
2022-09-18 18:00:00,2,94.3,18,6,9
2022-09-18 19:00:00,4,182.3,19,6,9
2022-09-18 20:00:00,4,203.4,20,6,9
2022-09-18 21:00:00,0,0.0,21,6,9
2022-09-18 22:00:00,2,83.9,22,6,9
2022-09-18 23:00:00,0,0.0,23,6,9
2022-09-19 00:00:00,0,0.0,0,0,9
2022-09-19 01:00:00,1,60.4,1,0,9
2022-09-19 02:00:00,0,0.0,2,0,9
2022-09-19 03:00:00,1,34.6,3,0,9
2022-09-19 04:00:00,5,191.1,4,0,9
2022-09-19 05:00:00,2,78.4,5,0,9
2022-09-19 06:00:00,2,72.4,6,0,9
2022-09-19 07:00:00,0,0.0,7,0,9
2022-09-19 08:00:00,4,206.9,8,0,9
2022-09-19 09:00:00,13,692.3,9,0,9
2022-09-19 10:00:00,12,514.0,10,0,9
2022-09-19 11:00:00,15,862.2,11,0,9
2022-09-19 12:00:00,7,296.40000000000003,12,0,9
2022-09-19 13:00:00,11,540.8,13,0,9
2022-09-19 14:00:00,13,663.4,14,0,9
2022-09-19 15:00:00,11,555.3,15,0,9
2022-09-19 16:00:00,8,417.79999999999995,16,0,9
2022-09-19 17:00:00,8,399.9,17,0,9
2022-09-19 18:00:00,2,69.69999999999999,18,0,9
2022-09-19 19:00:00,5,235.0,19,0,9
2022-09-19 20:00:00,5,215.6,20,0,9
2022-09-19 21:00:00,4,195.5,21,0,9
2022-09-19 22:00:00,0,0.0,22,0,9
2022-09-19 23:00:00,0,0.0,23,0,9
2022-09-20 00:00:00,2,114.8,0,1,9
2022-09-20 01:00:00,0,0.0,1,1,9
2022-09-20 02:00:00,2,102.9,2,1,9
2022-09-20 03:00:00,2,96.4,3,1,9
2022-09-20 04:00:00,0,0.0,4,1,9
2022-09-20 05:00:00,2,70.30000000000001,5,1,9
2022-09-20 06:00:00,1,29.1,6,1,9
2022-09-20 07:00:00,4,170.9,7,1,9
2022-09-20 08:00:00,3,169.7,8,1,9
2022-09-20 09:00:00,5,260.7,9,1,9
2022-09-20 10:00:00,8,415.1,10,1,9
2022-09-20 11:00:00,9,462.1,11,1,9
2022-09-20 12:00:00,4,162.7,12,1,9
2022-09-20 13:00:00,7,318.1,13,1,9
2022-09-20 14:00:00,8,333.6,14,1,9
2022-09-20 15:00:00,5,263.4,15,1,9
2022-09-20 16:00:00,8,343.70000000000005,16,1,9
2022-09-20 17:00:00,9,396.5,17,1,9
2022-09-20 18:00:00,3,184.7,18,1,9
2022-09-20 19:00:00,7,343.6,19,1,9
2022-09-20 20:00:00,7,338.2,20,1,9
2022-09-20 21:00:00,4,164.7,21,1,9
2022-09-20 22:00:00,1,30.7,22,1,9
2022-09-20 23:00:00,1,47.5,23,1,9
2022-09-21 00:00:00,1,57.5,0,2,9
2022-09-21 01:00:00,2,84.80000000000001,1,2,9
2022-09-21 02:00:00,1,31.4,2,2,9
2022-09-21 03:00:00,0,0.0,3,2,9
2022-09-21 04:00:00,2,89.4,4,2,9
2022-09-21 05:00:00,2,96.0,5,2,9
2022-09-21 06:00:00,4,223.7,6,2,9
2022-09-21 07:00:00,5,284.4,7,2,9
2022-09-21 08:00:00,6,289.7,8,2,9
2022-09-21 09:00:00,12,614.5,9,2,9
2022-09-21 10:00:00,10,520.1,10,2,9
2022-09-21 11:00:00,6,299.6,11,2,9
2022-09-21 12:00:00,18,911.8,12,2,9
2022-09-21 13:00:00,9,455.8,13,2,9
2022-09-21 14:00:00,17,927.0,14,2,9
2022-09-21 15:00:00,10,501.5,15,2,9
2022-09-21 16:00:00,8,353.7,16,2,9
2022-09-21 17:00:00,9,422.5,17,2,9
2022-09-21 18:00:00,6,340.8,18,2,9
2022-09-21 19:00:00,2,80.3,19,2,9
2022-09-21 20:00:00,1,31.9,20,2,9
2022-09-21 21:00:00,1,80.0,21,2,9
2022-09-21 22:00:00,3,99.9,22,2,9
2022-09-21 23:00:00,1,35.6,23,2,9
2022-09-22 00:00:00,2,112.60000000000001,0,3,9
2022-09-22 01:00:00,0,0.0,1,3,9
2022-09-22 02:00:00,0,0.0,2,3,9
2022-09-22 03:00:00,2,99.2,3,3,9
2022-09-22 04:00:00,1,57.2,4,3,9
2022-09-22 05:00:00,3,151.0,5,3,9
2022-09-22 06:00:00,4,254.0,6,3,9
2022-09-22 07:00:00,3,142.3,7,3,9
2022-09-22 08:00:00,6,310.5,8,3,9
2022-09-22 09:00:00,7,311.2,9,3,9
2022-09-22 10:00:00,7,307.0,10,3,9
2022-09-22 11:00:00,8,334.9,11,3,9
2022-09-22 12:00:00,12,695.1,12,3,9
2022-09-22 13:00:00,14,605.4,13,3,9
2022-09-22 14:00:00,12,581.7,14,3,9
2022-09-22 15:00:00,9,561.2,15,3,9
2022-09-22 16:00:00,16,791.6,16,3,9
2022-09-22 17:00:00,4,220.7,17,3,9
2022-09-22 18:00:00,4,173.0,18,3,9
2022-09-22 19:00:00,3,162.7,19,3,9
2022-09-22 20:00:00,3,160.3,20,3,9
2022-09-22 21:00:00,4,176.8,21,3,9
2022-09-22 22:00:00,2,104.7,22,3,9
2022-09-22 23:00:00,1,35.4,23,3,9
2022-09-23 00:00:00,1,79.9,0,4,9
2022-09-23 01:00:00,1,30.3,1,4,9
2022-09-23 02:00:00,0,0.0,2,4,9
2022-09-23 03:00:00,0,0.0,3,4,9
2022-09-23 04:00:00,0,0.0,4,4,9
2022-09-23 05:00:00,2,94.2,5,4,9
2022-09-23 06:00:00,4,225.5,6,4,9
2022-09-23 07:00:00,3,100.4,7,4,9
2022-09-23 08:00:00,4,201.0,8,4,9
2022-09-23 09:00:00,11,593.5,9,4,9
2022-09-23 10:00:00,9,434.2,10,4,9
2022-09-23 11:00:00,10,473.5,11,4,9
2022-09-23 12:00:00,9,415.40000000000003,12,4,9
2022-09-23 13:00:00,14,665.7,13,4,9
2022-09-23 14:00:00,13,715.9,14,4,9
2022-09-23 15:00:00,6,281.2,15,4,9
2022-09-23 16:00:00,5,185.9,16,4,9
2022-09-23 17:00:00,3,138.5,17,4,9
2022-09-23 18:00:00,5,234.2,18,4,9
2022-09-23 19:00:00,6,221.3,19,4,9
2022-09-23 20:00:00,5,294.7,20,4,9
2022-09-23 21:00:00,3,130.0,21,4,9
2022-09-23 22:00:00,0,0.0,22,4,9
2022-09-23 23:00:00,2,103.6,23,4,9
2022-09-24 00:00:00,0,0.0,0,5,9
2022-09-24 01:00:00,1,30.7,1,5,9
2022-09-24 02:00:00,1,33.0,2,5,9
2022-09-24 03:00:00,1,35.4,3,5,9
2022-09-24 04:00:00,2,82.4,4,5,9
2022-09-24 05:00:00,2,111.1,5,5,9
2022-09-24 06:00:00,1,80.0,6,5,9
2022-09-24 07:00:00,1,80.0,7,5,9
2022-09-24 08:00:00,3,161.7,8,5,9
2022-09-24 09:00:00,3,201.5,9,5,9
2022-09-24 10:00:00,6,329.4,10,5,9
2022-09-24 11:00:00,5,292.6,11,5,9
2022-09-24 12:00:00,8,468.3,12,5,9
2022-09-24 13:00:00,7,411.40000000000003,13,5,9
2022-09-24 14:00:00,4,221.10000000000002,14,5,9
2022-09-24 15:00:00,14,621.4,15,5,9
2022-09-24 16:00:00,8,383.5,16,5,9
2022-09-24 17:00:00,5,231.7,17,5,9
2022-09-24 18:00:00,3,96.5,18,5,9
2022-09-24 19:00:00,5,207.70000000000002,19,5,9
2022-09-24 20:00:00,6,214.0,20,5,9
2022-09-24 21:00:00,1,35.7,21,5,9
2022-09-24 22:00:00,0,0.0,22,5,9
2022-09-24 23:00:00,1,33.8,23,5,9
2022-09-25 00:00:00,0,0.0,0,6,9
2022-09-25 01:00:00,1,32.7,1,6,9
2022-09-25 02:00:00,0,0.0,2,6,9
2022-09-25 03:00:00,0,0.0,3,6,9
2022-09-25 04:00:00,0,0.0,4,6,9
2022-09-25 05:00:00,0,0.0,5,6,9
2022-09-25 06:00:00,4,155.6,6,6,9
2022-09-25 07:00:00,4,253.7,7,6,9
2022-09-25 08:00:00,0,0.0,8,6,9
2022-09-25 09:00:00,6,301.8,9,6,9
2022-09-25 10:00:00,3,193.4,10,6,9
2022-09-25 11:00:00,6,236.3,11,6,9
2022-09-25 12:00:00,8,365.7,12,6,9
2022-09-25 13:00:00,14,676.8,13,6,9
2022-09-25 14:00:00,9,528.6,14,6,9
2022-09-25 15:00:00,8,322.3,15,6,9
2022-09-25 16:00:00,7,406.3,16,6,9
2022-09-25 17:00:00,2,131.1,17,6,9
2022-09-25 18:00:00,7,326.1,18,6,9
2022-09-25 19:00:00,3,143.3,19,6,9
2022-09-25 20:00:00,2,159.2,20,6,9
2022-09-25 21:00:00,0,0.0,21,6,9
2022-09-25 22:00:00,0,0.0,22,6,9
2022-09-25 23:00:00,0,0.0,23,6,9
2022-09-26 00:00:00,1,80.0,0,0,9
2022-09-26 01:00:00,1,46.3,1,0,9
2022-09-26 02:00:00,1,58.3,2,0,9
2022-09-26 03:00:00,2,102.10000000000001,3,0,9
2022-09-26 04:00:00,0,0.0,4,0,9
2022-09-26 05:00:00,1,28.4,5,0,9
2022-09-26 06:00:00,5,242.2,6,0,9
2022-09-26 07:00:00,3,193.6,7,0,9
2022-09-26 08:00:00,5,203.1,8,0,9
2022-09-26 09:00:00,9,462.40000000000003,9,0,9
2022-09-26 10:00:00,8,477.6,10,0,9
2022-09-26 11:00:00,14,653.6,11,0,9
2022-09-26 12:00:00,9,334.0,12,0,9
2022-09-26 13:00:00,6,313.2,13,0,9
2022-09-26 14:00:00,13,589.1,14,0,9
2022-09-26 15:00:00,7,281.3,15,0,9
2022-09-26 16:00:00,5,338.8,16,0,9
2022-09-26 17:00:00,4,232.6,17,0,9
2022-09-26 18:00:00,5,258.7,18,0,9
2022-09-26 19:00:00,5,265.4,19,0,9
2022-09-26 20:00:00,1,47.2,20,0,9
2022-09-26 21:00:00,1,34.4,21,0,9
2022-09-26 22:00:00,1,34.2,22,0,9
2022-09-26 23:00:00,1,54.1,23,0,9
2022-09-27 00:00:00,4,255.9,0,1,9
2022-09-27 01:00:00,1,49.6,1,1,9
2022-09-27 02:00:00,1,44.7,2,1,9
2022-09-27 03:00:00,3,159.6,3,1,9
2022-09-27 04:00:00,2,93.6,4,1,9
2022-09-27 05:00:00,3,177.2,5,1,9
2022-09-27 06:00:00,6,323.1,6,1,9
2022-09-27 07:00:00,4,179.1,7,1,9
2022-09-27 08:00:00,5,319.4,8,1,9
2022-09-27 09:00:00,4,217.7,9,1,9
2022-09-27 10:00:00,8,392.29999999999995,10,1,9
2022-09-27 11:00:00,13,634.3,11,1,9
2022-09-27 12:00:00,9,449.1,12,1,9
2022-09-27 13:00:00,8,381.0,13,1,9
2022-09-27 14:00:00,10,461.6,14,1,9
2022-09-27 15:00:00,9,459.1,15,1,9
2022-09-27 16:00:00,6,271.7,16,1,9
2022-09-27 17:00:00,9,472.3,17,1,9
2022-09-27 18:00:00,2,118.30000000000001,18,1,9
2022-09-27 19:00:00,4,212.5,19,1,9
2022-09-27 20:00:00,4,225.8,20,1,9
2022-09-27 21:00:00,0,0.0,21,1,9
2022-09-27 22:00:00,1,80.0,22,1,9
2022-09-27 23:00:00,0,0.0,23,1,9
2022-09-28 00:00:00,0,0.0,0,2,9
2022-09-28 01:00:00,1,35.7,1,2,9
2022-09-28 02:00:00,3,189.5,2,2,9
2022-09-28 03:00:00,0,0.0,3,2,9
2022-09-28 04:00:00,2,117.1,4,2,9
2022-09-28 05:00:00,5,274.5,5,2,9
2022-09-28 06:00:00,6,349.2,6,2,9
2022-09-28 07:00:00,4,168.5,7,2,9
2022-09-28 08:00:00,5,254.9,8,2,9
2022-09-28 09:00:00,11,488.2,9,2,9
2022-09-28 10:00:00,6,303.5,10,2,9
2022-09-28 11:00:00,12,546.7,11,2,9
2022-09-28 12:00:00,11,581.9,12,2,9
2022-09-28 13:00:00,6,323.6,13,2,9
2022-09-28 14:00:00,4,175.7,14,2,9
2022-09-28 15:00:00,9,550.2,15,2,9
2022-09-28 16:00:00,9,401.8,16,2,9
2022-09-28 17:00:00,6,357.2,17,2,9
2022-09-28 18:00:00,6,241.9,18,2,9
2022-09-28 19:00:00,5,196.1,19,2,9
2022-09-28 20:00:00,1,36.0,20,2,9
2022-09-28 21:00:00,0,0.0,21,2,9
2022-09-28 22:00:00,3,175.9,22,2,9
2022-09-28 23:00:00,1,46.9,23,2,9
2022-09-29 00:00:00,2,99.6,0,3,9
2022-09-29 01:00:00,0,0.0,1,3,9
2022-09-29 02:00:00,2,113.4,2,3,9
2022-09-29 03:00:00,0,0.0,3,3,9
2022-09-29 04:00:00,0,0.0,4,3,9
2022-09-29 05:00:00,2,109.9,5,3,9
2022-09-29 06:00:00,1,30.7,6,3,9
2022-09-29 07:00:00,3,113.5,7,3,9
2022-09-29 08:00:00,6,319.6,8,3,9
2022-09-29 09:00:00,10,513.9,9,3,9
2022-09-29 10:00:00,13,742.8,10,3,9
2022-09-29 11:00:00,7,276.2,11,3,9
2022-09-29 12:00:00,5,280.4,12,3,9
2022-09-29 13:00:00,12,536.0,13,3,9
2022-09-29 14:00:00,11,458.2,14,3,9
2022-09-29 15:00:00,4,147.8,15,3,9
2022-09-29 16:00:00,12,526.7,16,3,9
2022-09-29 17:00:00,3,117.9,17,3,9
2022-09-29 18:00:00,8,430.5,18,3,9
2022-09-29 19:00:00,4,190.6,19,3,9
2022-09-29 20:00:00,4,199.5,20,3,9
2022-09-29 21:00:00,6,302.2,21,3,9
2022-09-29 22:00:00,3,185.89999999999998,22,3,9
2022-09-29 23:00:00,3,102.0,23,3,9
2022-09-30 00:00:00,1,42.9,0,4,9
2022-09-30 01:00:00,4,201.8,1,4,9
2022-09-30 02:00:00,1,48.8,2,4,9
2022-09-30 03:00:00,2,155.9,3,4,9
2022-09-30 04:00:00,1,34.9,4,4,9
2022-09-30 05:00:00,2,105.8,5,4,9
2022-09-30 06:00:00,3,154.5,6,4,9
2022-09-30 07:00:00,4,209.5,7,4,9
2022-09-30 08:00:00,3,159.7,8,4,9
2022-09-30 09:00:00,5,209.7,9,4,9
2022-09-30 10:00:00,5,259.3,10,4,9
2022-09-30 11:00:00,13,700.7,11,4,9
2022-09-30 12:00:00,13,573.1,12,4,9
2022-09-30 13:00:00,10,453.6,13,4,9
2022-09-30 14:00:00,13,623.2,14,4,9
2022-09-30 15:00:00,5,268.9,15,4,9
2022-09-30 16:00:00,5,244.2,16,4,9
2022-09-30 17:00:00,4,139.3,17,4,9
2022-09-30 18:00:00,9,457.3,18,4,9
2022-09-30 19:00:00,7,298.6,19,4,9
2022-09-30 20:00:00,2,105.0,20,4,9
2022-09-30 21:00:00,3,95.8,21,4,9
2022-09-30 22:00:00,3,162.6,22,4,9
2022-09-30 23:00:00,1,30.6,23,4,9
2022-10-01 00:00:00,1,51.1,0,5,10
2022-10-01 01:00:00,1,55.1,1,5,10
2022-10-01 02:00:00,0,0.0,2,5,10
2022-10-01 03:00:00,1,80.0,3,5,10
2022-10-01 04:00:00,0,0.0,4,5,10
2022-10-01 05:00:00,2,92.1,5,5,10
2022-10-01 06:00:00,2,98.4,6,5,10
2022-10-01 07:00:00,1,49.6,7,5,10
2022-10-01 08:00:00,7,400.29999999999995,8,5,10
2022-10-01 09:00:00,6,267.9,9,5,10
2022-10-01 10:00:00,5,272.7,10,5,10
2022-10-01 11:00:00,14,665.1999999999999,11,5,10
2022-10-01 12:00:00,3,157.8,12,5,10
2022-10-01 13:00:00,5,187.0,13,5,10
2022-10-01 14:00:00,5,265.9,14,5,10
2022-10-01 15:00:00,11,496.0,15,5,10
2022-10-01 16:00:00,5,225.7,16,5,10
2022-10-01 17:00:00,4,202.1,17,5,10
2022-10-01 18:00:00,6,312.0,18,5,10
2022-10-01 19:00:00,2,77.4,19,5,10
2022-10-01 20:00:00,3,148.2,20,5,10
2022-10-01 21:00:00,0,0.0,21,5,10
2022-10-01 22:00:00,0,0.0,22,5,10
2022-10-01 23:00:00,3,117.6,23,5,10
2022-10-02 00:00:00,2,86.8,0,6,10
2022-10-02 01:00:00,0,0.0,1,6,10
2022-10-02 02:00:00,0,0.0,2,6,10
2022-10-02 03:00:00,1,72.9,3,6,10
2022-10-02 04:00:00,0,0.0,4,6,10
2022-10-02 05:00:00,0,0.0,5,6,10
2022-10-02 06:00:00,3,149.5,6,6,10
2022-10-02 07:00:00,3,187.0,7,6,10
2022-10-02 08:00:00,10,479.40000000000003,8,6,10
2022-10-02 09:00:00,5,262.0,9,6,10
2022-10-02 10:00:00,10,533.4,10,6,10
2022-10-02 11:00:00,7,348.3,11,6,10
2022-10-02 12:00:00,7,425.2,12,6,10
2022-10-02 13:00:00,10,515.3,13,6,10
2022-10-02 14:00:00,7,353.8,14,6,10
2022-10-02 15:00:00,9,421.6,15,6,10
2022-10-02 16:00:00,4,248.10000000000002,16,6,10
2022-10-02 17:00:00,5,223.60000000000002,17,6,10
2022-10-02 18:00:00,6,309.5,18,6,10
2022-10-02 19:00:00,0,0.0,19,6,10
2022-10-02 20:00:00,4,217.6,20,6,10
2022-10-02 21:00:00,6,279.2,21,6,10
2022-10-02 22:00:00,2,96.0,22,6,10
2022-10-02 23:00:00,1,32.1,23,6,10
2022-10-03 00:00:00,0,0.0,0,0,10
2022-10-03 01:00:00,3,108.4,1,0,10
2022-10-03 02:00:00,1,80.0,2,0,10
2022-10-03 03:00:00,0,0.0,3,0,10
2022-10-03 04:00:00,0,0.0,4,0,10
2022-10-03 05:00:00,5,312.4,5,0,10
2022-10-03 06:00:00,5,234.79999999999998,6,0,10
2022-10-03 07:00:00,2,129.9,7,0,10
2022-10-03 08:00:00,4,156.2,8,0,10
2022-10-03 09:00:00,6,337.0,9,0,10
2022-10-03 10:00:00,7,338.9,10,0,10
2022-10-03 11:00:00,8,358.6,11,0,10
2022-10-03 12:00:00,11,580.3,12,0,10
2022-10-03 13:00:00,5,308.6,13,0,10
2022-10-03 14:00:00,11,628.3,14,0,10
2022-10-03 15:00:00,9,401.9,15,0,10
2022-10-03 16:00:00,6,301.6,16,0,10
2022-10-03 17:00:00,11,519.7,17,0,10
2022-10-03 18:00:00,4,240.3,18,0,10
2022-10-03 19:00:00,9,395.59999999999997,19,0,10
2022-10-03 20:00:00,2,107.4,20,0,10
2022-10-03 21:00:00,1,75.7,21,0,10
2022-10-03 22:00:00,1,45.7,22,0,10
2022-10-03 23:00:00,1,37.9,23,0,10
2022-10-04 00:00:00,1,80.0,0,1,10
2022-10-04 01:00:00,4,179.5,1,1,10
2022-10-04 02:00:00,2,83.0,2,1,10
2022-10-04 03:00:00,3,120.30000000000001,3,1,10
2022-10-04 04:00:00,1,35.5,4,1,10
2022-10-04 05:00:00,2,117.1,5,1,10
2022-10-04 06:00:00,3,159.7,6,1,10
2022-10-04 07:00:00,8,439.1,7,1,10
2022-10-04 08:00:00,6,245.0,8,1,10
2022-10-04 09:00:00,7,289.0,9,1,10
2022-10-04 10:00:00,10,402.4,10,1,10
2022-10-04 11:00:00,18,943.6,11,1,10
2022-10-04 12:00:00,8,372.4,12,1,10
2022-10-04 13:00:00,11,487.3,13,1,10
2022-10-04 14:00:00,10,584.2,14,1,10
2022-10-04 15:00:00,9,458.0,15,1,10
2022-10-04 16:00:00,5,321.3,16,1,10
2022-10-04 17:00:00,6,290.6,17,1,10
2022-10-04 18:00:00,9,453.4,18,1,10
2022-10-04 19:00:00,4,228.4,19,1,10
2022-10-04 20:00:00,4,261.1,20,1,10
2022-10-04 21:00:00,2,99.6,21,1,10
2022-10-04 22:00:00,0,0.0,22,1,10
2022-10-04 23:00:00,0,0.0,23,1,10
2022-10-05 00:00:00,0,0.0,0,2,10
2022-10-05 01:00:00,1,49.5,1,2,10
2022-10-05 02:00:00,1,32.5,2,2,10
2022-10-05 03:00:00,2,122.8,3,2,10
2022-10-05 04:00:00,1,80.0,4,2,10
2022-10-05 05:00:00,1,32.7,5,2,10
2022-10-05 06:00:00,2,117.69999999999999,6,2,10
2022-10-05 07:00:00,6,238.8,7,2,10
2022-10-05 08:00:00,10,486.5,8,2,10
2022-10-05 09:00:00,13,677.9,9,2,10
2022-10-05 10:00:00,9,449.9,10,2,10
2022-10-05 11:00:00,7,328.6,11,2,10
2022-10-05 12:00:00,3,125.7,12,2,10
2022-10-05 13:00:00,13,657.4,13,2,10
2022-10-05 14:00:00,9,514.5,14,2,10
2022-10-05 15:00:00,7,317.4,15,2,10
2022-10-05 16:00:00,5,256.5,16,2,10
2022-10-05 17:00:00,10,513.9,17,2,10
2022-10-05 18:00:00,5,275.3,18,2,10
2022-10-05 19:00:00,0,0.0,19,2,10
2022-10-05 20:00:00,2,117.5,20,2,10
2022-10-05 21:00:00,4,236.1,21,2,10
2022-10-05 22:00:00,1,76.2,22,2,10
2022-10-05 23:00:00,1,45.4,23,2,10
2022-10-06 00:00:00,4,175.2,0,3,10
2022-10-06 01:00:00,1,58.5,1,3,10
2022-10-06 02:00:00,0,0.0,2,3,10
2022-10-06 03:00:00,2,109.0,3,3,10
2022-10-06 04:00:00,0,0.0,4,3,10
2022-10-06 05:00:00,4,221.5,5,3,10
2022-10-06 06:00:00,2,60.7,6,3,10
2022-10-06 07:00:00,1,59.1,7,3,10
2022-10-06 08:00:00,8,426.9,8,3,10
2022-10-06 09:00:00,10,532.9,9,3,10
2022-10-06 10:00:00,4,193.7,10,3,10
2022-10-06 11:00:00,12,548.4,11,3,10
2022-10-06 12:00:00,4,156.6,12,3,10
2022-10-06 13:00:00,15,708.7,13,3,10
2022-10-06 14:00:00,8,453.5,14,3,10
2022-10-06 15:00:00,7,460.7,15,3,10
2022-10-06 16:00:00,9,476.2,16,3,10
2022-10-06 17:00:00,5,215.1,17,3,10
2022-10-06 18:00:00,9,404.4,18,3,10
2022-10-06 19:00:00,4,149.3,19,3,10
2022-10-06 20:00:00,3,144.5,20,3,10
2022-10-06 21:00:00,4,218.29999999999998,21,3,10
2022-10-06 22:00:00,2,106.6,22,3,10
2022-10-06 23:00:00,1,73.8,23,3,10
2022-10-07 00:00:00,2,81.8,0,4,10
2022-10-07 01:00:00,3,164.5,1,4,10
2022-10-07 02:00:00,1,80.0,2,4,10
2022-10-07 03:00:00,0,0.0,3,4,10
2022-10-07 04:00:00,1,53.0,4,4,10
2022-10-07 05:00:00,4,251.5,5,4,10
2022-10-07 06:00:00,4,187.9,6,4,10
2022-10-07 07:00:00,2,88.0,7,4,10
2022-10-07 08:00:00,2,120.9,8,4,10
2022-10-07 09:00:00,14,697.6,9,4,10
2022-10-07 10:00:00,14,574.7,10,4,10
2022-10-07 11:00:00,5,224.5,11,4,10
2022-10-07 12:00:00,9,448.4,12,4,10
2022-10-07 13:00:00,11,459.0,13,4,10
2022-10-07 14:00:00,6,270.9,14,4,10
2022-10-07 15:00:00,9,422.9,15,4,10
2022-10-07 16:00:00,11,571.5,16,4,10
2022-10-07 17:00:00,10,566.4,17,4,10
2022-10-07 18:00:00,7,307.9,18,4,10
2022-10-07 19:00:00,4,148.8,19,4,10
2022-10-07 20:00:00,3,169.2,20,4,10
2022-10-07 21:00:00,1,46.5,21,4,10
2022-10-07 22:00:00,0,0.0,22,4,10
2022-10-07 23:00:00,4,188.6,23,4,10
2022-10-08 00:00:00,2,80.5,0,5,10
2022-10-08 01:00:00,0,0.0,1,5,10
2022-10-08 02:00:00,3,190.79999999999998,2,5,10
2022-10-08 03:00:00,0,0.0,3,5,10
2022-10-08 04:00:00,1,35.5,4,5,10
2022-10-08 05:00:00,4,150.1,5,5,10
2022-10-08 06:00:00,5,204.3,6,5,10
2022-10-08 07:00:00,3,104.0,7,5,10
2022-10-08 08:00:00,7,426.1,8,5,10
2022-10-08 09:00:00,7,473.9,9,5,10
2022-10-08 10:00:00,7,402.20000000000005,10,5,10
2022-10-08 11:00:00,9,491.1,11,5,10
2022-10-08 12:00:00,2,83.0,12,5,10
2022-10-08 13:00:00,5,271.4,13,5,10
2022-10-08 14:00:00,11,582.3,14,5,10
2022-10-08 15:00:00,6,369.1,15,5,10
2022-10-08 16:00:00,5,237.70000000000002,16,5,10
2022-10-08 17:00:00,5,297.4,17,5,10
2022-10-08 18:00:00,4,190.0,18,5,10
2022-10-08 19:00:00,4,201.5,19,5,10
2022-10-08 20:00:00,3,120.80000000000001,20,5,10
2022-10-08 21:00:00,4,209.7,21,5,10
2022-10-08 22:00:00,0,0.0,22,5,10
2022-10-08 23:00:00,0,0.0,23,5,10
2022-10-09 00:00:00,1,80.0,0,6,10
2022-10-09 01:00:00,2,104.10000000000001,1,6,10
2022-10-09 02:00:00,2,89.7,2,6,10
2022-10-09 03:00:00,1,32.1,3,6,10
2022-10-09 04:00:00,0,0.0,4,6,10
2022-10-09 05:00:00,1,46.4,5,6,10
2022-10-09 06:00:00,2,88.3,6,6,10
2022-10-09 07:00:00,3,152.8,7,6,10
2022-10-09 08:00:00,6,251.4,8,6,10
2022-10-09 09:00:00,10,523.3,9,6,10
2022-10-09 10:00:00,6,321.4,10,6,10
2022-10-09 11:00:00,1,76.8,11,6,10
2022-10-09 12:00:00,5,227.2,12,6,10
2022-10-09 13:00:00,12,653.7,13,6,10
2022-10-09 14:00:00,8,374.0,14,6,10
2022-10-09 15:00:00,3,162.1,15,6,10
2022-10-09 16:00:00,3,158.5,16,6,10
2022-10-09 17:00:00,6,266.9,17,6,10
2022-10-09 18:00:00,7,422.3,18,6,10
2022-10-09 19:00:00,4,214.0,19,6,10
2022-10-09 20:00:00,1,48.8,20,6,10
2022-10-09 21:00:00,1,48.0,21,6,10
2022-10-09 22:00:00,1,72.7,22,6,10
2022-10-09 23:00:00,1,34.9,23,6,10
2022-10-10 00:00:00,2,88.4,0,0,10
2022-10-10 01:00:00,3,174.7,1,0,10
2022-10-10 02:00:00,0,0.0,2,0,10
2022-10-10 03:00:00,2,95.0,3,0,10
2022-10-10 04:00:00,2,61.6,4,0,10
2022-10-10 05:00:00,2,71.4,5,0,10
2022-10-10 06:00:00,3,88.1,6,0,10
2022-10-10 07:00:00,5,236.0,7,0,10
2022-10-10 08:00:00,7,384.7,8,0,10
2022-10-10 09:00:00,11,430.6,9,0,10
2022-10-10 10:00:00,11,502.5,10,0,10
2022-10-10 11:00:00,10,469.59999999999997,11,0,10
2022-10-10 12:00:00,5,245.0,12,0,10
2022-10-10 13:00:00,13,860.6999999999999,13,0,10
2022-10-10 14:00:00,11,477.8,14,0,10
2022-10-10 15:00:00,8,338.5,15,0,10
2022-10-10 16:00:00,7,362.5,16,0,10
2022-10-10 17:00:00,4,179.3,17,0,10
2022-10-10 18:00:00,1,48.3,18,0,10
2022-10-10 19:00:00,4,155.9,19,0,10
2022-10-10 20:00:00,3,147.7,20,0,10
2022-10-10 21:00:00,1,32.6,21,0,10
2022-10-10 22:00:00,0,0.0,22,0,10
2022-10-10 23:00:00,2,103.8,23,0,10
2022-10-11 00:00:00,2,65.5,0,1,10
2022-10-11 01:00:00,1,68.4,1,1,10
2022-10-11 02:00:00,0,0.0,2,1,10
2022-10-11 03:00:00,0,0.0,3,1,10
2022-10-11 04:00:00,1,74.1,4,1,10
2022-10-11 05:00:00,1,55.6,5,1,10
2022-10-11 06:00:00,2,116.2,6,1,10
2022-10-11 07:00:00,3,203.3,7,1,10
2022-10-11 08:00:00,7,359.1,8,1,10
2022-10-11 09:00:00,8,479.8,9,1,10
2022-10-11 10:00:00,7,327.8,10,1,10
2022-10-11 11:00:00,8,475.0,11,1,10
2022-10-11 12:00:00,9,481.3,12,1,10
2022-10-11 13:00:00,10,473.8,13,1,10
2022-10-11 14:00:00,11,574.8,14,1,10
2022-10-11 15:00:00,11,559.5,15,1,10
2022-10-11 16:00:00,7,354.3,16,1,10
2022-10-11 17:00:00,11,513.8,17,1,10
2022-10-11 18:00:00,6,317.9,18,1,10
2022-10-11 19:00:00,3,193.1,19,1,10
2022-10-11 20:00:00,4,177.8,20,1,10
2022-10-11 21:00:00,6,271.2,21,1,10
2022-10-11 22:00:00,1,32.0,22,1,10
2022-10-11 23:00:00,0,0.0,23,1,10
2022-10-12 00:00:00,1,45.2,0,2,10
2022-10-12 01:00:00,1,76.1,1,2,10
2022-10-12 02:00:00,2,80.4,2,2,10
2022-10-12 03:00:00,1,42.6,3,2,10
2022-10-12 04:00:00,1,47.8,4,2,10
2022-10-12 05:00:00,2,72.9,5,2,10
2022-10-12 06:00:00,2,64.0,6,2,10
2022-10-12 07:00:00,4,148.39999999999998,7,2,10
2022-10-12 08:00:00,4,180.4,8,2,10
2022-10-12 09:00:00,14,709.7,9,2,10
2022-10-12 10:00:00,15,696.6,10,2,10
2022-10-12 11:00:00,7,365.6,11,2,10
2022-10-12 12:00:00,6,330.9,12,2,10
2022-10-12 13:00:00,6,275.1,13,2,10
2022-10-12 14:00:00,12,593.2,14,2,10
2022-10-12 15:00:00,8,451.0,15,2,10
2022-10-12 16:00:00,10,508.8,16,2,10
2022-10-12 17:00:00,7,347.4,17,2,10
2022-10-12 18:00:00,6,271.1,18,2,10
2022-10-12 19:00:00,4,163.7,19,2,10
2022-10-12 20:00:00,1,70.8,20,2,10
2022-10-12 21:00:00,2,99.6,21,2,10
2022-10-12 22:00:00,0,0.0,22,2,10
2022-10-12 23:00:00,0,0.0,23,2,10
2022-10-13 00:00:00,2,130.9,0,3,10
2022-10-13 01:00:00,0,0.0,1,3,10
2022-10-13 02:00:00,2,119.5,2,3,10
2022-10-13 03:00:00,1,51.2,3,3,10
2022-10-13 04:00:00,1,32.2,4,3,10
2022-10-13 05:00:00,1,80.0,5,3,10
2022-10-13 06:00:00,6,288.0,6,3,10
2022-10-13 07:00:00,8,398.5,7,3,10
2022-10-13 08:00:00,6,293.6,8,3,10
2022-10-13 09:00:00,6,304.5,9,3,10
2022-10-13 10:00:00,14,723.8,10,3,10
2022-10-13 11:00:00,8,321.8,11,3,10
2022-10-13 12:00:00,4,154.6,12,3,10
2022-10-13 13:00:00,19,944.0,13,3,10
2022-10-13 14:00:00,8,402.3,14,3,10
2022-10-13 15:00:00,6,206.9,15,3,10
2022-10-13 16:00:00,9,469.9,16,3,10
2022-10-13 17:00:00,8,395.0,17,3,10
2022-10-13 18:00:00,8,392.4,18,3,10
2022-10-13 19:00:00,4,258.6,19,3,10
2022-10-13 20:00:00,7,398.2,20,3,10
2022-10-13 21:00:00,3,118.3,21,3,10
2022-10-13 22:00:00,1,31.9,22,3,10
2022-10-13 23:00:00,1,39.4,23,3,10
2022-10-14 00:00:00,1,48.9,0,4,10
2022-10-14 01:00:00,1,77.4,1,4,10
2022-10-14 02:00:00,2,94.19999999999999,2,4,10
2022-10-14 03:00:00,1,34.7,3,4,10
2022-10-14 04:00:00,0,0.0,4,4,10
2022-10-14 05:00:00,4,250.0,5,4,10
2022-10-14 06:00:00,3,146.89999999999998,6,4,10
2022-10-14 07:00:00,3,183.5,7,4,10
2022-10-14 08:00:00,6,336.8,8,4,10
2022-10-14 09:00:00,7,280.0,9,4,10
2022-10-14 10:00:00,12,623.6,10,4,10
2022-10-14 11:00:00,12,515.2,11,4,10
2022-10-14 12:00:00,12,655.2,12,4,10
2022-10-14 13:00:00,8,354.2,13,4,10
2022-10-14 14:00:00,11,490.5,14,4,10
2022-10-14 15:00:00,9,493.6,15,4,10
2022-10-14 16:00:00,6,297.9,16,4,10
2022-10-14 17:00:00,5,217.6,17,4,10
2022-10-14 18:00:00,5,240.6,18,4,10
2022-10-14 19:00:00,6,366.09999999999997,19,4,10
2022-10-14 20:00:00,3,211.7,20,4,10
2022-10-14 21:00:00,3,95.80000000000001,21,4,10
2022-10-14 22:00:00,1,27.2,22,4,10
2022-10-14 23:00:00,2,127.69999999999999,23,4,10
2022-10-15 00:00:00,2,110.5,0,5,10
2022-10-15 01:00:00,0,0.0,1,5,10
2022-10-15 02:00:00,3,197.7,2,5,10
2022-10-15 03:00:00,0,0.0,3,5,10
2022-10-15 04:00:00,0,0.0,4,5,10
2022-10-15 05:00:00,0,0.0,5,5,10
2022-10-15 06:00:00,1,49.3,6,5,10
2022-10-15 07:00:00,5,210.6,7,5,10
2022-10-15 08:00:00,5,264.4,8,5,10
2022-10-15 09:00:00,10,525.3,9,5,10
2022-10-15 10:00:00,5,260.59999999999997,10,5,10
2022-10-15 11:00:00,6,287.6,11,5,10
2022-10-15 12:00:00,8,396.2,12,5,10
2022-10-15 13:00:00,7,310.4,13,5,10
2022-10-15 14:00:00,7,390.2,14,5,10
2022-10-15 15:00:00,10,468.6,15,5,10
2022-10-15 16:00:00,4,188.2,16,5,10
2022-10-15 17:00:00,8,403.2,17,5,10
2022-10-15 18:00:00,1,49.6,18,5,10
2022-10-15 19:00:00,2,109.2,19,5,10
2022-10-15 20:00:00,4,148.89999999999998,20,5,10
2022-10-15 21:00:00,2,149.8,21,5,10
2022-10-15 22:00:00,0,0.0,22,5,10
2022-10-15 23:00:00,0,0.0,23,5,10
2022-10-16 00:00:00,0,0.0,0,6,10
2022-10-16 01:00:00,1,77.1,1,6,10
2022-10-16 02:00:00,2,77.9,2,6,10
2022-10-16 03:00:00,1,33.3,3,6,10
2022-10-16 04:00:00,1,31.8,4,6,10
2022-10-16 05:00:00,2,66.6,5,6,10
2022-10-16 06:00:00,0,0.0,6,6,10
2022-10-16 07:00:00,2,102.4,7,6,10
2022-10-16 08:00:00,2,84.9,8,6,10
2022-10-16 09:00:00,7,389.5,9,6,10
2022-10-16 10:00:00,7,334.4,10,6,10
2022-10-16 11:00:00,6,257.1,11,6,10
2022-10-16 12:00:00,5,310.0,12,6,10
2022-10-16 13:00:00,9,512.6,13,6,10
2022-10-16 14:00:00,3,102.0,14,6,10
2022-10-16 15:00:00,5,231.7,15,6,10
2022-10-16 16:00:00,5,206.9,16,6,10
2022-10-16 17:00:00,6,330.8,17,6,10
2022-10-16 18:00:00,2,112.9,18,6,10
2022-10-16 19:00:00,4,240.29999999999998,19,6,10
2022-10-16 20:00:00,3,128.9,20,6,10
2022-10-16 21:00:00,2,79.5,21,6,10
2022-10-16 22:00:00,2,68.8,22,6,10
2022-10-16 23:00:00,0,0.0,23,6,10
2022-10-17 00:00:00,0,0.0,0,0,10
2022-10-17 01:00:00,0,0.0,1,0,10
2022-10-17 02:00:00,0,0.0,2,0,10
2022-10-17 03:00:00,0,0.0,3,0,10
2022-10-17 04:00:00,1,74.0,4,0,10
2022-10-17 05:00:00,0,0.0,5,0,10
2022-10-17 06:00:00,5,250.0,6,0,10
2022-10-17 07:00:00,5,203.5,7,0,10
2022-10-17 08:00:00,8,369.0,8,0,10
2022-10-17 09:00:00,9,487.9,9,0,10
2022-10-17 10:00:00,4,207.9,10,0,10
2022-10-17 11:00:00,12,563.6,11,0,10
2022-10-17 12:00:00,8,373.8,12,0,10
2022-10-17 13:00:00,12,644.0,13,0,10
2022-10-17 14:00:00,8,386.4,14,0,10
2022-10-17 15:00:00,13,610.5,15,0,10
2022-10-17 16:00:00,4,214.5,16,0,10
2022-10-17 17:00:00,5,290.3,17,0,10
2022-10-17 18:00:00,4,211.5,18,0,10
2022-10-17 19:00:00,5,231.0,19,0,10
2022-10-17 20:00:00,4,181.6,20,0,10
2022-10-17 21:00:00,2,87.6,21,0,10
2022-10-17 22:00:00,1,29.4,22,0,10
2022-10-17 23:00:00,0,0.0,23,0,10
2022-10-18 00:00:00,2,93.7,0,1,10
2022-10-18 01:00:00,2,109.2,1,1,10
2022-10-18 02:00:00,1,80.0,2,1,10
2022-10-18 03:00:00,1,34.0,3,1,10
2022-10-18 04:00:00,5,276.3,4,1,10
2022-10-18 05:00:00,2,147.8,5,1,10
2022-10-18 06:00:00,3,122.5,6,1,10
2022-10-18 07:00:00,2,83.3,7,1,10
2022-10-18 08:00:00,7,338.6,8,1,10
2022-10-18 09:00:00,5,250.89999999999998,9,1,10
2022-10-18 10:00:00,7,309.7,10,1,10
2022-10-18 11:00:00,8,415.70000000000005,11,1,10
2022-10-18 12:00:00,6,354.6,12,1,10
2022-10-18 13:00:00,7,289.6,13,1,10
2022-10-18 14:00:00,9,398.0,14,1,10
2022-10-18 15:00:00,6,215.0,15,1,10
2022-10-18 16:00:00,5,251.3,16,1,10
2022-10-18 17:00:00,7,274.4,17,1,10
2022-10-18 18:00:00,11,553.7,18,1,10
2022-10-18 19:00:00,5,278.7,19,1,10
2022-10-18 20:00:00,2,120.5,20,1,10
2022-10-18 21:00:00,1,50.5,21,1,10
2022-10-18 22:00:00,3,148.6,22,1,10
2022-10-18 23:00:00,0,0.0,23,1,10
2022-10-19 00:00:00,1,50.9,0,2,10
2022-10-19 01:00:00,1,80.0,1,2,10
2022-10-19 02:00:00,3,144.2,2,2,10
2022-10-19 03:00:00,0,0.0,3,2,10
2022-10-19 04:00:00,0,0.0,4,2,10
2022-10-19 05:00:00,0,0.0,5,2,10
2022-10-19 06:00:00,1,63.2,6,2,10
2022-10-19 07:00:00,3,166.7,7,2,10
2022-10-19 08:00:00,8,475.0,8,2,10
2022-10-19 09:00:00,16,813.0,9,2,10
2022-10-19 10:00:00,10,550.5,10,2,10
2022-10-19 11:00:00,9,455.5,11,2,10
2022-10-19 12:00:00,12,531.8000000000001,12,2,10
2022-10-19 13:00:00,8,355.0,13,2,10
2022-10-19 14:00:00,6,245.5,14,2,10
2022-10-19 15:00:00,10,442.5,15,2,10
2022-10-19 16:00:00,9,539.2,16,2,10
2022-10-19 17:00:00,11,525.3,17,2,10
2022-10-19 18:00:00,9,483.29999999999995,18,2,10
2022-10-19 19:00:00,5,205.2,19,2,10
2022-10-19 20:00:00,6,272.7,20,2,10
2022-10-19 21:00:00,0,0.0,21,2,10
2022-10-19 22:00:00,2,76.3,22,2,10
2022-10-19 23:00:00,1,43.8,23,2,10
2022-10-20 00:00:00,1,31.6,0,3,10
2022-10-20 01:00:00,1,33.8,1,3,10
2022-10-20 02:00:00,0,0.0,2,3,10
2022-10-20 03:00:00,2,87.6,3,3,10
2022-10-20 04:00:00,0,0.0,4,3,10
2022-10-20 05:00:00,4,152.1,5,3,10
2022-10-20 06:00:00,1,49.8,6,3,10
2022-10-20 07:00:00,2,109.0,7,3,10
2022-10-20 08:00:00,8,426.4,8,3,10
2022-10-20 09:00:00,7,384.7,9,3,10
2022-10-20 10:00:00,13,603.6,10,3,10
2022-10-20 11:00:00,10,487.3,11,3,10
2022-10-20 12:00:00,7,391.1,12,3,10
2022-10-20 13:00:00,6,414.2,13,3,10
2022-10-20 14:00:00,15,647.6,14,3,10
2022-10-20 15:00:00,9,466.3,15,3,10
2022-10-20 16:00:00,8,458.9,16,3,10
2022-10-20 17:00:00,9,519.0,17,3,10
2022-10-20 18:00:00,3,155.3,18,3,10
2022-10-20 19:00:00,7,286.2,19,3,10
2022-10-20 20:00:00,3,143.3,20,3,10
2022-10-20 21:00:00,1,34.5,21,3,10
2022-10-20 22:00:00,1,37.1,22,3,10
2022-10-20 23:00:00,4,168.3,23,3,10
2022-10-21 00:00:00,0,0.0,0,4,10
2022-10-21 01:00:00,1,45.6,1,4,10
2022-10-21 02:00:00,0,0.0,2,4,10
2022-10-21 03:00:00,0,0.0,3,4,10
2022-10-21 04:00:00,0,0.0,4,4,10
2022-10-21 05:00:00,2,117.8,5,4,10
2022-10-21 06:00:00,2,56.5,6,4,10
2022-10-21 07:00:00,4,236.2,7,4,10
2022-10-21 08:00:00,9,439.59999999999997,8,4,10
2022-10-21 09:00:00,9,436.0,9,4,10
2022-10-21 10:00:00,13,716.5999999999999,10,4,10
2022-10-21 11:00:00,8,462.2,11,4,10
2022-10-21 12:00:00,10,495.7,12,4,10
2022-10-21 13:00:00,8,340.4,13,4,10
2022-10-21 14:00:00,7,304.6,14,4,10
2022-10-21 15:00:00,8,350.5,15,4,10
2022-10-21 16:00:00,6,313.0,16,4,10
2022-10-21 17:00:00,7,403.4,17,4,10
2022-10-21 18:00:00,7,383.1,18,4,10
2022-10-21 19:00:00,6,283.4,19,4,10
2022-10-21 20:00:00,5,186.9,20,4,10
2022-10-21 21:00:00,2,63.0,21,4,10
2022-10-21 22:00:00,2,71.9,22,4,10
2022-10-21 23:00:00,1,47.0,23,4,10
2022-10-22 00:00:00,1,33.1,0,5,10
2022-10-22 01:00:00,1,44.7,1,5,10
2022-10-22 02:00:00,0,0.0,2,5,10
2022-10-22 03:00:00,1,50.3,3,5,10
2022-10-22 04:00:00,1,48.1,4,5,10
2022-10-22 05:00:00,0,0.0,5,5,10
2022-10-22 06:00:00,2,73.1,6,5,10
2022-10-22 07:00:00,1,56.8,7,5,10
2022-10-22 08:00:00,0,0.0,8,5,10
2022-10-22 09:00:00,7,277.2,9,5,10
2022-10-22 10:00:00,8,331.7,10,5,10
2022-10-22 11:00:00,8,363.6,11,5,10
2022-10-22 12:00:00,7,395.09999999999997,12,5,10
2022-10-22 13:00:00,7,347.7,13,5,10
2022-10-22 14:00:00,7,264.9,14,5,10
2022-10-22 15:00:00,5,241.9,15,5,10
2022-10-22 16:00:00,6,322.40000000000003,16,5,10
2022-10-22 17:00:00,5,264.0,17,5,10
2022-10-22 18:00:00,5,234.7,18,5,10
2022-10-22 19:00:00,6,253.5,19,5,10
2022-10-22 20:00:00,4,160.6,20,5,10
2022-10-22 21:00:00,2,83.69999999999999,21,5,10
2022-10-22 22:00:00,0,0.0,22,5,10
2022-10-22 23:00:00,1,34.3,23,5,10
2022-10-23 00:00:00,1,72.3,0,6,10
2022-10-23 01:00:00,0,0.0,1,6,10
2022-10-23 02:00:00,2,92.1,2,6,10
2022-10-23 03:00:00,1,76.2,3,6,10
2022-10-23 04:00:00,1,30.7,4,6,10
2022-10-23 05:00:00,4,183.4,5,6,10
2022-10-23 06:00:00,1,30.6,6,6,10
2022-10-23 07:00:00,4,241.0,7,6,10
2022-10-23 08:00:00,2,63.3,8,6,10
2022-10-23 09:00:00,7,345.4,9,6,10
2022-10-23 10:00:00,4,222.0,10,6,10
2022-10-23 11:00:00,7,357.5,11,6,10
2022-10-23 12:00:00,9,500.4,12,6,10
2022-10-23 13:00:00,8,489.0,13,6,10
2022-10-23 14:00:00,10,478.0,14,6,10
2022-10-23 15:00:00,7,311.6,15,6,10
2022-10-23 16:00:00,3,146.5,16,6,10
2022-10-23 17:00:00,8,372.7,17,6,10
2022-10-23 18:00:00,7,336.4,18,6,10
2022-10-23 19:00:00,7,320.6,19,6,10
2022-10-23 20:00:00,1,32.2,20,6,10
2022-10-23 21:00:00,1,47.3,21,6,10
2022-10-23 22:00:00,1,49.4,22,6,10
2022-10-23 23:00:00,0,0.0,23,6,10
2022-10-24 00:00:00,1,49.1,0,0,10
2022-10-24 01:00:00,0,0.0,1,0,10
2022-10-24 02:00:00,2,99.89999999999999,2,0,10
2022-10-24 03:00:00,3,116.2,3,0,10
2022-10-24 04:00:00,0,0.0,4,0,10
2022-10-24 05:00:00,1,40.5,5,0,10
2022-10-24 06:00:00,1,77.3,6,0,10
2022-10-24 07:00:00,6,338.6,7,0,10
2022-10-24 08:00:00,3,183.3,8,0,10
2022-10-24 09:00:00,9,512.5,9,0,10
2022-10-24 10:00:00,8,367.0,10,0,10
2022-10-24 11:00:00,11,543.5,11,0,10
2022-10-24 12:00:00,14,705.8,12,0,10
2022-10-24 13:00:00,11,541.2,13,0,10
2022-10-24 14:00:00,11,668.3,14,0,10
2022-10-24 15:00:00,4,247.1,15,0,10
2022-10-24 16:00:00,6,231.3,16,0,10
2022-10-24 17:00:00,7,461.4,17,0,10
2022-10-24 18:00:00,6,324.0,18,0,10
2022-10-24 19:00:00,11,479.20000000000005,19,0,10
2022-10-24 20:00:00,4,177.2,20,0,10
2022-10-24 21:00:00,2,110.6,21,0,10
2022-10-24 22:00:00,3,154.1,22,0,10
2022-10-24 23:00:00,0,0.0,23,0,10
2022-10-25 00:00:00,1,43.8,0,1,10
2022-10-25 01:00:00,2,106.3,1,1,10
2022-10-25 02:00:00,0,0.0,2,1,10
2022-10-25 03:00:00,0,0.0,3,1,10
2022-10-25 04:00:00,1,38.1,4,1,10
2022-10-25 05:00:00,3,139.4,5,1,10
2022-10-25 06:00:00,3,183.6,6,1,10
2022-10-25 07:00:00,3,111.69999999999999,7,1,10
2022-10-25 08:00:00,2,91.2,8,1,10
2022-10-25 09:00:00,8,424.59999999999997,9,1,10
2022-10-25 10:00:00,9,353.8,10,1,10
2022-10-25 11:00:00,10,440.5,11,1,10
2022-10-25 12:00:00,6,250.20000000000002,12,1,10
2022-10-25 13:00:00,13,610.6,13,1,10
2022-10-25 14:00:00,9,462.0,14,1,10
2022-10-25 15:00:00,13,667.4,15,1,10
2022-10-25 16:00:00,6,303.4,16,1,10
2022-10-25 17:00:00,2,112.6,17,1,10
2022-10-25 18:00:00,7,374.2,18,1,10
2022-10-25 19:00:00,9,400.4,19,1,10
2022-10-25 20:00:00,5,190.5,20,1,10
2022-10-25 21:00:00,1,36.4,21,1,10
2022-10-25 22:00:00,2,95.5,22,1,10
2022-10-25 23:00:00,0,0.0,23,1,10
2022-10-26 00:00:00,1,42.3,0,2,10
2022-10-26 01:00:00,0,0.0,1,2,10
2022-10-26 02:00:00,0,0.0,2,2,10
2022-10-26 03:00:00,3,108.0,3,2,10
2022-10-26 04:00:00,1,45.3,4,2,10
2022-10-26 05:00:00,2,112.3,5,2,10
2022-10-26 06:00:00,2,72.2,6,2,10
2022-10-26 07:00:00,1,49.4,7,2,10
2022-10-26 08:00:00,12,503.5,8,2,10
2022-10-26 09:00:00,14,606.7,9,2,10
2022-10-26 10:00:00,9,497.29999999999995,10,2,10
2022-10-26 11:00:00,8,437.9,11,2,10
2022-10-26 12:00:00,9,514.8,12,2,10
2022-10-26 13:00:00,10,433.9,13,2,10
2022-10-26 14:00:00,8,421.9,14,2,10
2022-10-26 15:00:00,6,295.8,15,2,10
2022-10-26 16:00:00,7,345.1,16,2,10
2022-10-26 17:00:00,4,166.1,17,2,10
2022-10-26 18:00:00,5,222.4,18,2,10
2022-10-26 19:00:00,3,159.6,19,2,10
2022-10-26 20:00:00,4,212.6,20,2,10
2022-10-26 21:00:00,2,106.0,21,2,10
2022-10-26 22:00:00,1,33.4,22,2,10
2022-10-26 23:00:00,0,0.0,23,2,10
2022-10-27 00:00:00,0,0.0,0,3,10
2022-10-27 01:00:00,2,80.7,1,3,10
2022-10-27 02:00:00,2,116.9,2,3,10
2022-10-27 03:00:00,0,0.0,3,3,10
2022-10-27 04:00:00,2,156.9,4,3,10
2022-10-27 05:00:00,1,32.7,5,3,10
2022-10-27 06:00:00,1,35.4,6,3,10
2022-10-27 07:00:00,3,136.3,7,3,10
2022-10-27 08:00:00,9,440.1,8,3,10
2022-10-27 09:00:00,3,118.0,9,3,10
2022-10-27 10:00:00,17,772.5,10,3,10
2022-10-27 11:00:00,9,482.2,11,3,10
2022-10-27 12:00:00,11,449.6,12,3,10
2022-10-27 13:00:00,16,839.8000000000001,13,3,10
2022-10-27 14:00:00,15,751.9,14,3,10
2022-10-27 15:00:00,10,540.6,15,3,10
2022-10-27 16:00:00,5,241.7,16,3,10
2022-10-27 17:00:00,8,349.40000000000003,17,3,10
2022-10-27 18:00:00,6,292.9,18,3,10
2022-10-27 19:00:00,4,250.9,19,3,10
2022-10-27 20:00:00,5,231.2,20,3,10
2022-10-27 21:00:00,3,166.2,21,3,10
2022-10-27 22:00:00,0,0.0,22,3,10
2022-10-27 23:00:00,2,107.0,23,3,10
2022-10-28 00:00:00,0,0.0,0,4,10
2022-10-28 01:00:00,1,50.7,1,4,10
2022-10-28 02:00:00,0,0.0,2,4,10
2022-10-28 03:00:00,1,33.2,3,4,10
2022-10-28 04:00:00,0,0.0,4,4,10
2022-10-28 05:00:00,3,143.7,5,4,10
2022-10-28 06:00:00,3,124.5,6,4,10
2022-10-28 07:00:00,7,376.59999999999997,7,4,10
2022-10-28 08:00:00,7,378.8,8,4,10
2022-10-28 09:00:00,10,501.7,9,4,10
2022-10-28 10:00:00,8,377.1,10,4,10
2022-10-28 11:00:00,10,515.0,11,4,10
2022-10-28 12:00:00,10,492.9,12,4,10
2022-10-28 13:00:00,4,211.5,13,4,10
2022-10-28 14:00:00,8,384.4,14,4,10
2022-10-28 15:00:00,7,418.7,15,4,10
2022-10-28 16:00:00,12,535.6,16,4,10
2022-10-28 17:00:00,7,348.1,17,4,10
2022-10-28 18:00:00,0,0.0,18,4,10
2022-10-28 19:00:00,2,78.3,19,4,10
2022-10-28 20:00:00,0,0.0,20,4,10
2022-10-28 21:00:00,3,162.4,21,4,10
2022-10-28 22:00:00,0,0.0,22,4,10
2022-10-28 23:00:00,2,121.2,23,4,10
2022-10-29 00:00:00,1,39.5,0,5,10
2022-10-29 01:00:00,0,0.0,1,5,10
2022-10-29 02:00:00,1,72.4,2,5,10
2022-10-29 03:00:00,1,76.0,3,5,10
2022-10-29 04:00:00,1,76.3,4,5,10
2022-10-29 05:00:00,2,69.80000000000001,5,5,10
2022-10-29 06:00:00,1,31.4,6,5,10
2022-10-29 07:00:00,4,126.0,7,5,10
2022-10-29 08:00:00,9,390.4,8,5,10
2022-10-29 09:00:00,6,277.6,9,5,10
2022-10-29 10:00:00,6,373.5,10,5,10
2022-10-29 11:00:00,2,79.0,11,5,10
2022-10-29 12:00:00,4,194.6,12,5,10
2022-10-29 13:00:00,9,350.2,13,5,10
2022-10-29 14:00:00,5,171.6,14,5,10
2022-10-29 15:00:00,7,291.0,15,5,10
2022-10-29 16:00:00,5,230.5,16,5,10
2022-10-29 17:00:00,3,156.1,17,5,10
2022-10-29 18:00:00,6,363.3,18,5,10
2022-10-29 19:00:00,4,178.5,19,5,10
2022-10-29 20:00:00,4,270.0,20,5,10
2022-10-29 21:00:00,2,76.6,21,5,10
2022-10-29 22:00:00,3,147.4,22,5,10
2022-10-29 23:00:00,0,0.0,23,5,10
2022-10-30 00:00:00,1,80.0,0,6,10
2022-10-30 01:00:00,2,72.7,1,6,10
2022-10-30 02:00:00,1,46.2,2,6,10
2022-10-30 03:00:00,0,0.0,3,6,10
2022-10-30 04:00:00,0,0.0,4,6,10
2022-10-30 05:00:00,2,120.1,5,6,10
2022-10-30 06:00:00,3,114.6,6,6,10
2022-10-30 07:00:00,3,191.4,7,6,10
2022-10-30 08:00:00,5,324.9,8,6,10
2022-10-30 09:00:00,8,366.2,9,6,10
2022-10-30 10:00:00,5,214.8,10,6,10
2022-10-30 11:00:00,5,347.9,11,6,10
2022-10-30 12:00:00,6,308.8,12,6,10
2022-10-30 13:00:00,10,541.4,13,6,10
2022-10-30 14:00:00,8,338.0,14,6,10
2022-10-30 15:00:00,7,285.6,15,6,10
2022-10-30 16:00:00,9,466.70000000000005,16,6,10
2022-10-30 17:00:00,8,415.0,17,6,10
2022-10-30 18:00:00,2,94.5,18,6,10
2022-10-30 19:00:00,4,182.4,19,6,10
2022-10-30 20:00:00,3,126.5,20,6,10
2022-10-30 21:00:00,3,117.9,21,6,10
2022-10-30 22:00:00,1,50.0,22,6,10
2022-10-30 23:00:00,2,78.6,23,6,10
2022-10-31 00:00:00,0,0.0,0,0,10
2022-10-31 01:00:00,0,0.0,1,0,10
2022-10-31 02:00:00,0,0.0,2,0,10
2022-10-31 03:00:00,1,79.2,3,0,10
2022-10-31 04:00:00,0,0.0,4,0,10
2022-10-31 05:00:00,6,276.4,5,0,10
2022-10-31 06:00:00,1,52.4,6,0,10
2022-10-31 07:00:00,7,306.1,7,0,10
2022-10-31 08:00:00,7,327.9,8,0,10
2022-10-31 09:00:00,9,419.8,9,0,10
2022-10-31 10:00:00,5,198.6,10,0,10
2022-10-31 11:00:00,12,480.7,11,0,10
2022-10-31 12:00:00,8,400.9,12,0,10
2022-10-31 13:00:00,7,355.4,13,0,10
2022-10-31 14:00:00,11,444.1,14,0,10
2022-10-31 15:00:00,8,495.6,15,0,10
2022-10-31 16:00:00,5,286.1,16,0,10
2022-10-31 17:00:00,6,299.1,17,0,10
2022-10-31 18:00:00,9,380.7,18,0,10
2022-10-31 19:00:00,4,184.2,19,0,10
2022-10-31 20:00:00,5,267.9,20,0,10
2022-10-31 21:00:00,5,217.60000000000002,21,0,10
2022-10-31 22:00:00,0,0.0,22,0,10
2022-10-31 23:00:00,2,85.9,23,0,10
2022-11-01 00:00:00,0,0.0,0,1,11
2022-11-01 01:00:00,1,37.4,1,1,11
2022-11-01 02:00:00,3,131.8,2,1,11
2022-11-01 03:00:00,0,0.0,3,1,11
2022-11-01 04:00:00,3,147.1,4,1,11
2022-11-01 05:00:00,2,82.6,5,1,11
2022-11-01 06:00:00,4,188.7,6,1,11
2022-11-01 07:00:00,3,194.7,7,1,11
2022-11-01 08:00:00,5,233.4,8,1,11
2022-11-01 09:00:00,11,498.4,9,1,11
2022-11-01 10:00:00,11,565.3,10,1,11
2022-11-01 11:00:00,10,604.2,11,1,11
2022-11-01 12:00:00,13,655.8,12,1,11
2022-11-01 13:00:00,6,265.6,13,1,11
2022-11-01 14:00:00,9,419.1,14,1,11
2022-11-01 15:00:00,8,375.4,15,1,11
2022-11-01 16:00:00,4,222.8,16,1,11
2022-11-01 17:00:00,9,505.2,17,1,11
2022-11-01 18:00:00,4,230.2,18,1,11
2022-11-01 19:00:00,3,151.2,19,1,11
2022-11-01 20:00:00,0,0.0,20,1,11
2022-11-01 21:00:00,1,54.0,21,1,11
2022-11-01 22:00:00,2,70.69999999999999,22,1,11
2022-11-01 23:00:00,3,103.2,23,1,11
2022-11-02 00:00:00,1,44.0,0,2,11
2022-11-02 01:00:00,0,0.0,1,2,11
2022-11-02 02:00:00,0,0.0,2,2,11
2022-11-02 03:00:00,0,0.0,3,2,11
2022-11-02 04:00:00,1,33.3,4,2,11
2022-11-02 05:00:00,2,110.1,5,2,11
2022-11-02 06:00:00,4,191.5,6,2,11
2022-11-02 07:00:00,3,115.6,7,2,11
2022-11-02 08:00:00,7,323.2,8,2,11
2022-11-02 09:00:00,11,516.9,9,2,11
2022-11-02 10:00:00,5,277.3,10,2,11
2022-11-02 11:00:00,9,448.7,11,2,11
2022-11-02 12:00:00,8,401.6,12,2,11
2022-11-02 13:00:00,6,255.7,13,2,11
2022-11-02 14:00:00,11,610.6,14,2,11
2022-11-02 15:00:00,7,395.2,15,2,11
2022-11-02 16:00:00,10,528.6,16,2,11
2022-11-02 17:00:00,5,250.4,17,2,11
2022-11-02 18:00:00,4,163.5,18,2,11
2022-11-02 19:00:00,4,201.7,19,2,11
2022-11-02 20:00:00,4,158.7,20,2,11
2022-11-02 21:00:00,1,47.6,21,2,11
2022-11-02 22:00:00,1,42.3,22,2,11
2022-11-02 23:00:00,1,30.7,23,2,11
2022-11-03 00:00:00,2,106.3,0,3,11
2022-11-03 01:00:00,4,187.2,1,3,11
2022-11-03 02:00:00,0,0.0,2,3,11
2022-11-03 03:00:00,1,80.0,3,3,11
2022-11-03 04:00:00,0,0.0,4,3,11
2022-11-03 05:00:00,2,80.3,5,3,11
2022-11-03 06:00:00,4,203.79999999999998,6,3,11
2022-11-03 07:00:00,7,397.4,7,3,11
2022-11-03 08:00:00,8,401.7,8,3,11
2022-11-03 09:00:00,9,462.3,9,3,11
2022-11-03 10:00:00,13,618.5,10,3,11
2022-11-03 11:00:00,4,242.7,11,3,11
2022-11-03 12:00:00,11,564.5,12,3,11
2022-11-03 13:00:00,9,420.0,13,3,11
2022-11-03 14:00:00,13,707.4,14,3,11
2022-11-03 15:00:00,6,352.7,15,3,11
2022-11-03 16:00:00,11,759.9,16,3,11
2022-11-03 17:00:00,7,375.59999999999997,17,3,11
2022-11-03 18:00:00,4,228.9,18,3,11
2022-11-03 19:00:00,4,167.7,19,3,11
2022-11-03 20:00:00,2,126.0,20,3,11
2022-11-03 21:00:00,2,92.1,21,3,11
2022-11-03 22:00:00,2,112.6,22,3,11
2022-11-03 23:00:00,2,106.3,23,3,11
2022-11-04 00:00:00,3,107.6,0,4,11
2022-11-04 01:00:00,2,126.6,1,4,11
2022-11-04 02:00:00,1,33.6,2,4,11
2022-11-04 03:00:00,1,49.3,3,4,11
2022-11-04 04:00:00,1,42.0,4,4,11
2022-11-04 05:00:00,2,127.0,5,4,11
2022-11-04 06:00:00,4,251.1,6,4,11
2022-11-04 07:00:00,3,207.2,7,4,11
2022-11-04 08:00:00,8,358.0,8,4,11
2022-11-04 09:00:00,14,746.1,9,4,11
2022-11-04 10:00:00,7,342.1,10,4,11
2022-11-04 11:00:00,11,627.1,11,4,11
2022-11-04 12:00:00,7,340.0,12,4,11
2022-11-04 13:00:00,8,441.1,13,4,11
2022-11-04 14:00:00,7,435.5,14,4,11
2022-11-04 15:00:00,7,300.5,15,4,11
2022-11-04 16:00:00,5,226.2,16,4,11
2022-11-04 17:00:00,5,199.5,17,4,11
2022-11-04 18:00:00,4,156.9,18,4,11
2022-11-04 19:00:00,9,454.9,19,4,11
2022-11-04 20:00:00,2,127.9,20,4,11
2022-11-04 21:00:00,2,136.2,21,4,11
2022-11-04 22:00:00,1,75.7,22,4,11
2022-11-04 23:00:00,2,85.2,23,4,11
2022-11-05 00:00:00,0,0.0,0,5,11
2022-11-05 01:00:00,0,0.0,1,5,11
2022-11-05 02:00:00,0,0.0,2,5,11
2022-11-05 03:00:00,3,185.7,3,5,11
2022-11-05 04:00:00,1,79.6,4,5,11
2022-11-05 05:00:00,0,0.0,5,5,11
2022-11-05 06:00:00,4,212.3,6,5,11
2022-11-05 07:00:00,3,199.5,7,5,11
2022-11-05 08:00:00,6,287.4,8,5,11
2022-11-05 09:00:00,2,74.0,9,5,11
2022-11-05 10:00:00,6,233.7,10,5,11
2022-11-05 11:00:00,11,535.0,11,5,11
2022-11-05 12:00:00,7,363.9,12,5,11
2022-11-05 13:00:00,4,202.8,13,5,11
2022-11-05 14:00:00,3,107.2,14,5,11
2022-11-05 15:00:00,6,288.5,15,5,11
2022-11-05 16:00:00,8,433.4,16,5,11
2022-11-05 17:00:00,8,410.9,17,5,11
2022-11-05 18:00:00,4,255.3,18,5,11
2022-11-05 19:00:00,1,36.1,19,5,11
2022-11-05 20:00:00,1,51.9,20,5,11
2022-11-05 21:00:00,4,194.5,21,5,11
2022-11-05 22:00:00,1,54.8,22,5,11
2022-11-05 23:00:00,0,0.0,23,5,11
2022-11-06 00:00:00,0,0.0,0,6,11
2022-11-06 01:00:00,0,0.0,1,6,11
2022-11-06 02:00:00,0,0.0,2,6,11
2022-11-06 03:00:00,0,0.0,3,6,11
2022-11-06 04:00:00,1,80.0,4,6,11
2022-11-06 05:00:00,2,106.4,5,6,11
2022-11-06 06:00:00,4,188.10000000000002,6,6,11
2022-11-06 07:00:00,6,315.1,7,6,11
2022-11-06 08:00:00,4,208.4,8,6,11
2022-11-06 09:00:00,5,201.5,9,6,11
2022-11-06 10:00:00,12,584.5,10,6,11
2022-11-06 11:00:00,7,471.2,11,6,11
2022-11-06 12:00:00,5,238.6,12,6,11
2022-11-06 13:00:00,9,506.7,13,6,11
2022-11-06 14:00:00,14,723.9,14,6,11
2022-11-06 15:00:00,6,240.2,15,6,11
2022-11-06 16:00:00,3,217.8,16,6,11
2022-11-06 17:00:00,3,144.1,17,6,11
2022-11-06 18:00:00,2,113.7,18,6,11
2022-11-06 19:00:00,2,82.8,19,6,11
2022-11-06 20:00:00,1,46.6,20,6,11
2022-11-06 21:00:00,1,80.0,21,6,11
2022-11-06 22:00:00,1,49.4,22,6,11
2022-11-06 23:00:00,0,0.0,23,6,11
2022-11-07 00:00:00,0,0.0,0,0,11
2022-11-07 01:00:00,1,47.1,1,0,11
2022-11-07 02:00:00,1,54.3,2,0,11
2022-11-07 03:00:00,1,31.6,3,0,11
2022-11-07 04:00:00,3,156.70000000000002,4,0,11
2022-11-07 05:00:00,1,51.6,5,0,11
2022-11-07 06:00:00,5,262.9,6,0,11
2022-11-07 07:00:00,1,46.3,7,0,11
2022-11-07 08:00:00,7,347.3,8,0,11
2022-11-07 09:00:00,10,502.4,9,0,11
2022-11-07 10:00:00,2,115.2,10,0,11
2022-11-07 11:00:00,13,668.9,11,0,11
2022-11-07 12:00:00,6,368.8,12,0,11
2022-11-07 13:00:00,13,754.1,13,0,11
2022-11-07 14:00:00,7,385.5,14,0,11
2022-11-07 15:00:00,9,378.4,15,0,11
2022-11-07 16:00:00,12,671.7,16,0,11
2022-11-07 17:00:00,7,356.0,17,0,11
2022-11-07 18:00:00,7,464.5,18,0,11
2022-11-07 19:00:00,4,147.0,19,0,11
2022-11-07 20:00:00,3,124.5,20,0,11
2022-11-07 21:00:00,4,207.0,21,0,11
2022-11-07 22:00:00,0,0.0,22,0,11
2022-11-07 23:00:00,0,0.0,23,0,11
2022-11-08 00:00:00,1,33.2,0,1,11
2022-11-08 01:00:00,0,0.0,1,1,11
2022-11-08 02:00:00,2,114.0,2,1,11
2022-11-08 03:00:00,2,65.5,3,1,11
2022-11-08 04:00:00,2,103.9,4,1,11
2022-11-08 05:00:00,3,210.2,5,1,11
2022-11-08 06:00:00,5,274.9,6,1,11
2022-11-08 07:00:00,4,160.5,7,1,11
2022-11-08 08:00:00,1,43.7,8,1,11
2022-11-08 09:00:00,13,644.6,9,1,11
2022-11-08 10:00:00,11,469.0,10,1,11
2022-11-08 11:00:00,10,489.4,11,1,11
2022-11-08 12:00:00,11,448.1,12,1,11
2022-11-08 13:00:00,12,485.3,13,1,11
2022-11-08 14:00:00,10,463.7,14,1,11
2022-11-08 15:00:00,5,221.9,15,1,11
2022-11-08 16:00:00,5,262.7,16,1,11
2022-11-08 17:00:00,5,216.6,17,1,11
2022-11-08 18:00:00,8,477.6,18,1,11
2022-11-08 19:00:00,3,142.3,19,1,11
2022-11-08 20:00:00,2,130.1,20,1,11
2022-11-08 21:00:00,3,162.0,21,1,11
2022-11-08 22:00:00,2,117.8,22,1,11
2022-11-08 23:00:00,2,123.89999999999999,23,1,11
2022-11-09 00:00:00,6,223.89999999999998,0,2,11
2022-11-09 01:00:00,0,0.0,1,2,11
2022-11-09 02:00:00,0,0.0,2,2,11
2022-11-09 03:00:00,0,0.0,3,2,11
2022-11-09 04:00:00,0,0.0,4,2,11
2022-11-09 05:00:00,5,206.7,5,2,11
2022-11-09 06:00:00,7,308.9,6,2,11
2022-11-09 07:00:00,3,113.0,7,2,11
2022-11-09 08:00:00,8,370.9,8,2,11
2022-11-09 09:00:00,6,313.1,9,2,11
2022-11-09 10:00:00,13,669.5,10,2,11
2022-11-09 11:00:00,7,325.6,11,2,11
2022-11-09 12:00:00,6,375.4,12,2,11
2022-11-09 13:00:00,6,250.4,13,2,11
2022-11-09 14:00:00,6,289.4,14,2,11
2022-11-09 15:00:00,4,224.5,15,2,11
2022-11-09 16:00:00,7,460.0,16,2,11
2022-11-09 17:00:00,6,347.1,17,2,11
2022-11-09 18:00:00,4,242.3,18,2,11
2022-11-09 19:00:00,3,116.1,19,2,11
2022-11-09 20:00:00,4,227.5,20,2,11
2022-11-09 21:00:00,5,191.6,21,2,11
2022-11-09 22:00:00,5,220.9,22,2,11
2022-11-09 23:00:00,2,134.0,23,2,11
2022-11-10 00:00:00,0,0.0,0,3,11
2022-11-10 01:00:00,1,80.0,1,3,11
2022-11-10 02:00:00,2,125.7,2,3,11
2022-11-10 03:00:00,1,32.9,3,3,11
2022-11-10 04:00:00,2,134.6,4,3,11
2022-11-10 05:00:00,4,245.0,5,3,11
2022-11-10 06:00:00,4,166.8,6,3,11
2022-11-10 07:00:00,7,310.4,7,3,11
2022-11-10 08:00:00,6,271.3,8,3,11
2022-11-10 09:00:00,7,309.3,9,3,11
2022-11-10 10:00:00,9,506.1,10,3,11
2022-11-10 11:00:00,9,569.0,11,3,11
2022-11-10 12:00:00,16,771.9,12,3,11
2022-11-10 13:00:00,9,352.0,13,3,11
2022-11-10 14:00:00,7,359.7,14,3,11
2022-11-10 15:00:00,6,359.5,15,3,11
2022-11-10 16:00:00,5,244.3,16,3,11
2022-11-10 17:00:00,5,250.9,17,3,11
2022-11-10 18:00:00,7,332.0,18,3,11
2022-11-10 19:00:00,2,76.6,19,3,11
2022-11-10 20:00:00,3,128.2,20,3,11
2022-11-10 21:00:00,6,282.6,21,3,11
2022-11-10 22:00:00,4,215.6,22,3,11
2022-11-10 23:00:00,2,79.2,23,3,11
2022-11-11 00:00:00,0,0.0,0,4,11
2022-11-11 01:00:00,1,80.0,1,4,11
2022-11-11 02:00:00,2,86.0,2,4,11
2022-11-11 03:00:00,1,35.1,3,4,11
2022-11-11 04:00:00,0,0.0,4,4,11
2022-11-11 05:00:00,3,155.3,5,4,11
2022-11-11 06:00:00,4,210.8,6,4,11
2022-11-11 07:00:00,6,277.6,7,4,11
2022-11-11 08:00:00,5,204.8,8,4,11
2022-11-11 09:00:00,9,475.7,9,4,11
2022-11-11 10:00:00,14,656.0,10,4,11
2022-11-11 11:00:00,9,458.8,11,4,11
2022-11-11 12:00:00,13,661.5,12,4,11
2022-11-11 13:00:00,13,691.4,13,4,11
2022-11-11 14:00:00,11,629.0,14,4,11
2022-11-11 15:00:00,14,677.4,15,4,11
2022-11-11 16:00:00,4,145.2,16,4,11
2022-11-11 17:00:00,8,305.9,17,4,11
2022-11-11 18:00:00,4,276.7,18,4,11
2022-11-11 19:00:00,2,78.1,19,4,11
2022-11-11 20:00:00,3,176.60000000000002,20,4,11
2022-11-11 21:00:00,1,48.2,21,4,11
2022-11-11 22:00:00,2,145.0,22,4,11
2022-11-11 23:00:00,4,190.7,23,4,11
2022-11-12 00:00:00,3,181.10000000000002,0,5,11
2022-11-12 01:00:00,0,0.0,1,5,11
2022-11-12 02:00:00,0,0.0,2,5,11
2022-11-12 03:00:00,1,75.8,3,5,11
2022-11-12 04:00:00,0,0.0,4,5,11
2022-11-12 05:00:00,3,142.1,5,5,11
2022-11-12 06:00:00,2,136.6,6,5,11
2022-11-12 07:00:00,2,76.0,7,5,11
2022-11-12 08:00:00,5,252.0,8,5,11
2022-11-12 09:00:00,4,244.2,9,5,11
2022-11-12 10:00:00,7,336.0,10,5,11
2022-11-12 11:00:00,6,246.3,11,5,11
2022-11-12 12:00:00,7,349.2,12,5,11
2022-11-12 13:00:00,4,220.7,13,5,11
2022-11-12 14:00:00,10,470.90000000000003,14,5,11
2022-11-12 15:00:00,6,333.5,15,5,11
2022-11-12 16:00:00,4,183.70000000000002,16,5,11
2022-11-12 17:00:00,6,261.2,17,5,11
2022-11-12 18:00:00,8,394.5,18,5,11
2022-11-12 19:00:00,7,347.8,19,5,11
2022-11-12 20:00:00,3,163.8,20,5,11
2022-11-12 21:00:00,1,50.9,21,5,11
2022-11-12 22:00:00,1,77.0,22,5,11
2022-11-12 23:00:00,1,35.3,23,5,11
2022-11-13 00:00:00,2,108.0,0,6,11
2022-11-13 01:00:00,3,123.0,1,6,11
2022-11-13 02:00:00,0,0.0,2,6,11
2022-11-13 03:00:00,1,25.3,3,6,11
2022-11-13 04:00:00,0,0.0,4,6,11
2022-11-13 05:00:00,4,159.2,5,6,11
2022-11-13 06:00:00,0,0.0,6,6,11
2022-11-13 07:00:00,1,29.0,7,6,11
2022-11-13 08:00:00,7,352.7,8,6,11
2022-11-13 09:00:00,9,430.0,9,6,11
2022-11-13 10:00:00,7,416.6,10,6,11
2022-11-13 11:00:00,8,420.8,11,6,11
2022-11-13 12:00:00,6,255.8,12,6,11
2022-11-13 13:00:00,12,663.1,13,6,11
2022-11-13 14:00:00,10,464.4,14,6,11
2022-11-13 15:00:00,4,152.3,15,6,11
2022-11-13 16:00:00,5,233.3,16,6,11
2022-11-13 17:00:00,3,129.4,17,6,11
2022-11-13 18:00:00,6,227.8,18,6,11
2022-11-13 19:00:00,2,117.0,19,6,11
2022-11-13 20:00:00,4,231.4,20,6,11
2022-11-13 21:00:00,1,45.5,21,6,11
2022-11-13 22:00:00,2,87.5,22,6,11
2022-11-13 23:00:00,1,31.3,23,6,11
2022-11-14 00:00:00,1,32.0,0,0,11
2022-11-14 01:00:00,1,50.1,1,0,11
2022-11-14 02:00:00,0,0.0,2,0,11
2022-11-14 03:00:00,0,0.0,3,0,11
2022-11-14 04:00:00,1,80.0,4,0,11
2022-11-14 05:00:00,4,222.9,5,0,11
2022-11-14 06:00:00,3,94.0,6,0,11
2022-11-14 07:00:00,4,190.8,7,0,11
2022-11-14 08:00:00,9,424.1,8,0,11
2022-11-14 09:00:00,15,838.7,9,0,11
2022-11-14 10:00:00,9,542.1,10,0,11
2022-11-14 11:00:00,7,297.1,11,0,11
2022-11-14 12:00:00,14,727.7,12,0,11
2022-11-14 13:00:00,11,501.90000000000003,13,0,11
2022-11-14 14:00:00,6,311.7,14,0,11
2022-11-14 15:00:00,10,477.7,15,0,11
2022-11-14 16:00:00,10,570.4,16,0,11
2022-11-14 17:00:00,10,426.3,17,0,11
2022-11-14 18:00:00,6,263.6,18,0,11
2022-11-14 19:00:00,9,477.3,19,0,11
2022-11-14 20:00:00,2,121.30000000000001,20,0,11
2022-11-14 21:00:00,2,134.4,21,0,11
2022-11-14 22:00:00,1,52.9,22,0,11
2022-11-14 23:00:00,2,60.3,23,0,11
2022-11-15 00:00:00,0,0.0,0,1,11
2022-11-15 01:00:00,2,76.7,1,1,11
2022-11-15 02:00:00,4,218.8,2,1,11
2022-11-15 03:00:00,1,50.9,3,1,11
2022-11-15 04:00:00,0,0.0,4,1,11
2022-11-15 05:00:00,1,27.2,5,1,11
2022-11-15 06:00:00,4,177.3,6,1,11
2022-11-15 07:00:00,2,68.4,7,1,11
2022-11-15 08:00:00,4,233.4,8,1,11
2022-11-15 09:00:00,13,592.3,9,1,11
2022-11-15 10:00:00,9,450.2,10,1,11
2022-11-15 11:00:00,13,638.8,11,1,11
2022-11-15 12:00:00,6,312.5,12,1,11
2022-11-15 13:00:00,8,388.5,13,1,11
2022-11-15 14:00:00,10,496.7,14,1,11
2022-11-15 15:00:00,10,408.4,15,1,11
2022-11-15 16:00:00,8,448.6,16,1,11
2022-11-15 17:00:00,7,323.2,17,1,11
2022-11-15 18:00:00,4,160.9,18,1,11
2022-11-15 19:00:00,7,406.5,19,1,11
2022-11-15 20:00:00,3,116.69999999999999,20,1,11
2022-11-15 21:00:00,4,183.1,21,1,11
2022-11-15 22:00:00,0,0.0,22,1,11
2022-11-15 23:00:00,2,126.4,23,1,11
2022-11-16 00:00:00,1,63.5,0,2,11
2022-11-16 01:00:00,2,71.1,1,2,11
2022-11-16 02:00:00,3,164.8,2,2,11
2022-11-16 03:00:00,0,0.0,3,2,11
2022-11-16 04:00:00,2,66.8,4,2,11
2022-11-16 05:00:00,0,0.0,5,2,11
2022-11-16 06:00:00,0,0.0,6,2,11
2022-11-16 07:00:00,4,151.7,7,2,11
2022-11-16 08:00:00,10,422.0,8,2,11
2022-11-16 09:00:00,7,319.6,9,2,11
2022-11-16 10:00:00,15,918.2,10,2,11
2022-11-16 11:00:00,4,236.0,11,2,11
2022-11-16 12:00:00,8,480.0,12,2,11
2022-11-16 13:00:00,11,558.2,13,2,11
2022-11-16 14:00:00,11,560.9,14,2,11
2022-11-16 15:00:00,7,335.0,15,2,11
2022-11-16 16:00:00,4,200.9,16,2,11
2022-11-16 17:00:00,8,338.8,17,2,11
2022-11-16 18:00:00,7,331.9,18,2,11
2022-11-16 19:00:00,4,183.6,19,2,11
2022-11-16 20:00:00,5,232.3,20,2,11
2022-11-16 21:00:00,2,158.9,21,2,11
2022-11-16 22:00:00,1,30.5,22,2,11
2022-11-16 23:00:00,1,54.1,23,2,11
2022-11-17 00:00:00,0,0.0,0,3,11
2022-11-17 01:00:00,0,0.0,1,3,11
2022-11-17 02:00:00,0,0.0,2,3,11
2022-11-17 03:00:00,0,0.0,3,3,11
2022-11-17 04:00:00,2,110.1,4,3,11
2022-11-17 05:00:00,1,31.5,5,3,11
2022-11-17 06:00:00,3,140.5,6,3,11
2022-11-17 07:00:00,7,369.9,7,3,11
2022-11-17 08:00:00,17,956.4,8,3,11
2022-11-17 09:00:00,10,493.8,9,3,11
2022-11-17 10:00:00,7,315.8,10,3,11
2022-11-17 11:00:00,10,440.0,11,3,11
2022-11-17 12:00:00,6,332.9,12,3,11
2022-11-17 13:00:00,12,569.6,13,3,11
2022-11-17 14:00:00,9,398.9,14,3,11
2022-11-17 15:00:00,12,722.8,15,3,11
2022-11-17 16:00:00,8,451.29999999999995,16,3,11
2022-11-17 17:00:00,9,382.7,17,3,11
2022-11-17 18:00:00,6,238.4,18,3,11
2022-11-17 19:00:00,4,183.3,19,3,11
2022-11-17 20:00:00,2,150.6,20,3,11
2022-11-17 21:00:00,1,72.6,21,3,11
2022-11-17 22:00:00,1,35.0,22,3,11
2022-11-17 23:00:00,3,107.6,23,3,11
2022-11-18 00:00:00,0,0.0,0,4,11
2022-11-18 01:00:00,0,0.0,1,4,11
2022-11-18 02:00:00,1,74.3,2,4,11
2022-11-18 03:00:00,3,196.89999999999998,3,4,11
2022-11-18 04:00:00,1,32.9,4,4,11
2022-11-18 05:00:00,2,132.8,5,4,11
2022-11-18 06:00:00,5,239.4,6,4,11
2022-11-18 07:00:00,4,207.60000000000002,7,4,11
2022-11-18 08:00:00,6,287.6,8,4,11
2022-11-18 09:00:00,8,411.59999999999997,9,4,11
2022-11-18 10:00:00,9,445.1,10,4,11
2022-11-18 11:00:00,12,561.5,11,4,11
2022-11-18 12:00:00,9,418.0,12,4,11
2022-11-18 13:00:00,10,607.6,13,4,11
2022-11-18 14:00:00,8,346.5,14,4,11
2022-11-18 15:00:00,7,440.2,15,4,11
2022-11-18 16:00:00,8,417.90000000000003,16,4,11
2022-11-18 17:00:00,5,299.1,17,4,11
2022-11-18 18:00:00,8,436.6,18,4,11
2022-11-18 19:00:00,3,96.2,19,4,11
2022-11-18 20:00:00,5,220.6,20,4,11
2022-11-18 21:00:00,1,69.3,21,4,11
2022-11-18 22:00:00,1,30.3,22,4,11
2022-11-18 23:00:00,0,0.0,23,4,11
2022-11-19 00:00:00,1,80.0,0,5,11
2022-11-19 01:00:00,2,85.69999999999999,1,5,11
2022-11-19 02:00:00,3,142.7,2,5,11
2022-11-19 03:00:00,2,75.3,3,5,11
2022-11-19 04:00:00,1,61.6,4,5,11
2022-11-19 05:00:00,1,33.7,5,5,11
2022-11-19 06:00:00,4,234.9,6,5,11
2022-11-19 07:00:00,2,83.9,7,5,11
2022-11-19 08:00:00,3,105.6,8,5,11
2022-11-19 09:00:00,2,127.4,9,5,11
2022-11-19 10:00:00,3,117.6,10,5,11
2022-11-19 11:00:00,4,120.2,11,5,11
2022-11-19 12:00:00,6,332.4,12,5,11
2022-11-19 13:00:00,7,354.2,13,5,11
2022-11-19 14:00:00,7,320.5,14,5,11
2022-11-19 15:00:00,9,509.2,15,5,11
2022-11-19 16:00:00,6,340.6,16,5,11
2022-11-19 17:00:00,1,74.6,17,5,11
2022-11-19 18:00:00,2,72.5,18,5,11
2022-11-19 19:00:00,4,183.6,19,5,11
2022-11-19 20:00:00,2,93.5,20,5,11
2022-11-19 21:00:00,2,109.5,21,5,11
2022-11-19 22:00:00,1,33.1,22,5,11
2022-11-19 23:00:00,1,31.2,23,5,11
2022-11-20 00:00:00,0,0.0,0,6,11
2022-11-20 01:00:00,0,0.0,1,6,11
2022-11-20 02:00:00,2,128.3,2,6,11
2022-11-20 03:00:00,2,63.9,3,6,11
2022-11-20 04:00:00,1,34.2,4,6,11
2022-11-20 05:00:00,1,62.8,5,6,11
2022-11-20 06:00:00,3,162.9,6,6,11
2022-11-20 07:00:00,1,33.0,7,6,11
2022-11-20 08:00:00,4,225.7,8,6,11
2022-11-20 09:00:00,8,459.6,9,6,11
2022-11-20 10:00:00,10,455.59999999999997,10,6,11
2022-11-20 11:00:00,9,477.3,11,6,11
2022-11-20 12:00:00,9,468.0,12,6,11
2022-11-20 13:00:00,4,216.2,13,6,11
2022-11-20 14:00:00,5,215.0,14,6,11
2022-11-20 15:00:00,8,297.4,15,6,11
2022-11-20 16:00:00,8,372.1,16,6,11
2022-11-20 17:00:00,4,164.8,17,6,11
2022-11-20 18:00:00,1,47.1,18,6,11
2022-11-20 19:00:00,6,340.6,19,6,11
2022-11-20 20:00:00,0,0.0,20,6,11
2022-11-20 21:00:00,7,387.6,21,6,11
2022-11-20 22:00:00,1,35.0,22,6,11
2022-11-20 23:00:00,1,79.2,23,6,11
2022-11-21 00:00:00,1,41.2,0,0,11
2022-11-21 01:00:00,1,32.4,1,0,11
2022-11-21 02:00:00,3,118.1,2,0,11
2022-11-21 03:00:00,0,0.0,3,0,11
2022-11-21 04:00:00,0,0.0,4,0,11
2022-11-21 05:00:00,4,188.3,5,0,11
2022-11-21 06:00:00,2,124.4,6,0,11
2022-11-21 07:00:00,2,111.30000000000001,7,0,11
2022-11-21 08:00:00,6,281.6,8,0,11
2022-11-21 09:00:00,3,169.8,9,0,11
2022-11-21 10:00:00,11,600.9,10,0,11
2022-11-21 11:00:00,11,534.1,11,0,11
2022-11-21 12:00:00,10,452.8,12,0,11
2022-11-21 13:00:00,10,489.6,13,0,11
2022-11-21 14:00:00,11,456.2,14,0,11
2022-11-21 15:00:00,10,488.6,15,0,11
2022-11-21 16:00:00,6,324.8,16,0,11
2022-11-21 17:00:00,6,315.4,17,0,11
2022-11-21 18:00:00,4,262.3,18,0,11
2022-11-21 19:00:00,0,0.0,19,0,11
2022-11-21 20:00:00,4,173.5,20,0,11
2022-11-21 21:00:00,0,0.0,21,0,11
2022-11-21 22:00:00,2,119.80000000000001,22,0,11
2022-11-21 23:00:00,1,80.0,23,0,11
2022-11-22 00:00:00,2,81.3,0,1,11
2022-11-22 01:00:00,2,107.69999999999999,1,1,11
2022-11-22 02:00:00,0,0.0,2,1,11
2022-11-22 03:00:00,2,82.19999999999999,3,1,11
2022-11-22 04:00:00,1,48.4,4,1,11
2022-11-22 05:00:00,3,116.0,5,1,11
2022-11-22 06:00:00,5,274.6,6,1,11
2022-11-22 07:00:00,2,128.5,7,1,11
2022-11-22 08:00:00,7,361.2,8,1,11
2022-11-22 09:00:00,4,208.6,9,1,11
2022-11-22 10:00:00,8,343.0,10,1,11
2022-11-22 11:00:00,12,545.6,11,1,11
2022-11-22 12:00:00,7,434.5,12,1,11
2022-11-22 13:00:00,8,407.7,13,1,11
2022-11-22 14:00:00,12,517.6,14,1,11
2022-11-22 15:00:00,10,433.9,15,1,11
2022-11-22 16:00:00,9,521.4,16,1,11
2022-11-22 17:00:00,6,234.2,17,1,11
2022-11-22 18:00:00,8,365.8,18,1,11
2022-11-22 19:00:00,5,291.1,19,1,11
2022-11-22 20:00:00,2,112.4,20,1,11
2022-11-22 21:00:00,2,66.9,21,1,11
2022-11-22 22:00:00,2,155.2,22,1,11
2022-11-22 23:00:00,0,0.0,23,1,11
2022-11-23 00:00:00,1,47.6,0,2,11
2022-11-23 01:00:00,2,110.9,1,2,11
2022-11-23 02:00:00,0,0.0,2,2,11
2022-11-23 03:00:00,0,0.0,3,2,11
2022-11-23 04:00:00,1,46.7,4,2,11
2022-11-23 05:00:00,3,159.4,5,2,11
2022-11-23 06:00:00,3,145.2,6,2,11
2022-11-23 07:00:00,9,535.9,7,2,11
2022-11-23 08:00:00,2,81.7,8,2,11
2022-11-23 09:00:00,5,295.5,9,2,11
2022-11-23 10:00:00,13,544.8,10,2,11
2022-11-23 11:00:00,11,368.6,11,2,11
2022-11-23 12:00:00,5,300.8,12,2,11
2022-11-23 13:00:00,26,1383.4,13,2,11
2022-11-23 14:00:00,11,571.3,14,2,11
2022-11-23 15:00:00,6,266.8,15,2,11
2022-11-23 16:00:00,6,186.5,16,2,11
2022-11-23 17:00:00,8,352.1,17,2,11
2022-11-23 18:00:00,8,345.1,18,2,11
2022-11-23 19:00:00,4,182.9,19,2,11
2022-11-23 20:00:00,9,428.5,20,2,11
2022-11-23 21:00:00,2,89.5,21,2,11
2022-11-23 22:00:00,0,0.0,22,2,11
2022-11-23 23:00:00,0,0.0,23,2,11
2022-11-24 00:00:00,3,225.89999999999998,0,3,11
2022-11-24 01:00:00,1,29.5,1,3,11
2022-11-24 02:00:00,1,54.5,2,3,11
2022-11-24 03:00:00,0,0.0,3,3,11
2022-11-24 04:00:00,1,33.2,4,3,11
2022-11-24 05:00:00,0,0.0,5,3,11
2022-11-24 06:00:00,1,80.0,6,3,11
2022-11-24 07:00:00,2,63.3,7,3,11
2022-11-24 08:00:00,5,318.1,8,3,11
2022-11-24 09:00:00,6,306.0,9,3,11
2022-11-24 10:00:00,10,523.5,10,3,11
2022-11-24 11:00:00,10,538.0,11,3,11
2022-11-24 12:00:00,7,317.8,12,3,11
2022-11-24 13:00:00,17,749.2,13,3,11
2022-11-24 14:00:00,10,496.8,14,3,11
2022-11-24 15:00:00,10,418.0,15,3,11
2022-11-24 16:00:00,2,116.6,16,3,11
2022-11-24 17:00:00,6,290.9,17,3,11
2022-11-24 18:00:00,5,184.9,18,3,11
2022-11-24 19:00:00,5,170.2,19,3,11
2022-11-24 20:00:00,6,253.2,20,3,11
2022-11-24 21:00:00,1,51.8,21,3,11
2022-11-24 22:00:00,1,36.4,22,3,11
2022-11-24 23:00:00,0,0.0,23,3,11
2022-11-25 00:00:00,2,77.1,0,4,11
2022-11-25 01:00:00,0,0.0,1,4,11
2022-11-25 02:00:00,3,151.7,2,4,11
2022-11-25 03:00:00,1,33.8,3,4,11
2022-11-25 04:00:00,1,48.8,4,4,11
2022-11-25 05:00:00,3,195.0,5,4,11
2022-11-25 06:00:00,3,160.4,6,4,11
2022-11-25 07:00:00,5,247.5,7,4,11
2022-11-25 08:00:00,4,192.6,8,4,11
2022-11-25 09:00:00,10,536.3,9,4,11
2022-11-25 10:00:00,13,701.2,10,4,11
2022-11-25 11:00:00,9,373.4,11,4,11
2022-11-25 12:00:00,9,461.2,12,4,11
2022-11-25 13:00:00,4,146.4,13,4,11
2022-11-25 14:00:00,14,834.1,14,4,11
2022-11-25 15:00:00,12,649.4,15,4,11
2022-11-25 16:00:00,7,350.5,16,4,11
2022-11-25 17:00:00,7,320.9,17,4,11
2022-11-25 18:00:00,7,403.6,18,4,11
2022-11-25 19:00:00,1,46.2,19,4,11
2022-11-25 20:00:00,7,324.3,20,4,11
2022-11-25 21:00:00,1,55.2,21,4,11
2022-11-25 22:00:00,4,204.2,22,4,11
2022-11-25 23:00:00,2,85.5,23,4,11
2022-11-26 00:00:00,0,0.0,0,5,11
2022-11-26 01:00:00,0,0.0,1,5,11
2022-11-26 02:00:00,2,102.6,2,5,11
2022-11-26 03:00:00,0,0.0,3,5,11
2022-11-26 04:00:00,3,126.6,4,5,11
2022-11-26 05:00:00,1,53.6,5,5,11
2022-11-26 06:00:00,2,130.5,6,5,11
2022-11-26 07:00:00,4,192.8,7,5,11
2022-11-26 08:00:00,9,471.6,8,5,11
2022-11-26 09:00:00,7,385.0,9,5,11
2022-11-26 10:00:00,7,321.5,10,5,11
2022-11-26 11:00:00,3,185.6,11,5,11
2022-11-26 12:00:00,8,360.5,12,5,11
2022-11-26 13:00:00,6,220.9,13,5,11
2022-11-26 14:00:00,4,170.7,14,5,11
2022-11-26 15:00:00,7,292.0,15,5,11
2022-11-26 16:00:00,6,278.3,16,5,11
2022-11-26 17:00:00,7,288.4,17,5,11
2022-11-26 18:00:00,3,118.8,18,5,11
2022-11-26 19:00:00,3,116.7,19,5,11
2022-11-26 20:00:00,3,158.3,20,5,11
2022-11-26 21:00:00,2,118.2,21,5,11
2022-11-26 22:00:00,2,99.9,22,5,11
2022-11-26 23:00:00,2,101.5,23,5,11
2022-11-27 00:00:00,0,0.0,0,6,11
2022-11-27 01:00:00,0,0.0,1,6,11
2022-11-27 02:00:00,1,67.4,2,6,11
2022-11-27 03:00:00,1,54.4,3,6,11
2022-11-27 04:00:00,0,0.0,4,6,11
2022-11-27 05:00:00,0,0.0,5,6,11
2022-11-27 06:00:00,1,51.1,6,6,11
2022-11-27 07:00:00,4,193.0,7,6,11
2022-11-27 08:00:00,4,143.9,8,6,11
2022-11-27 09:00:00,10,436.20000000000005,9,6,11
2022-11-27 10:00:00,10,474.1,10,6,11
2022-11-27 11:00:00,11,565.8,11,6,11
2022-11-27 12:00:00,8,328.1,12,6,11
2022-11-27 13:00:00,5,209.3,13,6,11
2022-11-27 14:00:00,12,650.1,14,6,11
2022-11-27 15:00:00,3,145.8,15,6,11
2022-11-27 16:00:00,11,584.1999999999999,16,6,11
2022-11-27 17:00:00,2,81.3,17,6,11
2022-11-27 18:00:00,3,113.5,18,6,11
2022-11-27 19:00:00,2,119.8,19,6,11
2022-11-27 20:00:00,2,111.3,20,6,11
2022-11-27 21:00:00,2,77.4,21,6,11
2022-11-27 22:00:00,2,98.3,22,6,11
2022-11-27 23:00:00,1,47.6,23,6,11
2022-11-28 00:00:00,1,43.4,0,0,11
2022-11-28 01:00:00,0,0.0,1,0,11
2022-11-28 02:00:00,3,97.1,2,0,11
2022-11-28 03:00:00,2,117.10000000000001,3,0,11
2022-11-28 04:00:00,2,63.4,4,0,11
2022-11-28 05:00:00,3,118.4,5,0,11
2022-11-28 06:00:00,0,0.0,6,0,11
2022-11-28 07:00:00,1,76.7,7,0,11
2022-11-28 08:00:00,12,533.9,8,0,11
2022-11-28 09:00:00,15,747.4,9,0,11
2022-11-28 10:00:00,6,316.8,10,0,11
2022-11-28 11:00:00,7,343.0,11,0,11
2022-11-28 12:00:00,11,575.7,12,0,11
2022-11-28 13:00:00,17,851.9,13,0,11
2022-11-28 14:00:00,14,748.4,14,0,11
2022-11-28 15:00:00,9,405.9,15,0,11
2022-11-28 16:00:00,7,315.4,16,0,11
2022-11-28 17:00:00,8,406.5,17,0,11
2022-11-28 18:00:00,6,308.2,18,0,11
2022-11-28 19:00:00,5,216.0,19,0,11
2022-11-28 20:00:00,7,344.9,20,0,11
2022-11-28 21:00:00,1,32.8,21,0,11
2022-11-28 22:00:00,3,182.4,22,0,11
2022-11-28 23:00:00,0,0.0,23,0,11
2022-11-29 00:00:00,0,0.0,0,1,11
2022-11-29 01:00:00,1,33.2,1,1,11
2022-11-29 02:00:00,1,39.0,2,1,11
2022-11-29 03:00:00,2,126.1,3,1,11
2022-11-29 04:00:00,1,50.3,4,1,11
2022-11-29 05:00:00,1,80.0,5,1,11
2022-11-29 06:00:00,0,0.0,6,1,11
2022-11-29 07:00:00,6,249.60000000000002,7,1,11
2022-11-29 08:00:00,5,245.2,8,1,11
2022-11-29 09:00:00,7,334.2,9,1,11
2022-11-29 10:00:00,10,529.8,10,1,11
2022-11-29 11:00:00,10,531.7,11,1,11
2022-11-29 12:00:00,15,704.3,12,1,11
2022-11-29 13:00:00,7,439.5,13,1,11
2022-11-29 14:00:00,13,715.8000000000001,14,1,11
2022-11-29 15:00:00,12,564.0,15,1,11
2022-11-29 16:00:00,7,393.9,16,1,11
2022-11-29 17:00:00,7,344.0,17,1,11
2022-11-29 18:00:00,5,230.2,18,1,11
2022-11-29 19:00:00,4,192.1,19,1,11
2022-11-29 20:00:00,3,170.6,20,1,11
2022-11-29 21:00:00,3,166.5,21,1,11
2022-11-29 22:00:00,2,78.3,22,1,11
2022-11-29 23:00:00,0,0.0,23,1,11
2022-11-30 00:00:00,1,29.0,0,2,11
2022-11-30 01:00:00,2,105.80000000000001,1,2,11
2022-11-30 02:00:00,0,0.0,2,2,11
2022-11-30 03:00:00,2,127.6,3,2,11
2022-11-30 04:00:00,0,0.0,4,2,11
2022-11-30 05:00:00,1,80.0,5,2,11
2022-11-30 06:00:00,4,148.3,6,2,11
2022-11-30 07:00:00,2,147.5,7,2,11
2022-11-30 08:00:00,7,362.4,8,2,11
2022-11-30 09:00:00,7,398.5,9,2,11
2022-11-30 10:00:00,13,669.9,10,2,11
2022-11-30 11:00:00,13,655.8,11,2,11
2022-11-30 12:00:00,7,378.4,12,2,11
2022-11-30 13:00:00,5,308.2,13,2,11
2022-11-30 14:00:00,9,427.3,14,2,11
2022-11-30 15:00:00,6,325.1,15,2,11
2022-11-30 16:00:00,7,378.5,16,2,11
2022-11-30 17:00:00,5,266.0,17,2,11
2022-11-30 18:00:00,8,432.1,18,2,11
2022-11-30 19:00:00,3,118.0,19,2,11
2022-11-30 20:00:00,3,151.1,20,2,11
2022-11-30 21:00:00,3,206.4,21,2,11
2022-11-30 22:00:00,1,37.9,22,2,11
2022-11-30 23:00:00,1,44.9,23,2,11
2022-12-01 00:00:00,1,45.1,0,3,12
2022-12-01 01:00:00,2,56.900000000000006,1,3,12
2022-12-01 02:00:00,0,0.0,2,3,12
2022-12-01 03:00:00,3,222.3,3,3,12
2022-12-01 04:00:00,0,0.0,4,3,12
2022-12-01 05:00:00,1,32.7,5,3,12
2022-12-01 06:00:00,2,131.6,6,3,12
2022-12-01 07:00:00,3,89.5,7,3,12
2022-12-01 08:00:00,3,169.2,8,3,12
2022-12-01 09:00:00,2,81.5,9,3,12
2022-12-01 10:00:00,8,373.2,10,3,12
2022-12-01 11:00:00,18,872.5,11,3,12
2022-12-01 12:00:00,7,411.7,12,3,12
2022-12-01 13:00:00,9,505.6,13,3,12
2022-12-01 14:00:00,7,276.2,14,3,12
2022-12-01 15:00:00,8,369.1,15,3,12
2022-12-01 16:00:00,3,122.4,16,3,12
2022-12-01 17:00:00,9,333.2,17,3,12
2022-12-01 18:00:00,7,298.0,18,3,12
2022-12-01 19:00:00,6,258.6,19,3,12
2022-12-01 20:00:00,2,123.69999999999999,20,3,12
2022-12-01 21:00:00,1,32.7,21,3,12
2022-12-01 22:00:00,2,123.9,22,3,12
2022-12-01 23:00:00,0,0.0,23,3,12
2022-12-02 00:00:00,2,141.6,0,4,12
2022-12-02 01:00:00,1,50.9,1,4,12
2022-12-02 02:00:00,2,75.4,2,4,12
2022-12-02 03:00:00,1,60.0,3,4,12
2022-12-02 04:00:00,0,0.0,4,4,12
2022-12-02 05:00:00,3,154.5,5,4,12
2022-12-02 06:00:00,0,0.0,6,4,12
2022-12-02 07:00:00,3,125.1,7,4,12
2022-12-02 08:00:00,10,470.7,8,4,12
2022-12-02 09:00:00,10,566.0,9,4,12
2022-12-02 10:00:00,12,652.4,10,4,12
2022-12-02 11:00:00,12,616.4,11,4,12
2022-12-02 12:00:00,8,337.6,12,4,12
2022-12-02 13:00:00,10,488.8,13,4,12
2022-12-02 14:00:00,5,227.5,14,4,12
2022-12-02 15:00:00,8,391.6,15,4,12
2022-12-02 16:00:00,12,520.0,16,4,12
2022-12-02 17:00:00,5,212.6,17,4,12
2022-12-02 18:00:00,11,542.7,18,4,12
2022-12-02 19:00:00,4,200.5,19,4,12
2022-12-02 20:00:00,5,242.0,20,4,12
2022-12-02 21:00:00,2,160.0,21,4,12
2022-12-02 22:00:00,3,129.2,22,4,12
2022-12-02 23:00:00,1,27.6,23,4,12
2022-12-03 00:00:00,1,50.6,0,5,12
2022-12-03 01:00:00,1,53.9,1,5,12
2022-12-03 02:00:00,1,47.9,2,5,12
2022-12-03 03:00:00,0,0.0,3,5,12
2022-12-03 04:00:00,1,48.9,4,5,12
2022-12-03 05:00:00,3,147.9,5,5,12
2022-12-03 06:00:00,0,0.0,6,5,12
2022-12-03 07:00:00,1,29.4,7,5,12
2022-12-03 08:00:00,8,395.3,8,5,12
2022-12-03 09:00:00,2,123.9,9,5,12
2022-12-03 10:00:00,4,254.0,10,5,12
2022-12-03 11:00:00,8,364.5,11,5,12
2022-12-03 12:00:00,5,209.8,12,5,12
2022-12-03 13:00:00,9,492.8,13,5,12
2022-12-03 14:00:00,8,415.79999999999995,14,5,12
2022-12-03 15:00:00,4,177.2,15,5,12
2022-12-03 16:00:00,6,349.3,16,5,12
2022-12-03 17:00:00,9,463.7,17,5,12
2022-12-03 18:00:00,3,189.9,18,5,12
2022-12-03 19:00:00,2,107.0,19,5,12
2022-12-03 20:00:00,1,80.0,20,5,12
2022-12-03 21:00:00,2,114.8,21,5,12
2022-12-03 22:00:00,1,80.0,22,5,12
2022-12-03 23:00:00,1,30.3,23,5,12
2022-12-04 00:00:00,2,126.69999999999999,0,6,12
2022-12-04 01:00:00,1,51.4,1,6,12
2022-12-04 02:00:00,0,0.0,2,6,12
2022-12-04 03:00:00,0,0.0,3,6,12
2022-12-04 04:00:00,1,37.2,4,6,12
2022-12-04 05:00:00,2,74.7,5,6,12
2022-12-04 06:00:00,4,148.7,6,6,12
2022-12-04 07:00:00,4,175.3,7,6,12
2022-12-04 08:00:00,1,80.0,8,6,12
2022-12-04 09:00:00,8,377.5,9,6,12
2022-12-04 10:00:00,5,272.2,10,6,12
2022-12-04 11:00:00,8,384.9,11,6,12
2022-12-04 12:00:00,8,385.6,12,6,12
2022-12-04 13:00:00,9,517.2,13,6,12
2022-12-04 14:00:00,7,344.0,14,6,12
2022-12-04 15:00:00,2,123.9,15,6,12
2022-12-04 16:00:00,3,169.3,16,6,12
2022-12-04 17:00:00,3,160.5,17,6,12
2022-12-04 18:00:00,10,483.9,18,6,12
2022-12-04 19:00:00,4,123.6,19,6,12
2022-12-04 20:00:00,3,145.8,20,6,12
2022-12-04 21:00:00,1,49.8,21,6,12
2022-12-04 22:00:00,1,30.1,22,6,12
2022-12-04 23:00:00,2,120.4,23,6,12
2022-12-05 00:00:00,2,82.7,0,0,12
2022-12-05 01:00:00,2,62.5,1,0,12
2022-12-05 02:00:00,2,112.8,2,0,12
2022-12-05 03:00:00,1,80.0,3,0,12
2022-12-05 04:00:00,0,0.0,4,0,12
2022-12-05 05:00:00,1,34.5,5,0,12
2022-12-05 06:00:00,5,274.0,6,0,12
2022-12-05 07:00:00,7,323.2,7,0,12
2022-12-05 08:00:00,9,488.3,8,0,12
2022-12-05 09:00:00,9,473.29999999999995,9,0,12
2022-12-05 10:00:00,10,483.3,10,0,12
2022-12-05 11:00:00,6,243.7,11,0,12
2022-12-05 12:00:00,5,226.7,12,0,12
2022-12-05 13:00:00,13,690.6999999999999,13,0,12
2022-12-05 14:00:00,7,329.2,14,0,12
2022-12-05 15:00:00,6,306.2,15,0,12
2022-12-05 16:00:00,4,227.0,16,0,12
2022-12-05 17:00:00,4,163.4,17,0,12
2022-12-05 18:00:00,9,535.2,18,0,12
2022-12-05 19:00:00,3,109.0,19,0,12
2022-12-05 20:00:00,3,218.1,20,0,12
2022-12-05 21:00:00,4,174.2,21,0,12
2022-12-05 22:00:00,1,77.8,22,0,12
2022-12-05 23:00:00,0,0.0,23,0,12
2022-12-06 00:00:00,2,92.5,0,1,12
2022-12-06 01:00:00,1,35.3,1,1,12
2022-12-06 02:00:00,2,89.80000000000001,2,1,12
2022-12-06 03:00:00,2,89.7,3,1,12
2022-12-06 04:00:00,1,45.5,4,1,12
2022-12-06 05:00:00,3,147.8,5,1,12
2022-12-06 06:00:00,7,371.6,6,1,12
2022-12-06 07:00:00,4,306.8,7,1,12
2022-12-06 08:00:00,6,297.8,8,1,12
2022-12-06 09:00:00,14,663.3,9,1,12
2022-12-06 10:00:00,10,467.6,10,1,12
2022-12-06 11:00:00,8,331.6,11,1,12
2022-12-06 12:00:00,7,377.8,12,1,12
2022-12-06 13:00:00,13,605.1,13,1,12
2022-12-06 14:00:00,13,706.0,14,1,12
2022-12-06 15:00:00,10,531.4,15,1,12
2022-12-06 16:00:00,14,850.0,16,1,12
2022-12-06 17:00:00,8,437.0,17,1,12
2022-12-06 18:00:00,3,104.6,18,1,12
2022-12-06 19:00:00,5,225.0,19,1,12
2022-12-06 20:00:00,5,248.8,20,1,12
2022-12-06 21:00:00,4,219.0,21,1,12
2022-12-06 22:00:00,0,0.0,22,1,12
2022-12-06 23:00:00,1,47.7,23,1,12
2022-12-07 00:00:00,1,57.3,0,2,12
2022-12-07 01:00:00,0,0.0,1,2,12
2022-12-07 02:00:00,1,78.9,2,2,12
2022-12-07 03:00:00,1,74.6,3,2,12
2022-12-07 04:00:00,1,80.0,4,2,12
2022-12-07 05:00:00,3,143.8,5,2,12
2022-12-07 06:00:00,6,232.6,6,2,12
2022-12-07 07:00:00,4,173.0,7,2,12
2022-12-07 08:00:00,9,426.7,8,2,12
2022-12-07 09:00:00,7,351.6,9,2,12
2022-12-07 10:00:00,6,320.3,10,2,12
2022-12-07 11:00:00,11,572.4,11,2,12
2022-12-07 12:00:00,11,507.7,12,2,12
2022-12-07 13:00:00,7,333.4,13,2,12
2022-12-07 14:00:00,9,519.6,14,2,12
2022-12-07 15:00:00,9,480.4,15,2,12
2022-12-07 16:00:00,9,472.3,16,2,12
2022-12-07 17:00:00,6,304.7,17,2,12
2022-12-07 18:00:00,3,131.5,18,2,12
2022-12-07 19:00:00,0,0.0,19,2,12
2022-12-07 20:00:00,7,331.0,20,2,12
2022-12-07 21:00:00,2,59.5,21,2,12
2022-12-07 22:00:00,2,105.0,22,2,12
2022-12-07 23:00:00,1,48.2,23,2,12
2022-12-08 00:00:00,0,0.0,0,3,12
2022-12-08 01:00:00,1,80.0,1,3,12
2022-12-08 02:00:00,1,68.3,2,3,12
2022-12-08 03:00:00,0,0.0,3,3,12
2022-12-08 04:00:00,0,0.0,4,3,12
2022-12-08 05:00:00,2,90.8,5,3,12
2022-12-08 06:00:00,5,239.3,6,3,12
2022-12-08 07:00:00,2,99.4,7,3,12
2022-12-08 08:00:00,4,291.1,8,3,12
2022-12-08 09:00:00,8,311.6,9,3,12
2022-12-08 10:00:00,13,682.8,10,3,12
2022-12-08 11:00:00,14,701.3,11,3,12
2022-12-08 12:00:00,12,603.8000000000001,12,3,12
2022-12-08 13:00:00,7,335.9,13,3,12
2022-12-08 14:00:00,9,482.7,14,3,12
2022-12-08 15:00:00,8,366.59999999999997,15,3,12
2022-12-08 16:00:00,9,473.0,16,3,12
2022-12-08 17:00:00,9,354.4,17,3,12
2022-12-08 18:00:00,3,147.0,18,3,12
2022-12-08 19:00:00,5,274.8,19,3,12
2022-12-08 20:00:00,4,202.3,20,3,12
2022-12-08 21:00:00,3,115.2,21,3,12
2022-12-08 22:00:00,0,0.0,22,3,12
2022-12-08 23:00:00,2,128.0,23,3,12
2022-12-09 00:00:00,1,80.0,0,4,12
2022-12-09 01:00:00,0,0.0,1,4,12
2022-12-09 02:00:00,0,0.0,2,4,12
2022-12-09 03:00:00,4,183.3,3,4,12
2022-12-09 04:00:00,1,79.9,4,4,12
2022-12-09 05:00:00,2,113.9,5,4,12
2022-12-09 06:00:00,3,166.0,6,4,12
2022-12-09 07:00:00,5,241.6,7,4,12
2022-12-09 08:00:00,11,603.0,8,4,12
2022-12-09 09:00:00,5,250.5,9,4,12
2022-12-09 10:00:00,10,435.1,10,4,12
2022-12-09 11:00:00,13,627.7,11,4,12
2022-12-09 12:00:00,8,441.4,12,4,12
2022-12-09 13:00:00,12,631.3,13,4,12
2022-12-09 14:00:00,4,161.5,14,4,12
2022-12-09 15:00:00,2,61.5,15,4,12
2022-12-09 16:00:00,6,273.6,16,4,12
2022-12-09 17:00:00,8,404.9,17,4,12
2022-12-09 18:00:00,4,165.0,18,4,12
2022-12-09 19:00:00,8,386.0,19,4,12
2022-12-09 20:00:00,2,68.30000000000001,20,4,12
2022-12-09 21:00:00,4,212.8,21,4,12
2022-12-09 22:00:00,1,50.0,22,4,12
2022-12-09 23:00:00,2,126.3,23,4,12
2022-12-10 00:00:00,0,0.0,0,5,12
2022-12-10 01:00:00,0,0.0,1,5,12
2022-12-10 02:00:00,0,0.0,2,5,12
2022-12-10 03:00:00,1,38.4,3,5,12
2022-12-10 04:00:00,2,71.69999999999999,4,5,12
2022-12-10 05:00:00,4,250.6,5,5,12
2022-12-10 06:00:00,6,287.5,6,5,12
2022-12-10 07:00:00,6,285.2,7,5,12
2022-12-10 08:00:00,7,384.4,8,5,12
2022-12-10 09:00:00,3,129.2,9,5,12
2022-12-10 10:00:00,12,616.8,10,5,12
2022-12-10 11:00:00,4,192.5,11,5,12
2022-12-10 12:00:00,10,532.6,12,5,12
2022-12-10 13:00:00,6,384.7,13,5,12
2022-12-10 14:00:00,4,210.1,14,5,12
2022-12-10 15:00:00,5,274.1,15,5,12
2022-12-10 16:00:00,2,116.8,16,5,12
2022-12-10 17:00:00,6,324.7,17,5,12
2022-12-10 18:00:00,2,81.5,18,5,12
2022-12-10 19:00:00,2,118.30000000000001,19,5,12
2022-12-10 20:00:00,1,36.7,20,5,12
2022-12-10 21:00:00,3,112.1,21,5,12
2022-12-10 22:00:00,0,0.0,22,5,12
2022-12-10 23:00:00,1,34.7,23,5,12
2022-12-11 00:00:00,1,73.7,0,6,12
2022-12-11 01:00:00,1,59.2,1,6,12
2022-12-11 02:00:00,2,62.3,2,6,12
2022-12-11 03:00:00,0,0.0,3,6,12
2022-12-11 04:00:00,1,60.6,4,6,12
2022-12-11 05:00:00,2,107.30000000000001,5,6,12
2022-12-11 06:00:00,5,247.29999999999998,6,6,12
2022-12-11 07:00:00,6,294.1,7,6,12
2022-12-11 08:00:00,3,134.0,8,6,12
2022-12-11 09:00:00,7,324.5,9,6,12
2022-12-11 10:00:00,9,345.0,10,6,12
2022-12-11 11:00:00,6,244.10000000000002,11,6,12
2022-12-11 12:00:00,7,312.6,12,6,12
2022-12-11 13:00:00,6,294.1,13,6,12
2022-12-11 14:00:00,10,464.7,14,6,12
2022-12-11 15:00:00,3,149.0,15,6,12
2022-12-11 16:00:00,3,159.2,16,6,12
2022-12-11 17:00:00,2,121.5,17,6,12
2022-12-11 18:00:00,2,132.2,18,6,12
2022-12-11 19:00:00,1,34.5,19,6,12
2022-12-11 20:00:00,3,138.8,20,6,12
2022-12-11 21:00:00,4,276.9,21,6,12
2022-12-11 22:00:00,1,42.8,22,6,12
2022-12-11 23:00:00,1,35.3,23,6,12
2022-12-12 00:00:00,2,104.3,0,0,12
2022-12-12 01:00:00,0,0.0,1,0,12
2022-12-12 02:00:00,1,43.5,2,0,12
2022-12-12 03:00:00,1,48.9,3,0,12
2022-12-12 04:00:00,1,76.9,4,0,12
2022-12-12 05:00:00,1,49.1,5,0,12
2022-12-12 06:00:00,3,190.8,6,0,12
2022-12-12 07:00:00,2,69.9,7,0,12
2022-12-12 08:00:00,12,669.1,8,0,12
2022-12-12 09:00:00,14,633.0,9,0,12
2022-12-12 10:00:00,8,336.0,10,0,12
2022-12-12 11:00:00,13,635.1,11,0,12
2022-12-12 12:00:00,12,559.8,12,0,12
2022-12-12 13:00:00,7,376.5,13,0,12
2022-12-12 14:00:00,11,488.3,14,0,12
2022-12-12 15:00:00,9,441.5,15,0,12
2022-12-12 16:00:00,9,394.8,16,0,12
2022-12-12 17:00:00,5,251.0,17,0,12
2022-12-12 18:00:00,6,302.2,18,0,12
2022-12-12 19:00:00,4,217.4,19,0,12
2022-12-12 20:00:00,1,77.5,20,0,12
2022-12-12 21:00:00,5,235.8,21,0,12
2022-12-12 22:00:00,0,0.0,22,0,12
2022-12-12 23:00:00,2,100.8,23,0,12
2022-12-13 00:00:00,2,69.30000000000001,0,1,12
2022-12-13 01:00:00,0,0.0,1,1,12
2022-12-13 02:00:00,1,71.2,2,1,12
2022-12-13 03:00:00,1,77.1,3,1,12
2022-12-13 04:00:00,0,0.0,4,1,12
2022-12-13 05:00:00,2,113.2,5,1,12
2022-12-13 06:00:00,2,79.6,6,1,12
2022-12-13 07:00:00,4,173.4,7,1,12
2022-12-13 08:00:00,9,450.0,8,1,12
2022-12-13 09:00:00,11,531.2,9,1,12
2022-12-13 10:00:00,7,332.0,10,1,12
2022-12-13 11:00:00,11,542.7,11,1,12
2022-12-13 12:00:00,8,275.6,12,1,12
2022-12-13 13:00:00,6,282.4,13,1,12
2022-12-13 14:00:00,13,578.0,14,1,12
2022-12-13 15:00:00,11,527.4,15,1,12
2022-12-13 16:00:00,8,449.09999999999997,16,1,12
2022-12-13 17:00:00,6,385.6,17,1,12
2022-12-13 18:00:00,3,196.8,18,1,12
2022-12-13 19:00:00,3,141.7,19,1,12
2022-12-13 20:00:00,3,103.80000000000001,20,1,12
2022-12-13 21:00:00,1,50.8,21,1,12
2022-12-13 22:00:00,0,0.0,22,1,12
2022-12-13 23:00:00,1,46.1,23,1,12
2022-12-14 00:00:00,3,179.0,0,2,12
2022-12-14 01:00:00,0,0.0,1,2,12
2022-12-14 02:00:00,3,150.8,2,2,12
2022-12-14 03:00:00,2,103.5,3,2,12
2022-12-14 04:00:00,1,80.0,4,2,12
2022-12-14 05:00:00,1,47.3,5,2,12
2022-12-14 06:00:00,1,34.2,6,2,12
2022-12-14 07:00:00,3,106.4,7,2,12
2022-12-14 08:00:00,6,329.5,8,2,12
2022-12-14 09:00:00,1,46.5,9,2,12
2022-12-14 10:00:00,17,827.6,10,2,12
2022-12-14 11:00:00,13,594.9,11,2,12
2022-12-14 12:00:00,9,425.5,12,2,12
2022-12-14 13:00:00,7,356.4,13,2,12
2022-12-14 14:00:00,12,623.6,14,2,12
2022-12-14 15:00:00,9,488.20000000000005,15,2,12
2022-12-14 16:00:00,5,236.9,16,2,12
2022-12-14 17:00:00,9,432.8,17,2,12
2022-12-14 18:00:00,8,450.4,18,2,12
2022-12-14 19:00:00,4,170.6,19,2,12
2022-12-14 20:00:00,3,190.6,20,2,12
2022-12-14 21:00:00,0,0.0,21,2,12
2022-12-14 22:00:00,0,0.0,22,2,12
2022-12-14 23:00:00,0,0.0,23,2,12
2022-12-15 00:00:00,0,0.0,0,3,12
2022-12-15 01:00:00,1,51.6,1,3,12
2022-12-15 02:00:00,2,117.19999999999999,2,3,12
2022-12-15 03:00:00,0,0.0,3,3,12
2022-12-15 04:00:00,2,150.8,4,3,12
2022-12-15 05:00:00,1,34.7,5,3,12
2022-12-15 06:00:00,1,35.4,6,3,12
2022-12-15 07:00:00,5,257.29999999999995,7,3,12
2022-12-15 08:00:00,7,353.7,8,3,12
2022-12-15 09:00:00,12,546.6,9,3,12
2022-12-15 10:00:00,7,418.4,10,3,12
2022-12-15 11:00:00,10,453.7,11,3,12
2022-12-15 12:00:00,10,465.6,12,3,12
2022-12-15 13:00:00,8,318.9,13,3,12
2022-12-15 14:00:00,12,442.8,14,3,12
2022-12-15 15:00:00,7,341.4,15,3,12
2022-12-15 16:00:00,6,345.8,16,3,12
2022-12-15 17:00:00,10,352.2,17,3,12
2022-12-15 18:00:00,4,195.0,18,3,12
2022-12-15 19:00:00,2,80.0,19,3,12
2022-12-15 20:00:00,4,199.4,20,3,12
2022-12-15 21:00:00,3,120.0,21,3,12
2022-12-15 22:00:00,1,46.1,22,3,12
2022-12-15 23:00:00,1,80.0,23,3,12
2022-12-16 00:00:00,1,80.0,0,4,12
2022-12-16 01:00:00,1,48.7,1,4,12
2022-12-16 02:00:00,1,80.0,2,4,12
2022-12-16 03:00:00,0,0.0,3,4,12
2022-12-16 04:00:00,5,156.1,4,4,12
2022-12-16 05:00:00,4,179.0,5,4,12
2022-12-16 06:00:00,6,275.0,6,4,12
2022-12-16 07:00:00,5,282.6,7,4,12
2022-12-16 08:00:00,8,446.6,8,4,12
2022-12-16 09:00:00,11,640.9,9,4,12
2022-12-16 10:00:00,9,420.0,10,4,12
2022-12-16 11:00:00,10,442.5,11,4,12
2022-12-16 12:00:00,3,177.9,12,4,12
2022-12-16 13:00:00,9,439.7,13,4,12
2022-12-16 14:00:00,9,453.6,14,4,12
2022-12-16 15:00:00,12,582.6,15,4,12
2022-12-16 16:00:00,5,186.2,16,4,12
2022-12-16 17:00:00,5,315.4,17,4,12
2022-12-16 18:00:00,5,299.59999999999997,18,4,12
2022-12-16 19:00:00,5,242.60000000000002,19,4,12
2022-12-16 20:00:00,0,0.0,20,4,12
2022-12-16 21:00:00,2,74.0,21,4,12
2022-12-16 22:00:00,0,0.0,22,4,12
2022-12-16 23:00:00,0,0.0,23,4,12
2022-12-17 00:00:00,0,0.0,0,5,12
2022-12-17 01:00:00,0,0.0,1,5,12
2022-12-17 02:00:00,1,59.3,2,5,12
2022-12-17 03:00:00,0,0.0,3,5,12
2022-12-17 04:00:00,1,34.6,4,5,12
2022-12-17 05:00:00,2,83.1,5,5,12
2022-12-17 06:00:00,3,173.7,6,5,12
2022-12-17 07:00:00,4,134.8,7,5,12
2022-12-17 08:00:00,6,382.70000000000005,8,5,12
2022-12-17 09:00:00,7,268.8,9,5,12
2022-12-17 10:00:00,7,383.4,10,5,12
2022-12-17 11:00:00,5,242.5,11,5,12
2022-12-17 12:00:00,11,612.1,12,5,12
2022-12-17 13:00:00,6,270.2,13,5,12
2022-12-17 14:00:00,8,444.6,14,5,12
2022-12-17 15:00:00,4,275.1,15,5,12
2022-12-17 16:00:00,8,385.9,16,5,12
2022-12-17 17:00:00,3,166.5,17,5,12
2022-12-17 18:00:00,2,71.4,18,5,12
2022-12-17 19:00:00,5,241.2,19,5,12
2022-12-17 20:00:00,2,76.5,20,5,12
2022-12-17 21:00:00,2,75.9,21,5,12
2022-12-17 22:00:00,0,0.0,22,5,12
2022-12-17 23:00:00,2,117.5,23,5,12
2022-12-18 00:00:00,1,50.0,0,6,12
2022-12-18 01:00:00,1,55.5,1,6,12
2022-12-18 02:00:00,0,0.0,2,6,12
2022-12-18 03:00:00,0,0.0,3,6,12
2022-12-18 04:00:00,0,0.0,4,6,12
2022-12-18 05:00:00,0,0.0,5,6,12
2022-12-18 06:00:00,2,87.2,6,6,12
2022-12-18 07:00:00,2,67.1,7,6,12
2022-12-18 08:00:00,9,454.1,8,6,12
2022-12-18 09:00:00,4,219.3,9,6,12
2022-12-18 10:00:00,4,193.8,10,6,12
2022-12-18 11:00:00,12,525.9,11,6,12
2022-12-18 12:00:00,8,367.1,12,6,12
2022-12-18 13:00:00,3,162.7,13,6,12
2022-12-18 14:00:00,7,285.4,14,6,12
2022-12-18 15:00:00,7,365.1,15,6,12
2022-12-18 16:00:00,10,415.0,16,6,12
2022-12-18 17:00:00,4,190.29999999999998,17,6,12
2022-12-18 18:00:00,2,113.5,18,6,12
2022-12-18 19:00:00,2,65.0,19,6,12
2022-12-18 20:00:00,2,117.3,20,6,12
2022-12-18 21:00:00,1,49.8,21,6,12
2022-12-18 22:00:00,2,110.2,22,6,12
2022-12-18 23:00:00,1,46.6,23,6,12
2022-12-19 00:00:00,2,159.6,0,0,12
2022-12-19 01:00:00,2,68.8,1,0,12
2022-12-19 02:00:00,0,0.0,2,0,12
2022-12-19 03:00:00,2,108.3,3,0,12
2022-12-19 04:00:00,3,142.9,4,0,12
2022-12-19 05:00:00,2,65.69999999999999,5,0,12
2022-12-19 06:00:00,6,235.2,6,0,12
2022-12-19 07:00:00,8,363.6,7,0,12
2022-12-19 08:00:00,4,147.5,8,0,12
2022-12-19 09:00:00,12,613.6,9,0,12
2022-12-19 10:00:00,13,520.7,10,0,12
2022-12-19 11:00:00,9,487.0,11,0,12
2022-12-19 12:00:00,11,493.5,12,0,12
2022-12-19 13:00:00,4,159.9,13,0,12
2022-12-19 14:00:00,9,613.0,14,0,12
2022-12-19 15:00:00,7,380.7,15,0,12
2022-12-19 16:00:00,5,238.2,16,0,12
2022-12-19 17:00:00,8,314.4,17,0,12
2022-12-19 18:00:00,7,356.9,18,0,12
2022-12-19 19:00:00,4,173.0,19,0,12
2022-12-19 20:00:00,3,131.10000000000002,20,0,12
2022-12-19 21:00:00,4,145.0,21,0,12
2022-12-19 22:00:00,2,91.6,22,0,12
2022-12-19 23:00:00,2,102.6,23,0,12
2022-12-20 00:00:00,1,77.0,0,1,12
2022-12-20 01:00:00,3,102.5,1,1,12
2022-12-20 02:00:00,1,78.0,2,1,12
2022-12-20 03:00:00,2,96.6,3,1,12
2022-12-20 04:00:00,1,43.6,4,1,12
2022-12-20 05:00:00,3,114.3,5,1,12
2022-12-20 06:00:00,1,45.0,6,1,12
2022-12-20 07:00:00,6,337.5,7,1,12
2022-12-20 08:00:00,4,184.5,8,1,12
2022-12-20 09:00:00,7,277.6,9,1,12
2022-12-20 10:00:00,12,636.3,10,1,12
2022-12-20 11:00:00,10,458.0,11,1,12
2022-12-20 12:00:00,9,427.3,12,1,12
2022-12-20 13:00:00,8,344.3,13,1,12
2022-12-20 14:00:00,10,548.3,14,1,12
2022-12-20 15:00:00,9,426.1,15,1,12
2022-12-20 16:00:00,9,421.8,16,1,12
2022-12-20 17:00:00,7,264.7,17,1,12
2022-12-20 18:00:00,2,115.30000000000001,18,1,12
2022-12-20 19:00:00,3,154.79999999999998,19,1,12
2022-12-20 20:00:00,2,112.2,20,1,12
2022-12-20 21:00:00,2,107.6,21,1,12
2022-12-20 22:00:00,0,0.0,22,1,12
2022-12-20 23:00:00,0,0.0,23,1,12
2022-12-21 00:00:00,1,31.7,0,2,12
2022-12-21 01:00:00,0,0.0,1,2,12
2022-12-21 02:00:00,3,183.1,2,2,12
2022-12-21 03:00:00,0,0.0,3,2,12
2022-12-21 04:00:00,0,0.0,4,2,12
2022-12-21 05:00:00,1,30.8,5,2,12
2022-12-21 06:00:00,2,126.8,6,2,12
2022-12-21 07:00:00,3,120.0,7,2,12
2022-12-21 08:00:00,6,255.3,8,2,12
2022-12-21 09:00:00,9,415.9,9,2,12
2022-12-21 10:00:00,9,441.9,10,2,12
2022-12-21 11:00:00,16,669.5,11,2,12
2022-12-21 12:00:00,7,302.5,12,2,12
2022-12-21 13:00:00,8,328.8,13,2,12
2022-12-21 14:00:00,10,462.1,14,2,12
2022-12-21 15:00:00,8,369.8,15,2,12
2022-12-21 16:00:00,5,287.7,16,2,12
2022-12-21 17:00:00,5,162.0,17,2,12
2022-12-21 18:00:00,8,370.40000000000003,18,2,12
2022-12-21 19:00:00,4,165.0,19,2,12
2022-12-21 20:00:00,4,205.4,20,2,12
2022-12-21 21:00:00,6,325.3,21,2,12
2022-12-21 22:00:00,0,0.0,22,2,12
2022-12-21 23:00:00,2,128.7,23,2,12
2022-12-22 00:00:00,2,102.2,0,3,12
2022-12-22 01:00:00,1,34.1,1,3,12
2022-12-22 02:00:00,1,80.0,2,3,12
2022-12-22 03:00:00,1,51.2,3,3,12
2022-12-22 04:00:00,2,74.4,4,3,12
2022-12-22 05:00:00,4,148.89999999999998,5,3,12
2022-12-22 06:00:00,5,205.8,6,3,12
2022-12-22 07:00:00,5,257.0,7,3,12
2022-12-22 08:00:00,3,133.3,8,3,12
2022-12-22 09:00:00,8,347.4,9,3,12
2022-12-22 10:00:00,8,417.7,10,3,12
2022-12-22 11:00:00,4,234.0,11,3,12
2022-12-22 12:00:00,13,616.1999999999999,12,3,12
2022-12-22 13:00:00,9,502.6,13,3,12
2022-12-22 14:00:00,11,499.6,14,3,12
2022-12-22 15:00:00,13,690.8,15,3,12
2022-12-22 16:00:00,7,271.09999999999997,16,3,12
2022-12-22 17:00:00,8,424.7,17,3,12
2022-12-22 18:00:00,16,686.9,18,3,12
2022-12-22 19:00:00,3,121.4,19,3,12
2022-12-22 20:00:00,4,201.1,20,3,12
2022-12-22 21:00:00,2,109.1,21,3,12
2022-12-22 22:00:00,4,161.9,22,3,12
2022-12-22 23:00:00,2,63.4,23,3,12
2022-12-23 00:00:00,4,260.6,0,4,12
2022-12-23 01:00:00,1,26.2,1,4,12
2022-12-23 02:00:00,0,0.0,2,4,12
2022-12-23 03:00:00,4,199.7,3,4,12
2022-12-23 04:00:00,0,0.0,4,4,12
2022-12-23 05:00:00,7,279.2,5,4,12
2022-12-23 06:00:00,2,126.5,6,4,12
2022-12-23 07:00:00,2,117.8,7,4,12
2022-12-23 08:00:00,6,257.3,8,4,12
2022-12-23 09:00:00,4,198.0,9,4,12
2022-12-23 10:00:00,14,706.0,10,4,12
2022-12-23 11:00:00,13,649.0,11,4,12
2022-12-23 12:00:00,13,600.1,12,4,12
2022-12-23 13:00:00,7,286.7,13,4,12
2022-12-23 14:00:00,12,662.5,14,4,12
2022-12-23 15:00:00,5,296.79999999999995,15,4,12
2022-12-23 16:00:00,11,610.3,16,4,12
2022-12-23 17:00:00,7,406.2,17,4,12
2022-12-23 18:00:00,5,257.0,18,4,12
2022-12-23 19:00:00,5,273.7,19,4,12
2022-12-23 20:00:00,3,119.0,20,4,12
2022-12-23 21:00:00,0,0.0,21,4,12
2022-12-23 22:00:00,3,107.9,22,4,12
2022-12-23 23:00:00,0,0.0,23,4,12
2022-12-24 00:00:00,1,34.3,0,5,12
2022-12-24 01:00:00,0,0.0,1,5,12
2022-12-24 02:00:00,1,31.1,2,5,12
2022-12-24 03:00:00,1,35.5,3,5,12
2022-12-24 04:00:00,0,0.0,4,5,12
2022-12-24 05:00:00,3,145.9,5,5,12
2022-12-24 06:00:00,0,0.0,6,5,12
2022-12-24 07:00:00,4,257.2,7,5,12
2022-12-24 08:00:00,10,537.1,8,5,12
2022-12-24 09:00:00,10,560.1,9,5,12
2022-12-24 10:00:00,13,709.7,10,5,12
2022-12-24 11:00:00,3,134.7,11,5,12
2022-12-24 12:00:00,9,340.8,12,5,12
2022-12-24 13:00:00,6,318.2,13,5,12
2022-12-24 14:00:00,8,341.1,14,5,12
2022-12-24 15:00:00,10,478.0,15,5,12
2022-12-24 16:00:00,6,252.2,16,5,12
2022-12-24 17:00:00,5,348.4,17,5,12
2022-12-24 18:00:00,3,162.5,18,5,12
2022-12-24 19:00:00,2,70.6,19,5,12
2022-12-24 20:00:00,1,80.0,20,5,12
2022-12-24 21:00:00,4,197.0,21,5,12
2022-12-24 22:00:00,0,0.0,22,5,12
2022-12-24 23:00:00,2,86.1,23,5,12
2022-12-25 00:00:00,1,46.2,0,6,12
2022-12-25 01:00:00,0,0.0,1,6,12
2022-12-25 02:00:00,2,74.6,2,6,12
2022-12-25 03:00:00,0,0.0,3,6,12
2022-12-25 04:00:00,0,0.0,4,6,12
2022-12-25 05:00:00,3,130.9,5,6,12
2022-12-25 06:00:00,4,187.3,6,6,12
2022-12-25 07:00:00,1,34.4,7,6,12
2022-12-25 08:00:00,6,297.7,8,6,12
2022-12-25 09:00:00,4,240.4,9,6,12
2022-12-25 10:00:00,4,156.9,10,6,12
2022-12-25 11:00:00,4,204.4,11,6,12
2022-12-25 12:00:00,6,272.3,12,6,12
2022-12-25 13:00:00,10,503.1,13,6,12
2022-12-25 14:00:00,6,327.3,14,6,12
2022-12-25 15:00:00,10,420.6,15,6,12
2022-12-25 16:00:00,3,240.0,16,6,12
2022-12-25 17:00:00,2,129.9,17,6,12
2022-12-25 18:00:00,6,244.9,18,6,12
2022-12-25 19:00:00,3,155.6,19,6,12
2022-12-25 20:00:00,4,199.2,20,6,12
2022-12-25 21:00:00,0,0.0,21,6,12
2022-12-25 22:00:00,2,108.0,22,6,12
2022-12-25 23:00:00,3,95.8,23,6,12
2022-12-26 00:00:00,1,27.6,0,0,12
2022-12-26 01:00:00,0,0.0,1,0,12
2022-12-26 02:00:00,2,110.9,2,0,12
2022-12-26 03:00:00,1,80.0,3,0,12
2022-12-26 04:00:00,0,0.0,4,0,12
2022-12-26 05:00:00,5,257.4,5,0,12
2022-12-26 06:00:00,3,134.5,6,0,12
2022-12-26 07:00:00,6,227.3,7,0,12
2022-12-26 08:00:00,4,183.9,8,0,12
2022-12-26 09:00:00,11,465.7,9,0,12
2022-12-26 10:00:00,12,701.2,10,0,12
2022-12-26 11:00:00,6,253.1,11,0,12
2022-12-26 12:00:00,10,509.9,12,0,12
2022-12-26 13:00:00,12,488.5,13,0,12
2022-12-26 14:00:00,13,694.0,14,0,12
2022-12-26 15:00:00,7,370.1,15,0,12
2022-12-26 16:00:00,9,449.9,16,0,12
2022-12-26 17:00:00,5,233.1,17,0,12
2022-12-26 18:00:00,4,181.7,18,0,12
2022-12-26 19:00:00,7,395.5,19,0,12
2022-12-26 20:00:00,3,103.30000000000001,20,0,12
2022-12-26 21:00:00,2,82.0,21,0,12
2022-12-26 22:00:00,1,59.2,22,0,12
2022-12-26 23:00:00,0,0.0,23,0,12
2022-12-27 00:00:00,1,34.5,0,1,12
2022-12-27 01:00:00,1,35.9,1,1,12
2022-12-27 02:00:00,3,194.2,2,1,12
2022-12-27 03:00:00,0,0.0,3,1,12
2022-12-27 04:00:00,2,81.69999999999999,4,1,12
2022-12-27 05:00:00,0,0.0,5,1,12
2022-12-27 06:00:00,6,284.4,6,1,12
2022-12-27 07:00:00,6,291.1,7,1,12
2022-12-27 08:00:00,6,248.60000000000002,8,1,12
2022-12-27 09:00:00,7,379.3,9,1,12
2022-12-27 10:00:00,7,378.9,10,1,12
2022-12-27 11:00:00,6,303.6,11,1,12
2022-12-27 12:00:00,8,410.5,12,1,12
2022-12-27 13:00:00,9,487.90000000000003,13,1,12
2022-12-27 14:00:00,10,485.4,14,1,12
2022-12-27 15:00:00,14,854.5,15,1,12
2022-12-27 16:00:00,9,500.3,16,1,12
2022-12-27 17:00:00,10,498.0,17,1,12
2022-12-27 18:00:00,6,344.5,18,1,12
2022-12-27 19:00:00,5,282.9,19,1,12
2022-12-27 20:00:00,2,112.3,20,1,12
2022-12-27 21:00:00,3,148.7,21,1,12
2022-12-27 22:00:00,2,118.1,22,1,12
2022-12-27 23:00:00,1,31.1,23,1,12
2022-12-28 00:00:00,2,85.8,0,2,12
2022-12-28 01:00:00,1,36.9,1,2,12
2022-12-28 02:00:00,1,33.7,2,2,12
2022-12-28 03:00:00,1,38.2,3,2,12
2022-12-28 04:00:00,2,71.6,4,2,12
2022-12-28 05:00:00,3,184.8,5,2,12
2022-12-28 06:00:00,3,100.7,6,2,12
2022-12-28 07:00:00,5,221.7,7,2,12
2022-12-28 08:00:00,6,285.1,8,2,12
2022-12-28 09:00:00,10,532.1,9,2,12
2022-12-28 10:00:00,16,708.5,10,2,12
2022-12-28 11:00:00,8,423.2,11,2,12
2022-12-28 12:00:00,6,282.9,12,2,12
2022-12-28 13:00:00,9,375.7,13,2,12
2022-12-28 14:00:00,7,331.6,14,2,12
2022-12-28 15:00:00,10,538.4,15,2,12
2022-12-28 16:00:00,7,349.0,16,2,12
2022-12-28 17:00:00,10,413.0,17,2,12
2022-12-28 18:00:00,6,382.5,18,2,12
2022-12-28 19:00:00,6,195.8,19,2,12
2022-12-28 20:00:00,2,123.69999999999999,20,2,12
2022-12-28 21:00:00,1,33.8,21,2,12
2022-12-28 22:00:00,1,31.5,22,2,12
2022-12-28 23:00:00,1,46.1,23,2,12
2022-12-29 00:00:00,1,78.1,0,3,12
2022-12-29 01:00:00,1,35.4,1,3,12
2022-12-29 02:00:00,3,157.60000000000002,2,3,12
2022-12-29 03:00:00,1,74.5,3,3,12
2022-12-29 04:00:00,0,0.0,4,3,12
2022-12-29 05:00:00,2,69.6,5,3,12
2022-12-29 06:00:00,4,176.3,6,3,12
2022-12-29 07:00:00,5,262.0,7,3,12
2022-12-29 08:00:00,6,357.4,8,3,12
2022-12-29 09:00:00,9,448.0,9,3,12
2022-12-29 10:00:00,4,197.3,10,3,12
2022-12-29 11:00:00,8,383.59999999999997,11,3,12
2022-12-29 12:00:00,10,596.6999999999999,12,3,12
2022-12-29 13:00:00,10,482.4,13,3,12
2022-12-29 14:00:00,4,241.1,14,3,12
2022-12-29 15:00:00,11,514.1,15,3,12
2022-12-29 16:00:00,4,216.9,16,3,12
2022-12-29 17:00:00,4,194.7,17,3,12
2022-12-29 18:00:00,3,126.6,18,3,12
2022-12-29 19:00:00,2,110.7,19,3,12
2022-12-29 20:00:00,3,156.8,20,3,12
2022-12-29 21:00:00,2,92.7,21,3,12
2022-12-29 22:00:00,3,145.7,22,3,12
2022-12-29 23:00:00,1,49.3,23,3,12
2022-12-30 00:00:00,2,135.2,0,4,12
2022-12-30 01:00:00,1,52.9,1,4,12
2022-12-30 02:00:00,1,45.0,2,4,12
2022-12-30 03:00:00,1,34.4,3,4,12
2022-12-30 04:00:00,0,0.0,4,4,12
2022-12-30 05:00:00,2,114.3,5,4,12
2022-12-30 06:00:00,5,243.2,6,4,12
2022-12-30 07:00:00,4,265.2,7,4,12
2022-12-30 08:00:00,9,436.1,8,4,12
2022-12-30 09:00:00,10,432.7,9,4,12
2022-12-30 10:00:00,7,316.5,10,4,12
2022-12-30 11:00:00,12,625.7,11,4,12
2022-12-30 12:00:00,7,280.3,12,4,12
2022-12-30 13:00:00,12,632.0,13,4,12
2022-12-30 14:00:00,6,362.79999999999995,14,4,12
2022-12-30 15:00:00,7,314.90000000000003,15,4,12
2022-12-30 16:00:00,9,455.3,16,4,12
2022-12-30 17:00:00,4,237.4,17,4,12
2022-12-30 18:00:00,7,309.1,18,4,12
2022-12-30 19:00:00,3,172.4,19,4,12
2022-12-30 20:00:00,4,210.5,20,4,12
2022-12-30 21:00:00,1,30.9,21,4,12
2022-12-30 22:00:00,1,59.7,22,4,12
2022-12-30 23:00:00,1,76.8,23,4,12
2022-12-31 00:00:00,3,144.89999999999998,0,5,12
2022-12-31 01:00:00,0,0.0,1,5,12
2022-12-31 02:00:00,0,0.0,2,5,12
2022-12-31 03:00:00,0,0.0,3,5,12
2022-12-31 04:00:00,0,0.0,4,5,12
2022-12-31 05:00:00,2,80.7,5,5,12
2022-12-31 06:00:00,0,0.0,6,5,12
2022-12-31 07:00:00,1,49.4,7,5,12
2022-12-31 08:00:00,4,152.7,8,5,12
2022-12-31 09:00:00,5,247.6,9,5,12
2022-12-31 10:00:00,11,519.0,10,5,12
2022-12-31 11:00:00,7,363.1,11,5,12
2022-12-31 12:00:00,11,565.5,12,5,12
2022-12-31 13:00:00,6,281.8,13,5,12
2022-12-31 14:00:00,7,413.8,14,5,12
2022-12-31 15:00:00,12,560.4,15,5,12
2022-12-31 16:00:00,4,203.7,16,5,12
2022-12-31 17:00:00,4,205.5,17,5,12
2022-12-31 18:00:00,6,276.7,18,5,12
2022-12-31 19:00:00,3,176.2,19,5,12
2022-12-31 20:00:00,2,80.2,20,5,12
2022-12-31 21:00:00,2,109.2,21,5,12
2022-12-31 22:00:00,0,0.0,22,5,12
2022-12-31 23:00:00,1,37.1,23,5,12
2023-01-01 00:00:00,3,123.7,0,6,1
2023-01-01 01:00:00,6,242.2,1,6,1
2023-01-01 02:00:00,1,33.2,2,6,1
2023-01-01 03:00:00,4,181.3,3,6,1
2023-01-01 04:00:00,1,32.3,4,6,1
2023-01-01 05:00:00,0,0.0,5,6,1
2023-01-01 06:00:00,3,96.9,6,6,1
2023-01-01 07:00:00,4,159.2,7,6,1
2023-01-01 08:00:00,10,498.0,8,6,1
2023-01-01 09:00:00,14,716.6,9,6,1
2023-01-01 10:00:00,18,913.2,10,6,1
2023-01-01 11:00:00,17,764.9,11,6,1
2023-01-01 12:00:00,15,719.9,12,6,1
2023-01-01 13:00:00,9,354.59999999999997,13,6,1
2023-01-01 14:00:00,15,630.9,14,6,1
2023-01-01 15:00:00,9,400.4,15,6,1
2023-01-01 16:00:00,14,747.3,16,6,1
2023-01-01 17:00:00,9,441.6,17,6,1
2023-01-01 18:00:00,8,369.9,18,6,1
2023-01-01 19:00:00,9,423.5,19,6,1
2023-01-01 20:00:00,7,292.3,20,6,1
2023-01-01 21:00:00,3,192.0,21,6,1
2023-01-01 22:00:00,3,119.9,22,6,1
2023-01-01 23:00:00,1,45.8,23,6,1
2023-01-02 00:00:00,1,58.5,0,0,1
2023-01-02 01:00:00,0,0.0,1,0,1
2023-01-02 02:00:00,1,34.6,2,0,1
2023-01-02 03:00:00,3,228.10000000000002,3,0,1
2023-01-02 04:00:00,4,171.10000000000002,4,0,1
2023-01-02 05:00:00,3,138.1,5,0,1
2023-01-02 06:00:00,9,394.1,6,0,1
2023-01-02 07:00:00,10,625.5,7,0,1
2023-01-02 08:00:00,16,809.7,8,0,1
2023-01-02 09:00:00,22,915.8,9,0,1
2023-01-02 10:00:00,22,1013.3,10,0,1
2023-01-02 11:00:00,19,982.1,11,0,1
2023-01-02 12:00:00,19,955.2,12,0,1
2023-01-02 13:00:00,20,904.4,13,0,1
2023-01-02 14:00:00,22,993.5,14,0,1
2023-01-02 15:00:00,18,900.9,15,0,1
2023-01-02 16:00:00,10,476.20000000000005,16,0,1
2023-01-02 17:00:00,10,429.3,17,0,1
2023-01-02 18:00:00,7,336.9,18,0,1
2023-01-02 19:00:00,7,327.40000000000003,19,0,1
2023-01-02 20:00:00,7,371.9,20,0,1
2023-01-02 21:00:00,7,387.1,21,0,1
2023-01-02 22:00:00,3,112.0,22,0,1
2023-01-02 23:00:00,0,0.0,23,0,1
2023-01-03 00:00:00,1,46.7,0,1,1
2023-01-03 01:00:00,1,80.0,1,1,1
2023-01-03 02:00:00,3,106.4,2,1,1
2023-01-03 03:00:00,4,165.0,3,1,1
2023-01-03 04:00:00,1,32.0,4,1,1
2023-01-03 05:00:00,4,126.9,5,1,1
2023-01-03 06:00:00,3,155.8,6,1,1
2023-01-03 07:00:00,12,490.3,7,1,1
2023-01-03 08:00:00,17,851.4,8,1,1
2023-01-03 09:00:00,19,893.4,9,1,1
2023-01-03 10:00:00,31,1422.0,10,1,1
2023-01-03 11:00:00,26,1085.7,11,1,1
2023-01-03 12:00:00,15,748.6,12,1,1
2023-01-03 13:00:00,31,1507.3,13,1,1
2023-01-03 14:00:00,19,941.1,14,1,1
2023-01-03 15:00:00,15,755.2,15,1,1
2023-01-03 16:00:00,13,579.5,16,1,1
2023-01-03 17:00:00,10,468.3,17,1,1
2023-01-03 18:00:00,15,720.3,18,1,1
2023-01-03 19:00:00,5,247.4,19,1,1
2023-01-03 20:00:00,4,118.5,20,1,1
2023-01-03 21:00:00,5,261.8,21,1,1
2023-01-03 22:00:00,2,157.4,22,1,1
2023-01-03 23:00:00,1,42.1,23,1,1
2023-01-04 00:00:00,4,168.2,0,2,1
2023-01-04 01:00:00,4,270.8,1,2,1
2023-01-04 02:00:00,4,215.79999999999998,2,2,1
2023-01-04 03:00:00,1,27.6,3,2,1
2023-01-04 04:00:00,2,160.0,4,2,1
2023-01-04 05:00:00,3,165.1,5,2,1
2023-01-04 06:00:00,8,358.8,6,2,1
2023-01-04 07:00:00,11,520.7,7,2,1
2023-01-04 08:00:00,9,378.0,8,2,1
2023-01-04 09:00:00,13,581.2,9,2,1
2023-01-04 10:00:00,18,802.4,10,2,1
2023-01-04 11:00:00,17,808.9,11,2,1
2023-01-04 12:00:00,26,1338.8,12,2,1
2023-01-04 13:00:00,21,1092.3,13,2,1
2023-01-04 14:00:00,17,699.8,14,2,1
2023-01-04 15:00:00,18,854.2,15,2,1
2023-01-04 16:00:00,22,986.8,16,2,1
2023-01-04 17:00:00,17,853.5,17,2,1
2023-01-04 18:00:00,9,353.9,18,2,1
2023-01-04 19:00:00,9,469.2,19,2,1
2023-01-04 20:00:00,5,244.5,20,2,1
2023-01-04 21:00:00,4,161.5,21,2,1
2023-01-04 22:00:00,3,113.3,22,2,1
2023-01-04 23:00:00,3,239.0,23,2,1
2023-01-05 00:00:00,0,0.0,0,3,1
2023-01-05 01:00:00,2,115.5,1,3,1
2023-01-05 02:00:00,1,47.9,2,3,1
2023-01-05 03:00:00,2,160.0,3,3,1
2023-01-05 04:00:00,1,72.4,4,3,1
2023-01-05 05:00:00,1,64.9,5,3,1
2023-01-05 06:00:00,4,237.0,6,3,1
2023-01-05 07:00:00,12,599.5,7,3,1
2023-01-05 08:00:00,14,571.8,8,3,1
2023-01-05 09:00:00,16,697.9,9,3,1
2023-01-05 10:00:00,26,1120.7,10,3,1
2023-01-05 11:00:00,20,893.8,11,3,1
2023-01-05 12:00:00,32,1656.7,12,3,1
2023-01-05 13:00:00,25,1272.9,13,3,1
2023-01-05 14:00:00,21,1024.3,14,3,1
2023-01-05 15:00:00,20,929.9,15,3,1
2023-01-05 16:00:00,27,1086.0,16,3,1
2023-01-05 17:00:00,14,720.8,17,3,1
2023-01-05 18:00:00,9,413.8,18,3,1
2023-01-05 19:00:00,10,556.0,19,3,1
2023-01-05 20:00:00,4,156.0,20,3,1
2023-01-05 21:00:00,7,323.7,21,3,1
2023-01-05 22:00:00,0,0.0,22,3,1
2023-01-05 23:00:00,2,66.3,23,3,1
2023-01-06 00:00:00,5,315.3,0,4,1
2023-01-06 01:00:00,7,288.6,1,4,1
2023-01-06 02:00:00,1,54.0,2,4,1
2023-01-06 03:00:00,4,152.0,3,4,1
2023-01-06 04:00:00,1,49.5,4,4,1
2023-01-06 05:00:00,7,334.6,5,4,1
2023-01-06 06:00:00,6,229.5,6,4,1
2023-01-06 07:00:00,6,276.7,7,4,1
2023-01-06 08:00:00,17,681.6,8,4,1
2023-01-06 09:00:00,17,873.3,9,4,1
2023-01-06 10:00:00,24,935.4,10,4,1
2023-01-06 11:00:00,21,973.4,11,4,1
2023-01-06 12:00:00,17,861.6,12,4,1
2023-01-06 13:00:00,20,1041.5,13,4,1
2023-01-06 14:00:00,22,1025.1,14,4,1
2023-01-06 15:00:00,17,895.6,15,4,1
2023-01-06 16:00:00,16,737.7,16,4,1
2023-01-06 17:00:00,19,925.6,17,4,1
2023-01-06 18:00:00,7,309.5,18,4,1
2023-01-06 19:00:00,7,301.9,19,4,1
2023-01-06 20:00:00,6,331.2,20,4,1
2023-01-06 21:00:00,7,355.3,21,4,1
2023-01-06 22:00:00,1,32.8,22,4,1
2023-01-06 23:00:00,1,51.3,23,4,1
2023-01-07 00:00:00,2,82.5,0,5,1
2023-01-07 01:00:00,1,80.0,1,5,1
2023-01-07 02:00:00,4,199.60000000000002,2,5,1
2023-01-07 03:00:00,2,128.7,3,5,1
2023-01-07 04:00:00,2,155.9,4,5,1
2023-01-07 05:00:00,3,149.9,5,5,1
2023-01-07 06:00:00,6,245.5,6,5,1
2023-01-07 07:00:00,8,368.2,7,5,1
2023-01-07 08:00:00,7,323.0,8,5,1
2023-01-07 09:00:00,11,448.3,9,5,1
2023-01-07 10:00:00,21,1054.6,10,5,1
2023-01-07 11:00:00,16,834.4,11,5,1
2023-01-07 12:00:00,16,754.5,12,5,1
2023-01-07 13:00:00,16,779.0,13,5,1
2023-01-07 14:00:00,21,1001.8000000000001,14,5,1
2023-01-07 15:00:00,15,633.8,15,5,1
2023-01-07 16:00:00,12,569.7,16,5,1
2023-01-07 17:00:00,13,521.4,17,5,1
2023-01-07 18:00:00,10,493.9,18,5,1
2023-01-07 19:00:00,4,170.8,19,5,1
2023-01-07 20:00:00,6,244.8,20,5,1
2023-01-07 21:00:00,5,231.0,21,5,1
2023-01-07 22:00:00,1,30.3,22,5,1
2023-01-07 23:00:00,3,104.5,23,5,1
2023-01-08 00:00:00,1,43.9,0,6,1
2023-01-08 01:00:00,1,43.8,1,6,1
2023-01-08 02:00:00,1,31.5,2,6,1
2023-01-08 03:00:00,4,136.0,3,6,1
2023-01-08 04:00:00,4,238.4,4,6,1
2023-01-08 05:00:00,3,106.5,5,6,1
2023-01-08 06:00:00,6,236.9,6,6,1
2023-01-08 07:00:00,5,233.7,7,6,1
2023-01-08 08:00:00,11,490.9,8,6,1
2023-01-08 09:00:00,11,496.6,9,6,1
2023-01-08 10:00:00,23,1191.1,10,6,1
2023-01-08 11:00:00,14,621.2,11,6,1
2023-01-08 12:00:00,13,618.9,12,6,1
2023-01-08 13:00:00,10,431.4,13,6,1
2023-01-08 14:00:00,15,761.6,14,6,1
2023-01-08 15:00:00,15,733.5,15,6,1
2023-01-08 16:00:00,12,583.7,16,6,1
2023-01-08 17:00:00,15,700.0,17,6,1
2023-01-08 18:00:00,9,478.3,18,6,1
2023-01-08 19:00:00,5,246.6,19,6,1
2023-01-08 20:00:00,6,224.2,20,6,1
2023-01-08 21:00:00,1,33.7,21,6,1
2023-01-08 22:00:00,1,80.0,22,6,1
2023-01-08 23:00:00,1,71.3,23,6,1
2023-01-09 00:00:00,0,0.0,0,0,1
2023-01-09 01:00:00,1,30.6,1,0,1
2023-01-09 02:00:00,2,63.3,2,0,1
2023-01-09 03:00:00,2,85.0,3,0,1
2023-01-09 04:00:00,3,139.9,4,0,1
2023-01-09 05:00:00,5,179.2,5,0,1
2023-01-09 06:00:00,8,343.2,6,0,1
2023-01-09 07:00:00,6,292.1,7,0,1
2023-01-09 08:00:00,10,518.2,8,0,1
2023-01-09 09:00:00,16,678.4,9,0,1
2023-01-09 10:00:00,23,1092.4,10,0,1
2023-01-09 11:00:00,24,1044.4,11,0,1
2023-01-09 12:00:00,23,1189.1,12,0,1
2023-01-09 13:00:00,23,1113.3,13,0,1
2023-01-09 14:00:00,21,944.7,14,0,1
2023-01-09 15:00:00,16,675.3,15,0,1
2023-01-09 16:00:00,30,1576.2,16,0,1
2023-01-09 17:00:00,16,750.8000000000001,17,0,1
2023-01-09 18:00:00,11,552.6,18,0,1
2023-01-09 19:00:00,11,563.2,19,0,1
2023-01-09 20:00:00,6,248.4,20,0,1
2023-01-09 21:00:00,3,154.29999999999998,21,0,1
2023-01-09 22:00:00,3,134.7,22,0,1
2023-01-09 23:00:00,0,0.0,23,0,1
2023-01-10 00:00:00,3,106.5,0,1,1
2023-01-10 01:00:00,3,95.60000000000001,1,1,1
2023-01-10 02:00:00,0,0.0,2,1,1
2023-01-10 03:00:00,2,85.7,3,1,1
2023-01-10 04:00:00,6,266.2,4,1,1
2023-01-10 05:00:00,4,206.5,5,1,1
2023-01-10 06:00:00,11,543.9,6,1,1
2023-01-10 07:00:00,13,749.0,7,1,1
2023-01-10 08:00:00,11,497.3,8,1,1
2023-01-10 09:00:00,22,1191.7,9,1,1
2023-01-10 10:00:00,16,848.7,10,1,1
2023-01-10 11:00:00,16,739.7,11,1,1
2023-01-10 12:00:00,20,1099.9,12,1,1
2023-01-10 13:00:00,20,1010.2,13,1,1
2023-01-10 14:00:00,25,1180.2,14,1,1
2023-01-10 15:00:00,15,597.3,15,1,1
2023-01-10 16:00:00,15,694.4,16,1,1
2023-01-10 17:00:00,17,869.3,17,1,1
2023-01-10 18:00:00,11,533.0,18,1,1
2023-01-10 19:00:00,8,413.79999999999995,19,1,1
2023-01-10 20:00:00,9,425.1,20,1,1
2023-01-10 21:00:00,7,273.2,21,1,1
2023-01-10 22:00:00,6,355.9,22,1,1
2023-01-10 23:00:00,3,168.7,23,1,1
2023-01-11 00:00:00,0,0.0,0,2,1
2023-01-11 01:00:00,2,102.4,1,2,1
2023-01-11 02:00:00,2,115.9,2,2,1
2023-01-11 03:00:00,1,51.8,3,2,1
2023-01-11 04:00:00,3,142.5,4,2,1
2023-01-11 05:00:00,3,110.0,5,2,1
2023-01-11 06:00:00,8,379.0,6,2,1
2023-01-11 07:00:00,10,537.1,7,2,1
2023-01-11 08:00:00,17,828.0,8,2,1
2023-01-11 09:00:00,19,998.8,9,2,1
2023-01-11 10:00:00,20,1067.7,10,2,1
2023-01-11 11:00:00,23,1138.6,11,2,1
2023-01-11 12:00:00,17,793.6999999999999,12,2,1
2023-01-11 13:00:00,18,727.0,13,2,1
2023-01-11 14:00:00,18,776.8,14,2,1
2023-01-11 15:00:00,22,956.4,15,2,1
2023-01-11 16:00:00,15,567.9,16,2,1
2023-01-11 17:00:00,16,712.9,17,2,1
2023-01-11 18:00:00,18,775.6,18,2,1
2023-01-11 19:00:00,10,470.20000000000005,19,2,1
2023-01-11 20:00:00,3,134.1,20,2,1
2023-01-11 21:00:00,4,230.8,21,2,1
2023-01-11 22:00:00,2,118.8,22,2,1
2023-01-11 23:00:00,1,26.7,23,2,1
2023-01-12 00:00:00,2,98.6,0,3,1
2023-01-12 01:00:00,2,111.3,1,3,1
2023-01-12 02:00:00,2,77.3,2,3,1
2023-01-12 03:00:00,2,66.5,3,3,1
2023-01-12 04:00:00,3,96.8,4,3,1
2023-01-12 05:00:00,5,232.8,5,3,1
2023-01-12 06:00:00,10,424.2,6,3,1
2023-01-12 07:00:00,6,240.9,7,3,1
2023-01-12 08:00:00,12,632.7,8,3,1
2023-01-12 09:00:00,19,888.8,9,3,1
2023-01-12 10:00:00,14,575.3,10,3,1
2023-01-12 11:00:00,25,1285.8,11,3,1
2023-01-12 12:00:00,15,686.2,12,3,1
2023-01-12 13:00:00,15,704.7,13,3,1
2023-01-12 14:00:00,20,903.3,14,3,1
2023-01-12 15:00:00,21,1022.1,15,3,1
2023-01-12 16:00:00,28,1234.8,16,3,1
2023-01-12 17:00:00,12,613.9,17,3,1
2023-01-12 18:00:00,15,740.0,18,3,1
2023-01-12 19:00:00,6,251.1,19,3,1
2023-01-12 20:00:00,5,209.6,20,3,1
2023-01-12 21:00:00,5,205.6,21,3,1
2023-01-12 22:00:00,4,183.0,22,3,1
2023-01-12 23:00:00,2,90.1,23,3,1
2023-01-13 00:00:00,2,113.9,0,4,1
2023-01-13 01:00:00,2,63.6,1,4,1
2023-01-13 02:00:00,1,69.9,2,4,1
2023-01-13 03:00:00,8,377.2,3,4,1
2023-01-13 04:00:00,3,208.6,4,4,1
2023-01-13 05:00:00,4,146.8,5,4,1
2023-01-13 06:00:00,7,288.9,6,4,1
2023-01-13 07:00:00,7,269.5,7,4,1
2023-01-13 08:00:00,14,749.9,8,4,1
2023-01-13 09:00:00,20,847.3000000000001,9,4,1
2023-01-13 10:00:00,26,1217.2,10,4,1
2023-01-13 11:00:00,24,1112.6,11,4,1
2023-01-13 12:00:00,31,1463.7,12,4,1
2023-01-13 13:00:00,17,770.6,13,4,1
2023-01-13 14:00:00,27,1189.5,14,4,1
2023-01-13 15:00:00,17,851.6,15,4,1
2023-01-13 16:00:00,21,1011.4,16,4,1
2023-01-13 17:00:00,11,482.2,17,4,1
2023-01-13 18:00:00,14,549.1,18,4,1
2023-01-13 19:00:00,9,470.0,19,4,1
2023-01-13 20:00:00,6,286.0,20,4,1
2023-01-13 21:00:00,6,308.7,21,4,1
2023-01-13 22:00:00,2,88.19999999999999,22,4,1
2023-01-13 23:00:00,3,115.7,23,4,1
2023-01-14 00:00:00,3,121.0,0,5,1
2023-01-14 01:00:00,3,112.8,1,5,1
2023-01-14 02:00:00,1,33.8,2,5,1
2023-01-14 03:00:00,1,45.6,3,5,1
2023-01-14 04:00:00,1,65.3,4,5,1
2023-01-14 05:00:00,2,85.9,5,5,1
2023-01-14 06:00:00,4,189.0,6,5,1
2023-01-14 07:00:00,7,321.8,7,5,1
2023-01-14 08:00:00,12,609.9000000000001,8,5,1
2023-01-14 09:00:00,16,677.5,9,5,1
2023-01-14 10:00:00,6,260.4,10,5,1
2023-01-14 11:00:00,17,791.2,11,5,1
2023-01-14 12:00:00,10,507.59999999999997,12,5,1
2023-01-14 13:00:00,11,663.7,13,5,1
2023-01-14 14:00:00,17,827.4,14,5,1
2023-01-14 15:00:00,10,557.6,15,5,1
2023-01-14 16:00:00,9,345.6,16,5,1
2023-01-14 17:00:00,14,656.8,17,5,1
2023-01-14 18:00:00,8,379.0,18,5,1
2023-01-14 19:00:00,2,81.8,19,5,1
2023-01-14 20:00:00,3,121.9,20,5,1
2023-01-14 21:00:00,2,74.6,21,5,1
2023-01-14 22:00:00,1,42.9,22,5,1
2023-01-14 23:00:00,3,117.8,23,5,1
2023-01-15 00:00:00,2,73.0,0,6,1
2023-01-15 01:00:00,1,33.6,1,6,1
2023-01-15 02:00:00,0,0.0,2,6,1
2023-01-15 03:00:00,3,119.9,3,6,1
2023-01-15 04:00:00,1,44.2,4,6,1
2023-01-15 05:00:00,1,27.1,5,6,1
2023-01-15 06:00:00,7,268.4,6,6,1
2023-01-15 07:00:00,2,73.0,7,6,1
2023-01-15 08:00:00,10,474.7,8,6,1
2023-01-15 09:00:00,12,533.0,9,6,1
2023-01-15 10:00:00,19,892.5,10,6,1
2023-01-15 11:00:00,16,783.4,11,6,1
2023-01-15 12:00:00,21,971.5,12,6,1
2023-01-15 13:00:00,14,604.0,13,6,1
2023-01-15 14:00:00,13,557.4,14,6,1
2023-01-15 15:00:00,23,1047.3,15,6,1
2023-01-15 16:00:00,15,788.1,16,6,1
2023-01-15 17:00:00,7,255.3,17,6,1
2023-01-15 18:00:00,4,222.1,18,6,1
2023-01-15 19:00:00,4,152.2,19,6,1
2023-01-15 20:00:00,4,188.0,20,6,1
2023-01-15 21:00:00,3,158.9,21,6,1
2023-01-15 22:00:00,3,142.5,22,6,1
2023-01-15 23:00:00,3,145.6,23,6,1
2023-01-16 00:00:00,2,63.6,0,0,1
2023-01-16 01:00:00,4,238.9,1,0,1
2023-01-16 02:00:00,3,122.3,2,0,1
2023-01-16 03:00:00,4,197.0,3,0,1
2023-01-16 04:00:00,4,223.6,4,0,1
2023-01-16 05:00:00,7,281.5,5,0,1
2023-01-16 06:00:00,5,239.6,6,0,1
2023-01-16 07:00:00,17,841.2,7,0,1
2023-01-16 08:00:00,8,313.5,8,0,1
2023-01-16 09:00:00,15,809.6,9,0,1
2023-01-16 10:00:00,24,1021.6,10,0,1
2023-01-16 11:00:00,23,1097.1,11,0,1
2023-01-16 12:00:00,9,502.59999999999997,12,0,1
2023-01-16 13:00:00,28,1460.5,13,0,1
2023-01-16 14:00:00,14,784.0,14,0,1
2023-01-16 15:00:00,19,806.8,15,0,1
2023-01-16 16:00:00,14,692.4,16,0,1
2023-01-16 17:00:00,11,520.6,17,0,1
2023-01-16 18:00:00,9,424.8,18,0,1
2023-01-16 19:00:00,10,487.6,19,0,1
2023-01-16 20:00:00,9,383.0,20,0,1
2023-01-16 21:00:00,1,33.8,21,0,1
2023-01-16 22:00:00,6,363.0,22,0,1
2023-01-16 23:00:00,1,27.1,23,0,1
2023-01-17 00:00:00,5,196.7,0,1,1
2023-01-17 01:00:00,2,113.2,1,1,1
2023-01-17 02:00:00,4,193.3,2,1,1
2023-01-17 03:00:00,3,151.1,3,1,1
2023-01-17 04:00:00,0,0.0,4,1,1
2023-01-17 05:00:00,5,275.9,5,1,1
2023-01-17 06:00:00,6,228.7,6,1,1
2023-01-17 07:00:00,11,489.9,7,1,1
2023-01-17 08:00:00,15,628.5,8,1,1
2023-01-17 09:00:00,12,486.9,9,1,1
2023-01-17 10:00:00,28,1383.9,10,1,1
2023-01-17 11:00:00,20,944.8000000000001,11,1,1
2023-01-17 12:00:00,18,814.0,12,1,1
2023-01-17 13:00:00,28,1310.3,13,1,1
2023-01-17 14:00:00,32,1334.3,14,1,1
2023-01-17 15:00:00,16,744.7,15,1,1
2023-01-17 16:00:00,13,591.8,16,1,1
2023-01-17 17:00:00,11,508.3,17,1,1
2023-01-17 18:00:00,15,734.0,18,1,1
2023-01-17 19:00:00,4,192.8,19,1,1
2023-01-17 20:00:00,3,122.5,20,1,1
2023-01-17 21:00:00,7,323.2,21,1,1
2023-01-17 22:00:00,2,96.2,22,1,1
2023-01-17 23:00:00,2,85.9,23,1,1
2023-01-18 00:00:00,2,68.5,0,2,1
2023-01-18 01:00:00,5,238.7,1,2,1
2023-01-18 02:00:00,3,137.3,2,2,1
2023-01-18 03:00:00,0,0.0,3,2,1
2023-01-18 04:00:00,1,34.0,4,2,1
2023-01-18 05:00:00,6,302.1,5,2,1
2023-01-18 06:00:00,16,713.7,6,2,1
2023-01-18 07:00:00,15,610.6,7,2,1
2023-01-18 08:00:00,10,502.6,8,2,1
2023-01-18 09:00:00,17,777.7,9,2,1
2023-01-18 10:00:00,19,998.4,10,2,1
2023-01-18 11:00:00,28,1254.3,11,2,1
2023-01-18 12:00:00,18,833.5,12,2,1
2023-01-18 13:00:00,23,1149.2,13,2,1
2023-01-18 14:00:00,25,1181.2,14,2,1
2023-01-18 15:00:00,22,1042.8,15,2,1
2023-01-18 16:00:00,18,776.5,16,2,1
2023-01-18 17:00:00,19,1013.2,17,2,1
2023-01-18 18:00:00,10,438.2,18,2,1
2023-01-18 19:00:00,15,733.5,19,2,1
2023-01-18 20:00:00,2,103.19999999999999,20,2,1
2023-01-18 21:00:00,5,255.8,21,2,1
2023-01-18 22:00:00,1,43.7,22,2,1
2023-01-18 23:00:00,2,78.6,23,2,1
2023-01-19 00:00:00,1,54.1,0,3,1
2023-01-19 01:00:00,4,203.0,1,3,1
2023-01-19 02:00:00,2,79.8,2,3,1
2023-01-19 03:00:00,1,33.5,3,3,1
2023-01-19 04:00:00,4,179.10000000000002,4,3,1
2023-01-19 05:00:00,4,172.1,5,3,1
2023-01-19 06:00:00,6,293.1,6,3,1
2023-01-19 07:00:00,6,277.8,7,3,1
2023-01-19 08:00:00,11,523.5,8,3,1
2023-01-19 09:00:00,19,917.8,9,3,1
2023-01-19 10:00:00,22,1136.7,10,3,1
2023-01-19 11:00:00,19,899.1,11,3,1
2023-01-19 12:00:00,17,717.4,12,3,1
2023-01-19 13:00:00,20,936.4,13,3,1
2023-01-19 14:00:00,18,794.5,14,3,1
2023-01-19 15:00:00,16,683.0,15,3,1
2023-01-19 16:00:00,19,828.4,16,3,1
2023-01-19 17:00:00,11,638.8000000000001,17,3,1
2023-01-19 18:00:00,12,585.0,18,3,1
2023-01-19 19:00:00,11,535.1,19,3,1
2023-01-19 20:00:00,5,223.7,20,3,1
2023-01-19 21:00:00,8,436.6,21,3,1
2023-01-19 22:00:00,2,83.9,22,3,1
2023-01-19 23:00:00,2,75.2,23,3,1
2023-01-20 00:00:00,5,182.9,0,4,1
2023-01-20 01:00:00,2,77.0,1,4,1
2023-01-20 02:00:00,4,186.7,2,4,1
2023-01-20 03:00:00,1,35.1,3,4,1
2023-01-20 04:00:00,4,289.0,4,4,1
2023-01-20 05:00:00,6,275.1,5,4,1
2023-01-20 06:00:00,12,476.9,6,4,1
2023-01-20 07:00:00,12,520.4,7,4,1
2023-01-20 08:00:00,15,725.5,8,4,1
2023-01-20 09:00:00,24,1045.4,9,4,1
2023-01-20 10:00:00,18,860.9,10,4,1
2023-01-20 11:00:00,18,816.1,11,4,1
2023-01-20 12:00:00,16,676.0,12,4,1
2023-01-20 13:00:00,30,1446.5,13,4,1
2023-01-20 14:00:00,19,916.2,14,4,1
2023-01-20 15:00:00,18,837.8,15,4,1
2023-01-20 16:00:00,23,1056.1,16,4,1
2023-01-20 17:00:00,8,326.9,17,4,1
2023-01-20 18:00:00,9,427.5,18,4,1
2023-01-20 19:00:00,17,704.6,19,4,1
2023-01-20 20:00:00,4,204.4,20,4,1
2023-01-20 21:00:00,7,359.1,21,4,1
2023-01-20 22:00:00,2,113.7,22,4,1
2023-01-20 23:00:00,5,220.1,23,4,1
2023-01-21 00:00:00,3,144.70000000000002,0,5,1
2023-01-21 01:00:00,1,33.8,1,5,1
2023-01-21 02:00:00,1,33.6,2,5,1
2023-01-21 03:00:00,0,0.0,3,5,1
2023-01-21 04:00:00,4,140.60000000000002,4,5,1
2023-01-21 05:00:00,7,258.8,5,5,1
2023-01-21 06:00:00,3,147.9,6,5,1
2023-01-21 07:00:00,14,623.5,7,5,1
2023-01-21 08:00:00,10,485.3,8,5,1
2023-01-21 09:00:00,15,644.2,9,5,1
2023-01-21 10:00:00,12,652.8,10,5,1
2023-01-21 11:00:00,15,676.0,11,5,1
2023-01-21 12:00:00,15,786.0,12,5,1
2023-01-21 13:00:00,13,801.9,13,5,1
2023-01-21 14:00:00,19,897.4,14,5,1
2023-01-21 15:00:00,14,585.8,15,5,1
2023-01-21 16:00:00,16,691.5,16,5,1
2023-01-21 17:00:00,11,532.4,17,5,1
2023-01-21 18:00:00,8,419.8,18,5,1
2023-01-21 19:00:00,9,464.4,19,5,1
2023-01-21 20:00:00,10,520.4,20,5,1
2023-01-21 21:00:00,5,228.6,21,5,1
2023-01-21 22:00:00,2,85.7,22,5,1
2023-01-21 23:00:00,2,92.9,23,5,1
2023-01-22 00:00:00,0,0.0,0,6,1
2023-01-22 01:00:00,1,53.8,1,6,1
2023-01-22 02:00:00,3,117.9,2,6,1
2023-01-22 03:00:00,0,0.0,3,6,1
2023-01-22 04:00:00,0,0.0,4,6,1
2023-01-22 05:00:00,4,178.5,5,6,1
2023-01-22 06:00:00,7,381.79999999999995,6,6,1
2023-01-22 07:00:00,9,488.3,7,6,1
2023-01-22 08:00:00,8,351.6,8,6,1
2023-01-22 09:00:00,16,787.2,9,6,1
2023-01-22 10:00:00,13,664.2,10,6,1
2023-01-22 11:00:00,14,727.9,11,6,1
2023-01-22 12:00:00,20,847.8,12,6,1
2023-01-22 13:00:00,18,896.2,13,6,1
2023-01-22 14:00:00,20,844.5,14,6,1
2023-01-22 15:00:00,12,581.8,15,6,1
2023-01-22 16:00:00,14,622.3,16,6,1
2023-01-22 17:00:00,11,530.5,17,6,1
2023-01-22 18:00:00,8,350.4,18,6,1
2023-01-22 19:00:00,8,365.4,19,6,1
2023-01-22 20:00:00,5,225.89999999999998,20,6,1
2023-01-22 21:00:00,3,141.8,21,6,1
2023-01-22 22:00:00,1,53.2,22,6,1
2023-01-22 23:00:00,4,222.60000000000002,23,6,1
2023-01-23 00:00:00,6,222.4,0,0,1
2023-01-23 01:00:00,2,111.9,1,0,1
2023-01-23 02:00:00,4,155.3,2,0,1
2023-01-23 03:00:00,2,81.7,3,0,1
2023-01-23 04:00:00,6,252.6,4,0,1
2023-01-23 05:00:00,10,547.2,5,0,1
2023-01-23 06:00:00,5,287.1,6,0,1
2023-01-23 07:00:00,11,494.3,7,0,1
2023-01-23 08:00:00,17,774.6,8,0,1
2023-01-23 09:00:00,15,577.9,9,0,1
2023-01-23 10:00:00,22,1123.7,10,0,1
2023-01-23 11:00:00,25,1236.2,11,0,1
2023-01-23 12:00:00,17,696.2,12,0,1
2023-01-23 13:00:00,21,951.0,13,0,1
2023-01-23 14:00:00,26,1320.1,14,0,1
2023-01-23 15:00:00,26,1356.3,15,0,1
2023-01-23 16:00:00,12,581.0,16,0,1
2023-01-23 17:00:00,11,565.6,17,0,1
2023-01-23 18:00:00,11,547.5,18,0,1
2023-01-23 19:00:00,9,359.5,19,0,1
2023-01-23 20:00:00,9,350.6,20,0,1
2023-01-23 21:00:00,5,248.8,21,0,1
2023-01-23 22:00:00,4,135.1,22,0,1
2023-01-23 23:00:00,4,204.8,23,0,1
2023-01-24 00:00:00,2,109.0,0,1,1
2023-01-24 01:00:00,2,89.6,1,1,1
2023-01-24 02:00:00,0,0.0,2,1,1
2023-01-24 03:00:00,1,51.9,3,1,1
2023-01-24 04:00:00,4,169.5,4,1,1
2023-01-24 05:00:00,6,260.1,5,1,1
2023-01-24 06:00:00,5,222.5,6,1,1
2023-01-24 07:00:00,11,500.0,7,1,1
2023-01-24 08:00:00,12,540.1,8,1,1
2023-01-24 09:00:00,15,701.8,9,1,1
2023-01-24 10:00:00,26,1108.5,10,1,1
2023-01-24 11:00:00,24,1226.7,11,1,1
2023-01-24 12:00:00,24,1125.1,12,1,1
2023-01-24 13:00:00,18,787.0,13,1,1
2023-01-24 14:00:00,25,1135.3,14,1,1
2023-01-24 15:00:00,12,563.6,15,1,1
2023-01-24 16:00:00,18,827.0,16,1,1
2023-01-24 17:00:00,14,593.3,17,1,1
2023-01-24 18:00:00,16,833.0,18,1,1
2023-01-24 19:00:00,6,219.9,19,1,1
2023-01-24 20:00:00,9,517.3,20,1,1
2023-01-24 21:00:00,11,614.3,21,1,1
2023-01-24 22:00:00,1,29.6,22,1,1
2023-01-24 23:00:00,2,56.3,23,1,1
2023-01-25 00:00:00,1,30.6,0,2,1
2023-01-25 01:00:00,4,199.4,1,2,1
2023-01-25 02:00:00,1,43.9,2,2,1
2023-01-25 03:00:00,0,0.0,3,2,1
2023-01-25 04:00:00,3,145.4,4,2,1
2023-01-25 05:00:00,4,188.8,5,2,1
2023-01-25 06:00:00,8,352.8,6,2,1
2023-01-25 07:00:00,11,543.2,7,2,1
2023-01-25 08:00:00,11,444.2,8,2,1
2023-01-25 09:00:00,13,621.8,9,2,1
2023-01-25 10:00:00,21,1084.0,10,2,1
2023-01-25 11:00:00,22,1137.0,11,2,1
2023-01-25 12:00:00,14,673.2,12,2,1
2023-01-25 13:00:00,20,811.6,13,2,1
2023-01-25 14:00:00,26,1235.2,14,2,1
2023-01-25 15:00:00,21,1153.5,15,2,1
2023-01-25 16:00:00,15,750.3,16,2,1
2023-01-25 17:00:00,14,652.0,17,2,1
2023-01-25 18:00:00,11,554.4,18,2,1
2023-01-25 19:00:00,10,491.70000000000005,19,2,1
2023-01-25 20:00:00,9,441.2,20,2,1
2023-01-25 21:00:00,4,222.5,21,2,1
2023-01-25 22:00:00,2,83.7,22,2,1
2023-01-25 23:00:00,1,32.9,23,2,1
2023-01-26 00:00:00,2,81.3,0,3,1
2023-01-26 01:00:00,2,63.099999999999994,1,3,1
2023-01-26 02:00:00,1,31.8,2,3,1
2023-01-26 03:00:00,0,0.0,3,3,1
2023-01-26 04:00:00,0,0.0,4,3,1
2023-01-26 05:00:00,6,351.5,5,3,1
2023-01-26 06:00:00,11,504.3,6,3,1
2023-01-26 07:00:00,11,433.0,7,3,1
2023-01-26 08:00:00,16,775.3,8,3,1
2023-01-26 09:00:00,23,1005.1,9,3,1
2023-01-26 10:00:00,21,984.0,10,3,1
2023-01-26 11:00:00,19,982.1,11,3,1
2023-01-26 12:00:00,33,1612.2,12,3,1
2023-01-26 13:00:00,25,1122.6000000000001,13,3,1
2023-01-26 14:00:00,21,1014.6,14,3,1
2023-01-26 15:00:00,19,823.1,15,3,1
2023-01-26 16:00:00,14,762.8,16,3,1
2023-01-26 17:00:00,13,609.5,17,3,1
2023-01-26 18:00:00,10,440.2,18,3,1
2023-01-26 19:00:00,5,287.5,19,3,1
2023-01-26 20:00:00,7,316.7,20,3,1
2023-01-26 21:00:00,3,152.8,21,3,1
2023-01-26 22:00:00,2,114.3,22,3,1
2023-01-26 23:00:00,3,184.2,23,3,1
2023-01-27 00:00:00,0,0.0,0,4,1
2023-01-27 01:00:00,3,180.70000000000002,1,4,1
2023-01-27 02:00:00,6,236.6,2,4,1
2023-01-27 03:00:00,2,108.9,3,4,1
2023-01-27 04:00:00,2,82.9,4,4,1
2023-01-27 05:00:00,5,182.8,5,4,1
2023-01-27 06:00:00,10,438.0,6,4,1
2023-01-27 07:00:00,7,304.9,7,4,1
2023-01-27 08:00:00,14,725.0,8,4,1
2023-01-27 09:00:00,18,856.7,9,4,1
2023-01-27 10:00:00,23,1087.9,10,4,1
2023-01-27 11:00:00,12,590.0,11,4,1
2023-01-27 12:00:00,20,926.9,12,4,1
2023-01-27 13:00:00,22,966.9,13,4,1
2023-01-27 14:00:00,20,923.8,14,4,1
2023-01-27 15:00:00,24,1014.2,15,4,1
2023-01-27 16:00:00,13,663.2,16,4,1
2023-01-27 17:00:00,15,657.5,17,4,1
2023-01-27 18:00:00,9,487.3,18,4,1
2023-01-27 19:00:00,11,544.4,19,4,1
2023-01-27 20:00:00,10,456.5,20,4,1
2023-01-27 21:00:00,7,348.6,21,4,1
2023-01-27 22:00:00,2,75.69999999999999,22,4,1
2023-01-27 23:00:00,6,276.4,23,4,1
2023-01-28 00:00:00,2,146.39999999999998,0,5,1
2023-01-28 01:00:00,1,76.5,1,5,1
2023-01-28 02:00:00,1,31.8,2,5,1
2023-01-28 03:00:00,3,150.8,3,5,1
2023-01-28 04:00:00,0,0.0,4,5,1
2023-01-28 05:00:00,3,175.1,5,5,1
2023-01-28 06:00:00,10,475.9,6,5,1
2023-01-28 07:00:00,10,507.4,7,5,1
2023-01-28 08:00:00,8,378.0,8,5,1
2023-01-28 09:00:00,11,486.4,9,5,1
2023-01-28 10:00:00,20,891.3,10,5,1
2023-01-28 11:00:00,14,708.1,11,5,1
2023-01-28 12:00:00,12,552.5,12,5,1
2023-01-28 13:00:00,14,723.5,13,5,1
2023-01-28 14:00:00,12,544.7,14,5,1
2023-01-28 15:00:00,12,605.3,15,5,1
2023-01-28 16:00:00,12,485.9,16,5,1
2023-01-28 17:00:00,8,412.5,17,5,1
2023-01-28 18:00:00,12,520.1,18,5,1
2023-01-28 19:00:00,6,279.20000000000005,19,5,1
2023-01-28 20:00:00,2,103.5,20,5,1
2023-01-28 21:00:00,3,106.5,21,5,1
2023-01-28 22:00:00,3,97.19999999999999,22,5,1
2023-01-28 23:00:00,2,131.8,23,5,1
2023-01-29 00:00:00,1,51.1,0,6,1
2023-01-29 01:00:00,1,54.5,1,6,1
2023-01-29 02:00:00,1,32.1,2,6,1
2023-01-29 03:00:00,2,67.6,3,6,1
2023-01-29 04:00:00,0,0.0,4,6,1
2023-01-29 05:00:00,7,368.8,5,6,1
2023-01-29 06:00:00,5,254.9,6,6,1
2023-01-29 07:00:00,10,583.6,7,6,1
2023-01-29 08:00:00,14,674.5,8,6,1
2023-01-29 09:00:00,7,452.8,9,6,1
2023-01-29 10:00:00,15,616.3,10,6,1
2023-01-29 11:00:00,10,431.4,11,6,1
2023-01-29 12:00:00,16,728.2,12,6,1
2023-01-29 13:00:00,11,421.7,13,6,1
2023-01-29 14:00:00,14,686.7,14,6,1
2023-01-29 15:00:00,13,555.2,15,6,1
2023-01-29 16:00:00,8,299.0,16,6,1
2023-01-29 17:00:00,8,296.7,17,6,1
2023-01-29 18:00:00,6,239.4,18,6,1
2023-01-29 19:00:00,10,459.2,19,6,1
2023-01-29 20:00:00,4,171.10000000000002,20,6,1
2023-01-29 21:00:00,4,213.89999999999998,21,6,1
2023-01-29 22:00:00,2,94.10000000000001,22,6,1
2023-01-29 23:00:00,0,0.0,23,6,1
2023-01-30 00:00:00,1,31.5,0,0,1
2023-01-30 01:00:00,2,65.9,1,0,1
2023-01-30 02:00:00,3,142.9,2,0,1
2023-01-30 03:00:00,5,283.7,3,0,1
2023-01-30 04:00:00,3,129.3,4,0,1
2023-01-30 05:00:00,2,85.3,5,0,1
2023-01-30 06:00:00,6,255.10000000000002,6,0,1
2023-01-30 07:00:00,9,435.3,7,0,1
2023-01-30 08:00:00,22,1033.1,8,0,1
2023-01-30 09:00:00,17,831.3000000000001,9,0,1
2023-01-30 10:00:00,23,1135.1,10,0,1
2023-01-30 11:00:00,29,1305.8,11,0,1
2023-01-30 12:00:00,22,1061.2,12,0,1
2023-01-30 13:00:00,21,994.2,13,0,1
2023-01-30 14:00:00,18,769.6,14,0,1
2023-01-30 15:00:00,17,890.7,15,0,1
2023-01-30 16:00:00,12,507.4,16,0,1
2023-01-30 17:00:00,5,184.6,17,0,1
2023-01-30 18:00:00,9,547.6,18,0,1
2023-01-30 19:00:00,10,459.5,19,0,1
2023-01-30 20:00:00,11,448.6,20,0,1
2023-01-30 21:00:00,6,262.5,21,0,1
2023-01-30 22:00:00,3,125.9,22,0,1
2023-01-30 23:00:00,0,0.0,23,0,1
2023-01-31 00:00:00,2,130.1,0,1,1
2023-01-31 01:00:00,1,51.3,1,1,1
2023-01-31 02:00:00,2,101.60000000000001,2,1,1
2023-01-31 03:00:00,3,92.8,3,1,1
2023-01-31 04:00:00,5,229.7,4,1,1
2023-01-31 05:00:00,5,234.5,5,1,1
2023-01-31 06:00:00,7,316.3,6,1,1
2023-01-31 07:00:00,6,296.1,7,1,1
2023-01-31 08:00:00,14,774.7,8,1,1
2023-01-31 09:00:00,16,708.6,9,1,1
2023-01-31 10:00:00,19,863.2,10,1,1
2023-01-31 11:00:00,18,843.2,11,1,1
2023-01-31 12:00:00,18,825.5,12,1,1
2023-01-31 13:00:00,18,871.7,13,1,1
2023-01-31 14:00:00,23,1111.2,14,1,1
2023-01-31 15:00:00,21,984.4,15,1,1
2023-01-31 16:00:00,19,845.0,16,1,1
2023-01-31 17:00:00,15,738.1,17,1,1
2023-01-31 18:00:00,10,587.0,18,1,1
2023-01-31 19:00:00,14,653.1,19,1,1
2023-01-31 20:00:00,5,213.5,20,1,1
2023-01-31 21:00:00,6,290.7,21,1,1
2023-01-31 22:00:00,2,104.89999999999999,22,1,1
2023-01-31 23:00:00,1,54.5,23,1,1
2023-02-01 00:00:00,1,32.9,0,2,2
2023-02-01 01:00:00,2,111.0,1,2,2
2023-02-01 02:00:00,4,205.4,2,2,2
2023-02-01 03:00:00,3,194.2,3,2,2
2023-02-01 04:00:00,1,80.0,4,2,2
2023-02-01 05:00:00,8,283.9,5,2,2
2023-02-01 06:00:00,5,209.0,6,2,2
2023-02-01 07:00:00,6,285.0,7,2,2
2023-02-01 08:00:00,18,810.2,8,2,2
2023-02-01 09:00:00,16,795.4,9,2,2
2023-02-01 10:00:00,25,1106.8,10,2,2
2023-02-01 11:00:00,10,446.4,11,2,2
2023-02-01 12:00:00,21,971.4,12,2,2
2023-02-01 13:00:00,27,1328.7,13,2,2
2023-02-01 14:00:00,16,790.5,14,2,2
2023-02-01 15:00:00,25,1232.1,15,2,2
2023-02-01 16:00:00,16,744.1,16,2,2
2023-02-01 17:00:00,14,676.6999999999999,17,2,2
2023-02-01 18:00:00,8,338.4,18,2,2
2023-02-01 19:00:00,8,366.40000000000003,19,2,2
2023-02-01 20:00:00,5,213.5,20,2,2
2023-02-01 21:00:00,3,127.5,21,2,2
2023-02-01 22:00:00,2,102.6,22,2,2
2023-02-01 23:00:00,2,160.0,23,2,2
2023-02-02 00:00:00,3,144.7,0,3,2
2023-02-02 01:00:00,2,89.2,1,3,2
2023-02-02 02:00:00,1,75.1,2,3,2
2023-02-02 03:00:00,1,51.7,3,3,2
2023-02-02 04:00:00,4,168.1,4,3,2
2023-02-02 05:00:00,6,280.8,5,3,2
2023-02-02 06:00:00,6,257.1,6,3,2
2023-02-02 07:00:00,8,459.2,7,3,2
2023-02-02 08:00:00,14,645.0,8,3,2
2023-02-02 09:00:00,14,702.7,9,3,2
2023-02-02 10:00:00,24,1227.9,10,3,2
2023-02-02 11:00:00,18,779.8000000000001,11,3,2
2023-02-02 12:00:00,16,679.6,12,3,2
2023-02-02 13:00:00,15,795.8,13,3,2
2023-02-02 14:00:00,17,852.6,14,3,2
2023-02-02 15:00:00,21,973.6,15,3,2
2023-02-02 16:00:00,9,507.7,16,3,2
2023-02-02 17:00:00,17,810.6,17,3,2
2023-02-02 18:00:00,8,390.8,18,3,2
2023-02-02 19:00:00,11,490.9,19,3,2
2023-02-02 20:00:00,9,455.7,20,3,2
2023-02-02 21:00:00,4,140.0,21,3,2
2023-02-02 22:00:00,2,115.6,22,3,2
2023-02-02 23:00:00,3,138.1,23,3,2
2023-02-03 00:00:00,4,191.2,0,4,2
2023-02-03 01:00:00,5,240.8,1,4,2
2023-02-03 02:00:00,2,157.5,2,4,2
2023-02-03 03:00:00,5,208.0,3,4,2
2023-02-03 04:00:00,3,204.7,4,4,2
2023-02-03 05:00:00,6,256.9,5,4,2
2023-02-03 06:00:00,4,186.29999999999998,6,4,2
2023-02-03 07:00:00,7,341.2,7,4,2
2023-02-03 08:00:00,12,626.6,8,4,2
2023-02-03 09:00:00,17,977.4,9,4,2
2023-02-03 10:00:00,24,1292.2,10,4,2
2023-02-03 11:00:00,18,709.9,11,4,2
2023-02-03 12:00:00,17,854.6,12,4,2
2023-02-03 13:00:00,23,1064.8,13,4,2
2023-02-03 14:00:00,24,1090.6,14,4,2
2023-02-03 15:00:00,15,755.1,15,4,2
2023-02-03 16:00:00,13,600.7,16,4,2
2023-02-03 17:00:00,21,1031.2,17,4,2
2023-02-03 18:00:00,10,464.4,18,4,2
2023-02-03 19:00:00,12,601.8,19,4,2
2023-02-03 20:00:00,7,306.8,20,4,2
2023-02-03 21:00:00,7,389.5,21,4,2
2023-02-03 22:00:00,0,0.0,22,4,2
2023-02-03 23:00:00,1,50.2,23,4,2
2023-02-04 00:00:00,1,32.8,0,5,2
2023-02-04 01:00:00,2,74.0,1,5,2
2023-02-04 02:00:00,1,28.5,2,5,2
2023-02-04 03:00:00,2,62.1,3,5,2
2023-02-04 04:00:00,2,62.8,4,5,2
2023-02-04 05:00:00,1,51.5,5,5,2
2023-02-04 06:00:00,5,224.4,6,5,2
2023-02-04 07:00:00,10,399.4,7,5,2
2023-02-04 08:00:00,5,252.8,8,5,2
2023-02-04 09:00:00,21,933.2,9,5,2
2023-02-04 10:00:00,10,418.6,10,5,2
2023-02-04 11:00:00,14,639.4,11,5,2
2023-02-04 12:00:00,13,566.5,12,5,2
2023-02-04 13:00:00,14,648.7,13,5,2
2023-02-04 14:00:00,20,980.1,14,5,2
2023-02-04 15:00:00,20,984.3,15,5,2
2023-02-04 16:00:00,8,391.2,16,5,2
2023-02-04 17:00:00,9,415.3,17,5,2
2023-02-04 18:00:00,5,180.7,18,5,2
2023-02-04 19:00:00,5,198.9,19,5,2
2023-02-04 20:00:00,4,150.2,20,5,2
2023-02-04 21:00:00,6,323.9,21,5,2
2023-02-04 22:00:00,4,183.1,22,5,2
2023-02-04 23:00:00,0,0.0,23,5,2
2023-02-05 00:00:00,5,217.1,0,6,2
2023-02-05 01:00:00,2,101.5,1,6,2
2023-02-05 02:00:00,2,105.3,2,6,2
2023-02-05 03:00:00,1,33.3,3,6,2
2023-02-05 04:00:00,1,80.0,4,6,2
2023-02-05 05:00:00,3,198.6,5,6,2
2023-02-05 06:00:00,5,244.8,6,6,2
2023-02-05 07:00:00,7,351.1,7,6,2
2023-02-05 08:00:00,3,119.0,8,6,2
2023-02-05 09:00:00,14,766.7,9,6,2
2023-02-05 10:00:00,10,500.40000000000003,10,6,2
2023-02-05 11:00:00,23,934.4,11,6,2
2023-02-05 12:00:00,15,750.5,12,6,2
2023-02-05 13:00:00,11,592.9,13,6,2
2023-02-05 14:00:00,14,619.7,14,6,2
2023-02-05 15:00:00,15,772.2,15,6,2
2023-02-05 16:00:00,11,574.5,16,6,2
2023-02-05 17:00:00,11,584.5,17,6,2
2023-02-05 18:00:00,17,833.1,18,6,2
2023-02-05 19:00:00,8,406.7,19,6,2
2023-02-05 20:00:00,6,261.5,20,6,2
2023-02-05 21:00:00,2,102.39999999999999,21,6,2
2023-02-05 22:00:00,2,83.9,22,6,2
2023-02-05 23:00:00,0,0.0,23,6,2
2023-02-06 00:00:00,0,0.0,0,0,2
2023-02-06 01:00:00,0,0.0,1,0,2
2023-02-06 02:00:00,5,274.9,2,0,2
2023-02-06 03:00:00,1,44.9,3,0,2
2023-02-06 04:00:00,1,50.5,4,0,2
2023-02-06 05:00:00,3,102.2,5,0,2
2023-02-06 06:00:00,5,224.8,6,0,2
2023-02-06 07:00:00,6,269.5,7,0,2
2023-02-06 08:00:00,14,666.7,8,0,2
2023-02-06 09:00:00,19,871.5,9,0,2
2023-02-06 10:00:00,27,1215.4,10,0,2
2023-02-06 11:00:00,18,837.9,11,0,2
2023-02-06 12:00:00,13,559.7,12,0,2
2023-02-06 13:00:00,16,694.2,13,0,2
2023-02-06 14:00:00,27,1421.9,14,0,2
2023-02-06 15:00:00,16,836.2,15,0,2
2023-02-06 16:00:00,17,767.7,16,0,2
2023-02-06 17:00:00,16,700.7,17,0,2
2023-02-06 18:00:00,12,479.1,18,0,2
2023-02-06 19:00:00,7,369.6,19,0,2
2023-02-06 20:00:00,8,366.9,20,0,2
2023-02-06 21:00:00,6,230.10000000000002,21,0,2
2023-02-06 22:00:00,1,44.4,22,0,2
2023-02-06 23:00:00,3,112.80000000000001,23,0,2
2023-02-07 00:00:00,2,79.4,0,1,2
2023-02-07 01:00:00,3,125.1,1,1,2
2023-02-07 02:00:00,1,29.1,2,1,2
2023-02-07 03:00:00,1,37.4,3,1,2
2023-02-07 04:00:00,3,135.4,4,1,2
2023-02-07 05:00:00,2,92.1,5,1,2
2023-02-07 06:00:00,4,195.8,6,1,2
2023-02-07 07:00:00,11,477.6,7,1,2
2023-02-07 08:00:00,20,922.2,8,1,2
2023-02-07 09:00:00,17,768.8,9,1,2
2023-02-07 10:00:00,25,1146.8,10,1,2
2023-02-07 11:00:00,24,1215.6,11,1,2
2023-02-07 12:00:00,19,858.4,12,1,2
2023-02-07 13:00:00,28,1214.9,13,1,2
2023-02-07 14:00:00,31,1435.2,14,1,2
2023-02-07 15:00:00,22,998.9,15,1,2
2023-02-07 16:00:00,12,542.6,16,1,2
2023-02-07 17:00:00,16,789.4,17,1,2
2023-02-07 18:00:00,11,530.0,18,1,2
2023-02-07 19:00:00,1,32.2,19,1,2
2023-02-07 20:00:00,3,158.7,20,1,2
2023-02-07 21:00:00,5,211.1,21,1,2
2023-02-07 22:00:00,4,151.9,22,1,2
2023-02-07 23:00:00,0,0.0,23,1,2
2023-02-08 00:00:00,3,116.8,0,2,2
2023-02-08 01:00:00,1,32.6,1,2,2
2023-02-08 02:00:00,2,72.0,2,2,2
2023-02-08 03:00:00,0,0.0,3,2,2
2023-02-08 04:00:00,2,84.0,4,2,2
2023-02-08 05:00:00,6,310.8,5,2,2
2023-02-08 06:00:00,9,498.3,6,2,2
2023-02-08 07:00:00,15,784.2,7,2,2
2023-02-08 08:00:00,9,412.1,8,2,2
2023-02-08 09:00:00,19,797.3,9,2,2
2023-02-08 10:00:00,19,855.8,10,2,2
2023-02-08 11:00:00,20,991.4,11,2,2
2023-02-08 12:00:00,31,1518.5,12,2,2
2023-02-08 13:00:00,19,824.3,13,2,2
2023-02-08 14:00:00,26,1184.7,14,2,2
2023-02-08 15:00:00,13,608.1,15,2,2
2023-02-08 16:00:00,10,410.8,16,2,2
2023-02-08 17:00:00,11,529.0,17,2,2
2023-02-08 18:00:00,11,515.0,18,2,2
2023-02-08 19:00:00,8,280.5,19,2,2
2023-02-08 20:00:00,10,501.5,20,2,2
2023-02-08 21:00:00,5,269.7,21,2,2
2023-02-08 22:00:00,1,33.5,22,2,2
2023-02-08 23:00:00,2,81.9,23,2,2
2023-02-09 00:00:00,3,147.4,0,3,2
2023-02-09 01:00:00,2,85.8,1,3,2
2023-02-09 02:00:00,1,80.0,2,3,2
2023-02-09 03:00:00,0,0.0,3,3,2
2023-02-09 04:00:00,4,207.5,4,3,2
2023-02-09 05:00:00,3,158.0,5,3,2
2023-02-09 06:00:00,10,539.2,6,3,2
2023-02-09 07:00:00,13,649.5,7,3,2
2023-02-09 08:00:00,24,1190.9,8,3,2
2023-02-09 09:00:00,15,701.3,9,3,2
2023-02-09 10:00:00,17,760.1,10,3,2
2023-02-09 11:00:00,16,721.5,11,3,2
2023-02-09 12:00:00,27,1256.0,12,3,2
2023-02-09 13:00:00,19,852.8,13,3,2
2023-02-09 14:00:00,20,876.0,14,3,2
2023-02-09 15:00:00,18,894.0,15,3,2
2023-02-09 16:00:00,16,720.7,16,3,2
2023-02-09 17:00:00,20,1061.2,17,3,2
2023-02-09 18:00:00,11,570.1,18,3,2
2023-02-09 19:00:00,11,480.0,19,3,2
2023-02-09 20:00:00,6,294.8,20,3,2
2023-02-09 21:00:00,2,111.8,21,3,2
2023-02-09 22:00:00,1,39.8,22,3,2
2023-02-09 23:00:00,4,166.4,23,3,2
2023-02-10 00:00:00,3,171.5,0,4,2
2023-02-10 01:00:00,4,147.7,1,4,2
2023-02-10 02:00:00,0,0.0,2,4,2
2023-02-10 03:00:00,0,0.0,3,4,2
2023-02-10 04:00:00,5,181.4,4,4,2
2023-02-10 05:00:00,3,156.8,5,4,2
2023-02-10 06:00:00,4,192.5,6,4,2
2023-02-10 07:00:00,6,273.1,7,4,2
2023-02-10 08:00:00,20,872.7,8,4,2
2023-02-10 09:00:00,22,1049.0,9,4,2
2023-02-10 10:00:00,16,721.6,10,4,2
2023-02-10 11:00:00,24,1239.7,11,4,2
2023-02-10 12:00:00,17,665.5,12,4,2
2023-02-10 13:00:00,19,786.9,13,4,2
2023-02-10 14:00:00,18,1072.9,14,4,2
2023-02-10 15:00:00,14,719.4,15,4,2
2023-02-10 16:00:00,17,773.3,16,4,2
2023-02-10 17:00:00,9,449.2,17,4,2
2023-02-10 18:00:00,6,288.6,18,4,2
2023-02-10 19:00:00,10,495.2,19,4,2
2023-02-10 20:00:00,4,193.6,20,4,2
2023-02-10 21:00:00,3,140.5,21,4,2
2023-02-10 22:00:00,6,269.1,22,4,2
2023-02-10 23:00:00,2,141.3,23,4,2
2023-02-11 00:00:00,0,0.0,0,5,2
2023-02-11 01:00:00,1,48.6,1,5,2
2023-02-11 02:00:00,2,66.7,2,5,2
2023-02-11 03:00:00,0,0.0,3,5,2
2023-02-11 04:00:00,3,155.6,4,5,2
2023-02-11 05:00:00,4,186.7,5,5,2
2023-02-11 06:00:00,2,107.5,6,5,2
2023-02-11 07:00:00,9,443.4,7,5,2
2023-02-11 08:00:00,8,412.0,8,5,2
2023-02-11 09:00:00,18,851.7,9,5,2
2023-02-11 10:00:00,17,744.9,10,5,2
2023-02-11 11:00:00,11,618.7,11,5,2
2023-02-11 12:00:00,11,614.2,12,5,2
2023-02-11 13:00:00,19,949.8,13,5,2
2023-02-11 14:00:00,21,943.6,14,5,2
2023-02-11 15:00:00,16,831.7,15,5,2
2023-02-11 16:00:00,10,427.1,16,5,2
2023-02-11 17:00:00,6,280.4,17,5,2
2023-02-11 18:00:00,7,375.5,18,5,2
2023-02-11 19:00:00,5,203.6,19,5,2
2023-02-11 20:00:00,4,145.0,20,5,2
2023-02-11 21:00:00,2,87.4,21,5,2
2023-02-11 22:00:00,0,0.0,22,5,2
2023-02-11 23:00:00,1,77.0,23,5,2
2023-02-12 00:00:00,1,77.9,0,6,2
2023-02-12 01:00:00,1,27.9,1,6,2
2023-02-12 02:00:00,2,62.400000000000006,2,6,2
2023-02-12 03:00:00,1,34.4,3,6,2
2023-02-12 04:00:00,3,175.3,4,6,2
2023-02-12 05:00:00,2,80.6,5,6,2
2023-02-12 06:00:00,6,291.5,6,6,2
2023-02-12 07:00:00,10,396.4,7,6,2
2023-02-12 08:00:00,14,771.4,8,6,2
2023-02-12 09:00:00,17,871.8,9,6,2
2023-02-12 10:00:00,17,834.0,10,6,2
2023-02-12 11:00:00,21,988.5,11,6,2
2023-02-12 12:00:00,17,822.9,12,6,2
2023-02-12 13:00:00,15,666.1,13,6,2
2023-02-12 14:00:00,19,894.8,14,6,2
2023-02-12 15:00:00,10,321.4,15,6,2
2023-02-12 16:00:00,10,447.9,16,6,2
2023-02-12 17:00:00,13,615.0,17,6,2
2023-02-12 18:00:00,7,344.8,18,6,2
2023-02-12 19:00:00,8,338.8,19,6,2
2023-02-12 20:00:00,4,213.6,20,6,2
2023-02-12 21:00:00,2,94.7,21,6,2
2023-02-12 22:00:00,2,78.5,22,6,2
2023-02-12 23:00:00,0,0.0,23,6,2
2023-02-13 00:00:00,0,0.0,0,0,2
2023-02-13 01:00:00,1,29.3,1,0,2
2023-02-13 02:00:00,2,106.0,2,0,2
2023-02-13 03:00:00,0,0.0,3,0,2
2023-02-13 04:00:00,1,52.7,4,0,2
2023-02-13 05:00:00,9,391.3,5,0,2
2023-02-13 06:00:00,10,569.5,6,0,2
2023-02-13 07:00:00,9,414.7,7,0,2
2023-02-13 08:00:00,15,693.3,8,0,2
2023-02-13 09:00:00,20,823.7,9,0,2
2023-02-13 10:00:00,24,1114.1,10,0,2
2023-02-13 11:00:00,24,1121.6,11,0,2
2023-02-13 12:00:00,23,1159.2,12,0,2
2023-02-13 13:00:00,20,838.2,13,0,2
2023-02-13 14:00:00,23,1032.1,14,0,2
2023-02-13 15:00:00,16,840.5,15,0,2
2023-02-13 16:00:00,16,895.0,16,0,2
2023-02-13 17:00:00,16,807.8,17,0,2
2023-02-13 18:00:00,14,667.3,18,0,2
2023-02-13 19:00:00,16,804.0,19,0,2
2023-02-13 20:00:00,8,326.0,20,0,2
2023-02-13 21:00:00,2,110.30000000000001,21,0,2
2023-02-13 22:00:00,5,235.0,22,0,2
2023-02-13 23:00:00,0,0.0,23,0,2
2023-02-14 00:00:00,1,33.2,0,1,2
2023-02-14 01:00:00,2,69.9,1,1,2
2023-02-14 02:00:00,2,70.7,2,1,2
2023-02-14 03:00:00,5,207.7,3,1,2
2023-02-14 04:00:00,1,32.3,4,1,2
2023-02-14 05:00:00,4,180.20000000000002,5,1,2
2023-02-14 06:00:00,7,386.09999999999997,6,1,2
2023-02-14 07:00:00,5,272.0,7,1,2
2023-02-14 08:00:00,18,764.1,8,1,2
2023-02-14 09:00:00,13,571.9,9,1,2
2023-02-14 10:00:00,24,1063.2,10,1,2
2023-02-14 11:00:00,21,1079.7,11,1,2
2023-02-14 12:00:00,20,981.8,12,1,2
2023-02-14 13:00:00,16,822.2,13,1,2
2023-02-14 14:00:00,28,1182.3,14,1,2
2023-02-14 15:00:00,15,738.9,15,1,2
2023-02-14 16:00:00,8,434.8,16,1,2
2023-02-14 17:00:00,20,1004.4,17,1,2
2023-02-14 18:00:00,12,595.5,18,1,2
2023-02-14 19:00:00,15,641.2,19,1,2
2023-02-14 20:00:00,8,376.9,20,1,2
2023-02-14 21:00:00,5,271.3,21,1,2
2023-02-14 22:00:00,1,41.2,22,1,2
2023-02-14 23:00:00,3,107.1,23,1,2
2023-02-15 00:00:00,4,220.5,0,2,2
2023-02-15 01:00:00,5,268.9,1,2,2
2023-02-15 02:00:00,3,121.9,2,2,2
2023-02-15 03:00:00,1,32.8,3,2,2
2023-02-15 04:00:00,1,36.6,4,2,2
2023-02-15 05:00:00,5,228.0,5,2,2
2023-02-15 06:00:00,4,146.0,6,2,2
2023-02-15 07:00:00,12,655.8,7,2,2
2023-02-15 08:00:00,16,774.2,8,2,2
2023-02-15 09:00:00,17,725.3,9,2,2
2023-02-15 10:00:00,30,1545.4,10,2,2
2023-02-15 11:00:00,22,1041.5,11,2,2
2023-02-15 12:00:00,26,1130.7,12,2,2
2023-02-15 13:00:00,14,597.3,13,2,2
2023-02-15 14:00:00,19,904.5,14,2,2
2023-02-15 15:00:00,20,1003.4,15,2,2
2023-02-15 16:00:00,16,751.4,16,2,2
2023-02-15 17:00:00,6,296.0,17,2,2
2023-02-15 18:00:00,6,247.3,18,2,2
2023-02-15 19:00:00,14,598.1,19,2,2
2023-02-15 20:00:00,11,546.9,20,2,2
2023-02-15 21:00:00,7,330.3,21,2,2
2023-02-15 22:00:00,0,0.0,22,2,2
2023-02-15 23:00:00,2,95.6,23,2,2
2023-02-16 00:00:00,3,121.8,0,3,2
2023-02-16 01:00:00,3,161.9,1,3,2
2023-02-16 02:00:00,2,76.8,2,3,2
2023-02-16 03:00:00,2,64.2,3,3,2
2023-02-16 04:00:00,3,187.60000000000002,4,3,2
2023-02-16 05:00:00,1,33.4,5,3,2
2023-02-16 06:00:00,6,298.6,6,3,2
2023-02-16 07:00:00,13,672.6,7,3,2
2023-02-16 08:00:00,10,568.7,8,3,2
2023-02-16 09:00:00,14,734.8,9,3,2
2023-02-16 10:00:00,22,1117.7,10,3,2
2023-02-16 11:00:00,14,575.2,11,3,2
2023-02-16 12:00:00,24,1093.0,12,3,2
2023-02-16 13:00:00,27,1339.6,13,3,2
2023-02-16 14:00:00,24,1061.2,14,3,2
2023-02-16 15:00:00,14,723.3,15,3,2
2023-02-16 16:00:00,21,854.8,16,3,2
2023-02-16 17:00:00,14,722.1,17,3,2
2023-02-16 18:00:00,8,349.9,18,3,2
2023-02-16 19:00:00,5,214.0,19,3,2
2023-02-16 20:00:00,7,336.1,20,3,2
2023-02-16 21:00:00,4,161.8,21,3,2
2023-02-16 22:00:00,4,175.5,22,3,2
2023-02-16 23:00:00,4,167.9,23,3,2
2023-02-17 00:00:00,4,176.2,0,4,2
2023-02-17 01:00:00,2,108.80000000000001,1,4,2
2023-02-17 02:00:00,2,93.2,2,4,2
2023-02-17 03:00:00,3,144.1,3,4,2
2023-02-17 04:00:00,1,33.2,4,4,2
2023-02-17 05:00:00,7,301.09999999999997,5,4,2
2023-02-17 06:00:00,7,331.9,6,4,2
2023-02-17 07:00:00,7,320.8,7,4,2
2023-02-17 08:00:00,11,483.9,8,4,2
2023-02-17 09:00:00,28,1438.2,9,4,2
2023-02-17 10:00:00,19,795.3,10,4,2
2023-02-17 11:00:00,34,1456.7,11,4,2
2023-02-17 12:00:00,28,1212.4,12,4,2
2023-02-17 13:00:00,20,922.0,13,4,2
2023-02-17 14:00:00,15,724.5,14,4,2
2023-02-17 15:00:00,29,1313.0,15,4,2
2023-02-17 16:00:00,19,869.3,16,4,2
2023-02-17 17:00:00,15,723.8,17,4,2
2023-02-17 18:00:00,12,538.6,18,4,2
2023-02-17 19:00:00,10,392.1,19,4,2
2023-02-17 20:00:00,5,218.6,20,4,2
2023-02-17 21:00:00,5,305.6,21,4,2
2023-02-17 22:00:00,0,0.0,22,4,2
2023-02-17 23:00:00,2,129.0,23,4,2
2023-02-18 00:00:00,1,46.0,0,5,2
2023-02-18 01:00:00,0,0.0,1,5,2
2023-02-18 02:00:00,1,52.8,2,5,2
2023-02-18 03:00:00,0,0.0,3,5,2
2023-02-18 04:00:00,0,0.0,4,5,2
2023-02-18 05:00:00,0,0.0,5,5,2
2023-02-18 06:00:00,8,420.8,6,5,2
2023-02-18 07:00:00,7,270.1,7,5,2
2023-02-18 08:00:00,10,400.4,8,5,2
2023-02-18 09:00:00,11,518.1,9,5,2
2023-02-18 10:00:00,21,954.0,10,5,2
2023-02-18 11:00:00,13,692.4,11,5,2
2023-02-18 12:00:00,25,1243.7,12,5,2
2023-02-18 13:00:00,27,1281.7,13,5,2
2023-02-18 14:00:00,17,855.4,14,5,2
2023-02-18 15:00:00,12,508.6,15,5,2
2023-02-18 16:00:00,10,455.8,16,5,2
2023-02-18 17:00:00,8,376.5,17,5,2
2023-02-18 18:00:00,11,407.5,18,5,2
2023-02-18 19:00:00,8,398.4,19,5,2
2023-02-18 20:00:00,6,273.4,20,5,2
2023-02-18 21:00:00,5,206.8,21,5,2
2023-02-18 22:00:00,0,0.0,22,5,2
2023-02-18 23:00:00,0,0.0,23,5,2
2023-02-19 00:00:00,1,31.4,0,6,2
2023-02-19 01:00:00,2,105.7,1,6,2
2023-02-19 02:00:00,1,55.9,2,6,2
2023-02-19 03:00:00,4,220.3,3,6,2
2023-02-19 04:00:00,1,28.4,4,6,2
2023-02-19 05:00:00,1,70.7,5,6,2
2023-02-19 06:00:00,7,328.0,6,6,2
2023-02-19 07:00:00,12,624.6999999999999,7,6,2
2023-02-19 08:00:00,12,622.5,8,6,2
2023-02-19 09:00:00,6,241.9,9,6,2
2023-02-19 10:00:00,19,931.4,10,6,2
2023-02-19 11:00:00,14,668.7,11,6,2
2023-02-19 12:00:00,14,621.0,12,6,2
2023-02-19 13:00:00,14,554.9,13,6,2
2023-02-19 14:00:00,11,523.0,14,6,2
2023-02-19 15:00:00,11,556.6,15,6,2
2023-02-19 16:00:00,11,530.0,16,6,2
2023-02-19 17:00:00,11,456.0,17,6,2
2023-02-19 18:00:00,7,360.2,18,6,2
2023-02-19 19:00:00,8,426.1,19,6,2
2023-02-19 20:00:00,1,35.0,20,6,2
2023-02-19 21:00:00,3,142.9,21,6,2
2023-02-19 22:00:00,2,74.6,22,6,2
2023-02-19 23:00:00,2,111.0,23,6,2
2023-02-20 00:00:00,4,201.8,0,0,2
2023-02-20 01:00:00,3,166.1,1,0,2
2023-02-20 02:00:00,1,32.7,2,0,2
2023-02-20 03:00:00,7,338.3,3,0,2
2023-02-20 04:00:00,3,114.3,4,0,2
2023-02-20 05:00:00,2,75.1,5,0,2
2023-02-20 06:00:00,5,207.8,6,0,2
2023-02-20 07:00:00,6,311.3,7,0,2
2023-02-20 08:00:00,15,649.9,8,0,2
2023-02-20 09:00:00,21,974.6,9,0,2
2023-02-20 10:00:00,26,1110.5,10,0,2
2023-02-20 11:00:00,23,1058.1,11,0,2
2023-02-20 12:00:00,27,1237.0,12,0,2
2023-02-20 13:00:00,16,772.1,13,0,2
2023-02-20 14:00:00,11,430.8,14,0,2
2023-02-20 15:00:00,15,709.6,15,0,2
2023-02-20 16:00:00,13,576.9,16,0,2
2023-02-20 17:00:00,17,725.8,17,0,2
2023-02-20 18:00:00,12,547.6,18,0,2
2023-02-20 19:00:00,10,444.5,19,0,2
2023-02-20 20:00:00,3,135.6,20,0,2
2023-02-20 21:00:00,2,82.0,21,0,2
2023-02-20 22:00:00,1,76.1,22,0,2
2023-02-20 23:00:00,2,88.0,23,0,2
2023-02-21 00:00:00,5,238.8,0,1,2
2023-02-21 01:00:00,1,51.6,1,1,2
2023-02-21 02:00:00,2,121.3,2,1,2
2023-02-21 03:00:00,2,95.4,3,1,2
2023-02-21 04:00:00,4,252.6,4,1,2
2023-02-21 05:00:00,4,183.5,5,1,2
2023-02-21 06:00:00,7,360.90000000000003,6,1,2
2023-02-21 07:00:00,9,413.6,7,1,2
2023-02-21 08:00:00,12,489.7,8,1,2
2023-02-21 09:00:00,21,1022.5,9,1,2
2023-02-21 10:00:00,26,1160.7,10,1,2
2023-02-21 11:00:00,18,795.9,11,1,2
2023-02-21 12:00:00,21,973.3,12,1,2
2023-02-21 13:00:00,22,1063.0,13,1,2
2023-02-21 14:00:00,26,1241.9,14,1,2
2023-02-21 15:00:00,27,1262.0,15,1,2
2023-02-21 16:00:00,21,907.3,16,1,2
2023-02-21 17:00:00,12,636.1,17,1,2
2023-02-21 18:00:00,9,298.8,18,1,2
2023-02-21 19:00:00,12,594.1,19,1,2
2023-02-21 20:00:00,7,233.9,20,1,2
2023-02-21 21:00:00,7,286.7,21,1,2
2023-02-21 22:00:00,2,67.9,22,1,2
2023-02-21 23:00:00,0,0.0,23,1,2
2023-02-22 00:00:00,2,93.6,0,2,2
2023-02-22 01:00:00,0,0.0,1,2,2
2023-02-22 02:00:00,4,175.3,2,2,2
2023-02-22 03:00:00,1,55.6,3,2,2
2023-02-22 04:00:00,2,69.6,4,2,2
2023-02-22 05:00:00,4,167.9,5,2,2
2023-02-22 06:00:00,7,319.3,6,2,2
2023-02-22 07:00:00,6,256.2,7,2,2
2023-02-22 08:00:00,22,1165.9,8,2,2
2023-02-22 09:00:00,17,701.0,9,2,2
2023-02-22 10:00:00,23,1053.2,10,2,2
2023-02-22 11:00:00,19,816.8,11,2,2
2023-02-22 12:00:00,23,1086.4,12,2,2
2023-02-22 13:00:00,16,709.4,13,2,2
2023-02-22 14:00:00,24,1060.0,14,2,2
2023-02-22 15:00:00,21,1013.8,15,2,2
2023-02-22 16:00:00,19,874.5,16,2,2
2023-02-22 17:00:00,14,560.8,17,2,2
2023-02-22 18:00:00,8,317.1,18,2,2
2023-02-22 19:00:00,11,556.5,19,2,2
2023-02-22 20:00:00,11,473.5,20,2,2
2023-02-22 21:00:00,8,401.7,21,2,2
2023-02-22 22:00:00,1,29.6,22,2,2
2023-02-22 23:00:00,4,139.0,23,2,2
2023-02-23 00:00:00,2,129.9,0,3,2
2023-02-23 01:00:00,0,0.0,1,3,2
2023-02-23 02:00:00,4,159.0,2,3,2
2023-02-23 03:00:00,3,141.8,3,3,2
2023-02-23 04:00:00,1,30.9,4,3,2
2023-02-23 05:00:00,3,116.19999999999999,5,3,2
2023-02-23 06:00:00,10,490.3,6,3,2
2023-02-23 07:00:00,11,583.5,7,3,2
2023-02-23 08:00:00,16,786.2,8,3,2
2023-02-23 09:00:00,17,792.3,9,3,2
2023-02-23 10:00:00,19,895.4,10,3,2
2023-02-23 11:00:00,24,1134.7,11,3,2
2023-02-23 12:00:00,19,909.0,12,3,2
2023-02-23 13:00:00,12,637.4,13,3,2
2023-02-23 14:00:00,18,793.4,14,3,2
2023-02-23 15:00:00,20,863.0,15,3,2
2023-02-23 16:00:00,17,794.5,16,3,2
2023-02-23 17:00:00,18,778.4,17,3,2
2023-02-23 18:00:00,8,365.3,18,3,2
2023-02-23 19:00:00,6,301.8,19,3,2
2023-02-23 20:00:00,3,113.9,20,3,2
2023-02-23 21:00:00,5,204.70000000000002,21,3,2
2023-02-23 22:00:00,1,29.5,22,3,2
2023-02-23 23:00:00,3,152.5,23,3,2
2023-02-24 00:00:00,1,33.6,0,4,2
2023-02-24 01:00:00,3,188.2,1,4,2
2023-02-24 02:00:00,1,46.8,2,4,2
2023-02-24 03:00:00,0,0.0,3,4,2
2023-02-24 04:00:00,1,29.8,4,4,2
2023-02-24 05:00:00,8,381.5,5,4,2
2023-02-24 06:00:00,10,469.2,6,4,2
2023-02-24 07:00:00,13,639.0,7,4,2
2023-02-24 08:00:00,17,785.9,8,4,2
2023-02-24 09:00:00,17,829.0,9,4,2
2023-02-24 10:00:00,18,1010.3,10,4,2
2023-02-24 11:00:00,30,1476.0,11,4,2
2023-02-24 12:00:00,16,759.8,12,4,2
2023-02-24 13:00:00,27,1231.0,13,4,2
2023-02-24 14:00:00,26,1337.0,14,4,2
2023-02-24 15:00:00,22,925.1,15,4,2
2023-02-24 16:00:00,12,654.7,16,4,2
2023-02-24 17:00:00,16,769.5,17,4,2
2023-02-24 18:00:00,15,715.0,18,4,2
2023-02-24 19:00:00,8,336.3,19,4,2
2023-02-24 20:00:00,5,270.2,20,4,2
2023-02-24 21:00:00,6,242.9,21,4,2
2023-02-24 22:00:00,3,138.1,22,4,2
2023-02-24 23:00:00,5,248.4,23,4,2
2023-02-25 00:00:00,2,119.4,0,5,2
2023-02-25 01:00:00,4,141.3,1,5,2
2023-02-25 02:00:00,1,73.8,2,5,2
2023-02-25 03:00:00,2,110.8,3,5,2
2023-02-25 04:00:00,4,141.4,4,5,2
2023-02-25 05:00:00,2,138.3,5,5,2
2023-02-25 06:00:00,2,95.2,6,5,2
2023-02-25 07:00:00,8,377.5,7,5,2
2023-02-25 08:00:00,7,309.40000000000003,8,5,2
2023-02-25 09:00:00,14,656.3,9,5,2
2023-02-25 10:00:00,15,741.7,10,5,2
2023-02-25 11:00:00,17,867.8,11,5,2
2023-02-25 12:00:00,13,722.2,12,5,2
2023-02-25 13:00:00,23,968.4,13,5,2
2023-02-25 14:00:00,16,681.6,14,5,2
2023-02-25 15:00:00,12,593.8,15,5,2
2023-02-25 16:00:00,13,562.3,16,5,2
2023-02-25 17:00:00,12,491.6,17,5,2
2023-02-25 18:00:00,5,206.2,18,5,2
2023-02-25 19:00:00,3,100.9,19,5,2
2023-02-25 20:00:00,5,285.2,20,5,2
2023-02-25 21:00:00,1,29.8,21,5,2
2023-02-25 22:00:00,2,114.39999999999999,22,5,2
2023-02-25 23:00:00,1,27.8,23,5,2
2023-02-26 00:00:00,4,175.8,0,6,2
2023-02-26 01:00:00,1,30.9,1,6,2
2023-02-26 02:00:00,3,120.6,2,6,2
2023-02-26 03:00:00,2,69.19999999999999,3,6,2
2023-02-26 04:00:00,1,45.1,4,6,2
2023-02-26 05:00:00,4,197.3,5,6,2
2023-02-26 06:00:00,3,141.2,6,6,2
2023-02-26 07:00:00,8,380.2,7,6,2
2023-02-26 08:00:00,10,477.3,8,6,2
2023-02-26 09:00:00,17,872.1,9,6,2
2023-02-26 10:00:00,19,863.4,10,6,2
2023-02-26 11:00:00,13,549.0,11,6,2
2023-02-26 12:00:00,16,791.7,12,6,2
2023-02-26 13:00:00,22,1073.3,13,6,2
2023-02-26 14:00:00,19,905.1,14,6,2
2023-02-26 15:00:00,5,239.3,15,6,2
2023-02-26 16:00:00,14,640.7,16,6,2
2023-02-26 17:00:00,9,428.4,17,6,2
2023-02-26 18:00:00,8,345.6,18,6,2
2023-02-26 19:00:00,4,194.3,19,6,2
2023-02-26 20:00:00,5,260.8,20,6,2
2023-02-26 21:00:00,4,269.1,21,6,2
2023-02-26 22:00:00,3,122.1,22,6,2
2023-02-26 23:00:00,1,63.9,23,6,2
2023-02-27 00:00:00,2,65.5,0,0,2
2023-02-27 01:00:00,2,74.1,1,0,2
2023-02-27 02:00:00,0,0.0,2,0,2
2023-02-27 03:00:00,2,113.5,3,0,2
2023-02-27 04:00:00,2,110.2,4,0,2
2023-02-27 05:00:00,6,255.9,5,0,2
2023-02-27 06:00:00,7,311.3,6,0,2
2023-02-27 07:00:00,14,715.7,7,0,2
2023-02-27 08:00:00,15,630.7,8,0,2
2023-02-27 09:00:00,22,1032.0,9,0,2
2023-02-27 10:00:00,18,886.3,10,0,2
2023-02-27 11:00:00,19,748.7,11,0,2
2023-02-27 12:00:00,24,1248.2,12,0,2
2023-02-27 13:00:00,19,824.0,13,0,2
2023-02-27 14:00:00,28,1428.8999999999999,14,0,2
2023-02-27 15:00:00,19,883.1,15,0,2
2023-02-27 16:00:00,11,491.29999999999995,16,0,2
2023-02-27 17:00:00,12,636.8,17,0,2
2023-02-27 18:00:00,11,507.7,18,0,2
2023-02-27 19:00:00,7,345.8,19,0,2
2023-02-27 20:00:00,14,636.6,20,0,2
2023-02-27 21:00:00,2,80.1,21,0,2
2023-02-27 22:00:00,3,110.0,22,0,2
2023-02-27 23:00:00,3,147.3,23,0,2
2023-02-28 00:00:00,3,173.9,0,1,2
2023-02-28 01:00:00,1,32.4,1,1,2
2023-02-28 02:00:00,1,31.8,2,1,2
2023-02-28 03:00:00,5,276.4,3,1,2
2023-02-28 04:00:00,3,106.5,4,1,2
2023-02-28 05:00:00,5,212.3,5,1,2
2023-02-28 06:00:00,6,348.9,6,1,2
2023-02-28 07:00:00,12,570.7,7,1,2
2023-02-28 08:00:00,7,254.20000000000002,8,1,2
2023-02-28 09:00:00,20,929.8,9,1,2
2023-02-28 10:00:00,17,850.1,10,1,2
2023-02-28 11:00:00,18,871.3,11,1,2
2023-02-28 12:00:00,15,711.6,12,1,2
2023-02-28 13:00:00,24,1103.4,13,1,2
2023-02-28 14:00:00,23,952.0,14,1,2
2023-02-28 15:00:00,14,681.6,15,1,2
2023-02-28 16:00:00,16,786.9,16,1,2
2023-02-28 17:00:00,8,422.2,17,1,2
2023-02-28 18:00:00,12,599.3,18,1,2
2023-02-28 19:00:00,9,381.1,19,1,2
2023-02-28 20:00:00,13,547.6,20,1,2
2023-02-28 21:00:00,5,195.4,21,1,2
2023-02-28 22:00:00,3,183.3,22,1,2
2023-02-28 23:00:00,5,187.2,23,1,2
2023-03-01 00:00:00,2,77.6,0,2,3
2023-03-01 01:00:00,2,116.2,1,2,3
2023-03-01 02:00:00,5,235.3,2,2,3
2023-03-01 03:00:00,1,30.8,3,2,3
2023-03-01 04:00:00,2,116.5,4,2,3
2023-03-01 05:00:00,2,109.6,5,2,3
2023-03-01 06:00:00,8,422.7,6,2,3
2023-03-01 07:00:00,10,510.40000000000003,7,2,3
2023-03-01 08:00:00,10,480.5,8,2,3
2023-03-01 09:00:00,20,1024.4,9,2,3
2023-03-01 10:00:00,25,1197.2,10,2,3
2023-03-01 11:00:00,14,646.1,11,2,3
2023-03-01 12:00:00,24,1109.8,12,2,3
2023-03-01 13:00:00,13,588.8,13,2,3
2023-03-01 14:00:00,29,1309.8,14,2,3
2023-03-01 15:00:00,15,736.2,15,2,3
2023-03-01 16:00:00,13,715.2,16,2,3
2023-03-01 17:00:00,12,462.29999999999995,17,2,3
2023-03-01 18:00:00,10,463.2,18,2,3
2023-03-01 19:00:00,8,456.6,19,2,3
2023-03-01 20:00:00,9,418.2,20,2,3
2023-03-01 21:00:00,4,201.20000000000002,21,2,3
2023-03-01 22:00:00,7,326.4,22,2,3
2023-03-01 23:00:00,2,88.19999999999999,23,2,3
2023-03-02 00:00:00,1,47.4,0,3,3
2023-03-02 01:00:00,3,118.1,1,3,3
2023-03-02 02:00:00,3,162.6,2,3,3
2023-03-02 03:00:00,1,33.2,3,3,3
2023-03-02 04:00:00,2,78.9,4,3,3
2023-03-02 05:00:00,4,229.9,5,3,3
2023-03-02 06:00:00,6,290.1,6,3,3
2023-03-02 07:00:00,8,304.0,7,3,3
2023-03-02 08:00:00,16,787.9,8,3,3
2023-03-02 09:00:00,18,896.7,9,3,3
2023-03-02 10:00:00,18,761.0,10,3,3
2023-03-02 11:00:00,19,815.0,11,3,3
2023-03-02 12:00:00,13,606.4,12,3,3
2023-03-02 13:00:00,15,764.7,13,3,3
2023-03-02 14:00:00,26,1262.2,14,3,3
2023-03-02 15:00:00,22,1032.9,15,3,3
2023-03-02 16:00:00,16,774.8,16,3,3
2023-03-02 17:00:00,14,724.9,17,3,3
2023-03-02 18:00:00,14,683.3,18,3,3
2023-03-02 19:00:00,14,613.4,19,3,3
2023-03-02 20:00:00,6,331.1,20,3,3
2023-03-02 21:00:00,6,205.4,21,3,3
2023-03-02 22:00:00,2,154.2,22,3,3
2023-03-02 23:00:00,4,225.7,23,3,3
2023-03-03 00:00:00,0,0.0,0,4,3
2023-03-03 01:00:00,3,124.4,1,4,3
2023-03-03 02:00:00,2,69.9,2,4,3
2023-03-03 03:00:00,1,48.4,3,4,3
2023-03-03 04:00:00,3,105.69999999999999,4,4,3
2023-03-03 05:00:00,6,256.5,5,4,3
2023-03-03 06:00:00,9,441.3,6,4,3
2023-03-03 07:00:00,12,515.5,7,4,3
2023-03-03 08:00:00,18,748.2,8,4,3
2023-03-03 09:00:00,16,713.6,9,4,3
2023-03-03 10:00:00,26,1185.2,10,4,3
2023-03-03 11:00:00,16,674.1,11,4,3
2023-03-03 12:00:00,17,798.1,12,4,3
2023-03-03 13:00:00,28,1463.9,13,4,3
2023-03-03 14:00:00,22,957.4,14,4,3
2023-03-03 15:00:00,20,895.4,15,4,3
2023-03-03 16:00:00,21,924.0,16,4,3
2023-03-03 17:00:00,18,880.8,17,4,3
2023-03-03 18:00:00,7,294.9,18,4,3
2023-03-03 19:00:00,17,864.6,19,4,3
2023-03-03 20:00:00,4,151.8,20,4,3
2023-03-03 21:00:00,3,130.10000000000002,21,4,3
2023-03-03 22:00:00,3,97.9,22,4,3
2023-03-03 23:00:00,0,0.0,23,4,3
2023-03-04 00:00:00,2,79.9,0,5,3
2023-03-04 01:00:00,2,72.8,1,5,3
2023-03-04 02:00:00,2,110.2,2,5,3
2023-03-04 03:00:00,1,44.1,3,5,3
2023-03-04 04:00:00,1,31.7,4,5,3
2023-03-04 05:00:00,2,124.9,5,5,3
2023-03-04 06:00:00,5,290.8,6,5,3
2023-03-04 07:00:00,9,383.8,7,5,3
2023-03-04 08:00:00,21,896.5,8,5,3
2023-03-04 09:00:00,12,515.3,9,5,3
2023-03-04 10:00:00,9,361.0,10,5,3
2023-03-04 11:00:00,15,709.7,11,5,3
2023-03-04 12:00:00,16,773.8000000000001,12,5,3
2023-03-04 13:00:00,12,610.3,13,5,3
2023-03-04 14:00:00,18,813.1,14,5,3
2023-03-04 15:00:00,17,780.3,15,5,3
2023-03-04 16:00:00,13,545.2,16,5,3
2023-03-04 17:00:00,8,370.7,17,5,3
2023-03-04 18:00:00,9,338.8,18,5,3
2023-03-04 19:00:00,7,276.2,19,5,3
2023-03-04 20:00:00,9,532.7,20,5,3
2023-03-04 21:00:00,1,31.2,21,5,3
2023-03-04 22:00:00,1,34.7,22,5,3
2023-03-04 23:00:00,2,63.0,23,5,3
2023-03-05 00:00:00,3,162.6,0,6,3
2023-03-05 01:00:00,4,219.8,1,6,3
2023-03-05 02:00:00,1,37.5,2,6,3
2023-03-05 03:00:00,3,143.5,3,6,3
2023-03-05 04:00:00,0,0.0,4,6,3
2023-03-05 05:00:00,2,90.6,5,6,3
2023-03-05 06:00:00,8,425.4,6,6,3
2023-03-05 07:00:00,7,283.1,7,6,3
2023-03-05 08:00:00,9,399.6,8,6,3
2023-03-05 09:00:00,11,450.5,9,6,3
2023-03-05 10:00:00,8,393.9,10,6,3
2023-03-05 11:00:00,18,810.9,11,6,3
2023-03-05 12:00:00,12,573.6,12,6,3
2023-03-05 13:00:00,22,927.9,13,6,3
2023-03-05 14:00:00,27,1258.5,14,6,3
2023-03-05 15:00:00,16,724.5,15,6,3
2023-03-05 16:00:00,10,445.20000000000005,16,6,3
2023-03-05 17:00:00,7,343.9,17,6,3
2023-03-05 18:00:00,6,288.9,18,6,3
2023-03-05 19:00:00,4,245.2,19,6,3
2023-03-05 20:00:00,5,178.29999999999998,20,6,3
2023-03-05 21:00:00,4,221.5,21,6,3
2023-03-05 22:00:00,2,112.3,22,6,3
2023-03-05 23:00:00,1,71.1,23,6,3
2023-03-06 00:00:00,2,74.69999999999999,0,0,3
2023-03-06 01:00:00,3,174.5,1,0,3
2023-03-06 02:00:00,2,128.9,2,0,3
2023-03-06 03:00:00,0,0.0,3,0,3
2023-03-06 04:00:00,5,260.3,4,0,3
2023-03-06 05:00:00,0,0.0,5,0,3
2023-03-06 06:00:00,9,444.4,6,0,3
2023-03-06 07:00:00,7,319.40000000000003,7,0,3
2023-03-06 08:00:00,6,295.7,8,0,3
2023-03-06 09:00:00,18,826.7,9,0,3
2023-03-06 10:00:00,22,1059.0,10,0,3
2023-03-06 11:00:00,30,1383.2,11,0,3
2023-03-06 12:00:00,21,842.1,12,0,3
2023-03-06 13:00:00,23,1208.6,13,0,3
2023-03-06 14:00:00,20,921.2,14,0,3
2023-03-06 15:00:00,20,833.1,15,0,3
2023-03-06 16:00:00,19,811.0,16,0,3
2023-03-06 17:00:00,7,277.6,17,0,3
2023-03-06 18:00:00,16,658.6,18,0,3
2023-03-06 19:00:00,7,289.6,19,0,3
2023-03-06 20:00:00,8,415.2,20,0,3
2023-03-06 21:00:00,5,229.8,21,0,3
2023-03-06 22:00:00,2,73.2,22,0,3
2023-03-06 23:00:00,2,126.9,23,0,3
2023-03-07 00:00:00,1,44.2,0,1,3
2023-03-07 01:00:00,2,65.4,1,1,3
2023-03-07 02:00:00,3,101.0,2,1,3
2023-03-07 03:00:00,0,0.0,3,1,3
2023-03-07 04:00:00,0,0.0,4,1,3
2023-03-07 05:00:00,10,434.8,5,1,3
2023-03-07 06:00:00,4,183.6,6,1,3
2023-03-07 07:00:00,15,701.8,7,1,3
2023-03-07 08:00:00,14,686.0,8,1,3
2023-03-07 09:00:00,17,751.4,9,1,3
2023-03-07 10:00:00,28,1388.8,10,1,3
2023-03-07 11:00:00,26,1150.9,11,1,3
2023-03-07 12:00:00,27,1221.8,12,1,3
2023-03-07 13:00:00,19,933.8000000000001,13,1,3
2023-03-07 14:00:00,28,1287.7,14,1,3
2023-03-07 15:00:00,9,381.5,15,1,3
2023-03-07 16:00:00,18,734.7,16,1,3
2023-03-07 17:00:00,13,616.5,17,1,3
2023-03-07 18:00:00,9,439.0,18,1,3
2023-03-07 19:00:00,9,405.79999999999995,19,1,3
2023-03-07 20:00:00,6,250.5,20,1,3
2023-03-07 21:00:00,2,119.7,21,1,3
2023-03-07 22:00:00,4,252.2,22,1,3
2023-03-07 23:00:00,0,0.0,23,1,3
2023-03-08 00:00:00,4,184.3,0,2,3
2023-03-08 01:00:00,1,29.1,1,2,3
2023-03-08 02:00:00,1,46.3,2,2,3
2023-03-08 03:00:00,0,0.0,3,2,3
2023-03-08 04:00:00,4,180.39999999999998,4,2,3
2023-03-08 05:00:00,3,130.1,5,2,3
2023-03-08 06:00:00,4,221.1,6,2,3
2023-03-08 07:00:00,15,696.4,7,2,3
2023-03-08 08:00:00,9,415.1,8,2,3
2023-03-08 09:00:00,12,466.9,9,2,3
2023-03-08 10:00:00,24,1133.0,10,2,3
2023-03-08 11:00:00,17,887.5,11,2,3
2023-03-08 12:00:00,20,911.4,12,2,3
2023-03-08 13:00:00,23,1068.4,13,2,3
2023-03-08 14:00:00,15,675.1,14,2,3
2023-03-08 15:00:00,20,1070.1,15,2,3
2023-03-08 16:00:00,29,1319.6,16,2,3
2023-03-08 17:00:00,17,793.8,17,2,3
2023-03-08 18:00:00,14,617.2,18,2,3
2023-03-08 19:00:00,5,222.6,19,2,3
2023-03-08 20:00:00,9,534.8,20,2,3
2023-03-08 21:00:00,3,190.3,21,2,3
2023-03-08 22:00:00,2,86.0,22,2,3
2023-03-08 23:00:00,2,77.5,23,2,3
2023-03-09 00:00:00,3,128.1,0,3,3
2023-03-09 01:00:00,2,108.69999999999999,1,3,3
2023-03-09 02:00:00,1,51.4,2,3,3
2023-03-09 03:00:00,2,85.7,3,3,3
2023-03-09 04:00:00,2,113.9,4,3,3
2023-03-09 05:00:00,7,311.0,5,3,3
2023-03-09 06:00:00,9,432.3,6,3,3
2023-03-09 07:00:00,5,163.9,7,3,3
2023-03-09 08:00:00,19,977.1,8,3,3
2023-03-09 09:00:00,16,762.7,9,3,3
2023-03-09 10:00:00,19,960.1,10,3,3
2023-03-09 11:00:00,22,1104.9,11,3,3
2023-03-09 12:00:00,26,1366.2,12,3,3
2023-03-09 13:00:00,21,958.5,13,3,3
2023-03-09 14:00:00,14,771.8,14,3,3
2023-03-09 15:00:00,22,1034.8,15,3,3
2023-03-09 16:00:00,19,894.0,16,3,3
2023-03-09 17:00:00,16,716.6,17,3,3
2023-03-09 18:00:00,7,296.8,18,3,3
2023-03-09 19:00:00,11,621.6,19,3,3
2023-03-09 20:00:00,5,229.2,20,3,3
2023-03-09 21:00:00,5,196.2,21,3,3
2023-03-09 22:00:00,0,0.0,22,3,3
2023-03-09 23:00:00,2,57.1,23,3,3
2023-03-10 00:00:00,2,86.6,0,4,3
2023-03-10 01:00:00,1,80.0,1,4,3
2023-03-10 02:00:00,1,37.9,2,4,3
2023-03-10 03:00:00,2,108.9,3,4,3
2023-03-10 04:00:00,1,80.0,4,4,3
2023-03-10 05:00:00,9,392.1,5,4,3
2023-03-10 06:00:00,11,439.3,6,4,3
2023-03-10 07:00:00,9,370.5,7,4,3
2023-03-10 08:00:00,12,556.2,8,4,3
2023-03-10 09:00:00,18,843.8,9,4,3
2023-03-10 10:00:00,22,913.5,10,4,3
2023-03-10 11:00:00,22,903.7,11,4,3
2023-03-10 12:00:00,12,608.8,12,4,3
2023-03-10 13:00:00,23,1042.9,13,4,3
2023-03-10 14:00:00,23,1127.2,14,4,3
2023-03-10 15:00:00,22,1160.4,15,4,3
2023-03-10 16:00:00,13,625.9,16,4,3
2023-03-10 17:00:00,20,932.0,17,4,3
2023-03-10 18:00:00,9,449.9,18,4,3
2023-03-10 19:00:00,10,424.3,19,4,3
2023-03-10 20:00:00,8,314.7,20,4,3
2023-03-10 21:00:00,4,177.5,21,4,3
2023-03-10 22:00:00,3,129.0,22,4,3
2023-03-10 23:00:00,2,125.7,23,4,3
2023-03-11 00:00:00,0,0.0,0,5,3
2023-03-11 01:00:00,0,0.0,1,5,3
2023-03-11 02:00:00,1,26.9,2,5,3
2023-03-11 03:00:00,1,57.5,3,5,3
2023-03-11 04:00:00,1,66.9,4,5,3
2023-03-11 05:00:00,6,308.1,5,5,3
2023-03-11 06:00:00,7,293.1,6,5,3
2023-03-11 07:00:00,10,460.3,7,5,3
2023-03-11 08:00:00,6,327.0,8,5,3
2023-03-11 09:00:00,11,521.1,9,5,3
2023-03-11 10:00:00,14,556.6,10,5,3
2023-03-11 11:00:00,12,494.70000000000005,11,5,3
2023-03-11 12:00:00,14,634.7,12,5,3
2023-03-11 13:00:00,18,869.4,13,5,3
2023-03-11 14:00:00,23,1041.6,14,5,3
2023-03-11 15:00:00,8,319.0,15,5,3
2023-03-11 16:00:00,10,542.7,16,5,3
2023-03-11 17:00:00,12,513.7,17,5,3
2023-03-11 18:00:00,9,487.6,18,5,3
2023-03-11 19:00:00,4,216.3,19,5,3
2023-03-11 20:00:00,4,219.0,20,5,3
2023-03-11 21:00:00,1,46.7,21,5,3
2023-03-11 22:00:00,1,30.9,22,5,3
2023-03-11 23:00:00,5,285.59999999999997,23,5,3
2023-03-12 00:00:00,0,0.0,0,6,3
2023-03-12 01:00:00,2,110.19999999999999,1,6,3
2023-03-12 02:00:00,0,0.0,2,6,3
2023-03-12 03:00:00,4,172.7,3,6,3
2023-03-12 04:00:00,0,0.0,4,6,3
2023-03-12 05:00:00,4,183.7,5,6,3
2023-03-12 06:00:00,8,348.1,6,6,3
2023-03-12 07:00:00,2,76.9,7,6,3
2023-03-12 08:00:00,9,393.2,8,6,3
2023-03-12 09:00:00,11,582.4,9,6,3
2023-03-12 10:00:00,15,726.0,10,6,3
2023-03-12 11:00:00,11,491.0,11,6,3
2023-03-12 12:00:00,17,943.1999999999999,12,6,3
2023-03-12 13:00:00,25,1402.7,13,6,3
2023-03-12 14:00:00,22,1178.9,14,6,3
2023-03-12 15:00:00,12,526.0,15,6,3
2023-03-12 16:00:00,14,712.7,16,6,3
2023-03-12 17:00:00,5,178.5,17,6,3
2023-03-12 18:00:00,7,370.2,18,6,3
2023-03-12 19:00:00,7,318.0,19,6,3
2023-03-12 20:00:00,3,188.7,20,6,3
2023-03-12 21:00:00,2,77.8,21,6,3
2023-03-12 22:00:00,2,78.0,22,6,3
2023-03-12 23:00:00,3,147.2,23,6,3
2023-03-13 00:00:00,2,95.2,0,0,3
2023-03-13 01:00:00,4,229.6,1,0,3
2023-03-13 02:00:00,4,218.0,2,0,3
2023-03-13 03:00:00,2,105.0,3,0,3
2023-03-13 04:00:00,3,107.0,4,0,3
2023-03-13 05:00:00,4,219.5,5,0,3
2023-03-13 06:00:00,5,238.3,6,0,3
2023-03-13 07:00:00,7,271.4,7,0,3
2023-03-13 08:00:00,10,445.7,8,0,3
2023-03-13 09:00:00,23,1177.6,9,0,3
2023-03-13 10:00:00,22,1029.9,10,0,3
2023-03-13 11:00:00,19,994.4,11,0,3
2023-03-13 12:00:00,22,954.5,12,0,3
2023-03-13 13:00:00,9,486.0,13,0,3
2023-03-13 14:00:00,18,788.2,14,0,3
2023-03-13 15:00:00,23,1017.4,15,0,3
2023-03-13 16:00:00,17,820.4,16,0,3
2023-03-13 17:00:00,11,538.1999999999999,17,0,3
2023-03-13 18:00:00,11,575.4,18,0,3
2023-03-13 19:00:00,12,654.0,19,0,3
2023-03-13 20:00:00,6,260.2,20,0,3
2023-03-13 21:00:00,5,195.6,21,0,3
2023-03-13 22:00:00,1,79.4,22,0,3
2023-03-13 23:00:00,2,85.6,23,0,3
2023-03-14 00:00:00,1,80.0,0,1,3
2023-03-14 01:00:00,3,152.7,1,1,3
2023-03-14 02:00:00,0,0.0,2,1,3
2023-03-14 03:00:00,2,132.60000000000002,3,1,3
2023-03-14 04:00:00,1,32.5,4,1,3
2023-03-14 05:00:00,1,29.6,5,1,3
2023-03-14 06:00:00,7,319.1,6,1,3
2023-03-14 07:00:00,14,736.2,7,1,3
2023-03-14 08:00:00,14,611.7,8,1,3
2023-03-14 09:00:00,19,916.6,9,1,3
2023-03-14 10:00:00,33,1589.6,10,1,3
2023-03-14 11:00:00,26,1230.9,11,1,3
2023-03-14 12:00:00,27,1320.0,12,1,3
2023-03-14 13:00:00,22,946.7,13,1,3
2023-03-14 14:00:00,14,656.4,14,1,3
2023-03-14 15:00:00,20,796.0,15,1,3
2023-03-14 16:00:00,22,972.2,16,1,3
2023-03-14 17:00:00,16,710.3,17,1,3
2023-03-14 18:00:00,11,591.5,18,1,3
2023-03-14 19:00:00,10,393.0,19,1,3
2023-03-14 20:00:00,7,323.5,20,1,3
2023-03-14 21:00:00,1,80.0,21,1,3
2023-03-14 22:00:00,3,136.6,22,1,3
2023-03-14 23:00:00,5,195.3,23,1,3
2023-03-15 00:00:00,1,37.7,0,2,3
2023-03-15 01:00:00,4,199.1,1,2,3
2023-03-15 02:00:00,1,80.0,2,2,3
2023-03-15 03:00:00,2,81.8,3,2,3
2023-03-15 04:00:00,1,34.7,4,2,3
2023-03-15 05:00:00,8,275.2,5,2,3
2023-03-15 06:00:00,6,292.6,6,2,3
2023-03-15 07:00:00,12,583.7,7,2,3
2023-03-15 08:00:00,12,646.4,8,2,3
2023-03-15 09:00:00,19,876.2,9,2,3
2023-03-15 10:00:00,25,1200.0,10,2,3
2023-03-15 11:00:00,12,619.6,11,2,3
2023-03-15 12:00:00,16,737.1,12,2,3
2023-03-15 13:00:00,22,921.2,13,2,3
2023-03-15 14:00:00,17,781.0,14,2,3
2023-03-15 15:00:00,14,722.7,15,2,3
2023-03-15 16:00:00,19,787.7,16,2,3
2023-03-15 17:00:00,16,761.8000000000001,17,2,3
2023-03-15 18:00:00,8,398.3,18,2,3
2023-03-15 19:00:00,12,566.8,19,2,3
2023-03-15 20:00:00,8,375.3,20,2,3
2023-03-15 21:00:00,2,127.5,21,2,3
2023-03-15 22:00:00,2,110.1,22,2,3
2023-03-15 23:00:00,2,108.2,23,2,3
2023-03-16 00:00:00,5,274.7,0,3,3
2023-03-16 01:00:00,1,33.3,1,3,3
2023-03-16 02:00:00,3,186.6,2,3,3
2023-03-16 03:00:00,1,39.5,3,3,3
2023-03-16 04:00:00,1,28.0,4,3,3
2023-03-16 05:00:00,4,232.8,5,3,3
2023-03-16 06:00:00,7,313.2,6,3,3
2023-03-16 07:00:00,9,331.9,7,3,3
2023-03-16 08:00:00,16,677.2,8,3,3
2023-03-16 09:00:00,22,974.5,9,3,3
2023-03-16 10:00:00,17,904.9,10,3,3
2023-03-16 11:00:00,16,843.9,11,3,3
2023-03-16 12:00:00,17,709.2,12,3,3
2023-03-16 13:00:00,13,593.9,13,3,3
2023-03-16 14:00:00,20,878.4,14,3,3
2023-03-16 15:00:00,17,701.9,15,3,3
2023-03-16 16:00:00,10,447.2,16,3,3
2023-03-16 17:00:00,14,626.2,17,3,3
2023-03-16 18:00:00,14,634.4,18,3,3
2023-03-16 19:00:00,9,468.5,19,3,3
2023-03-16 20:00:00,11,564.0,20,3,3
2023-03-16 21:00:00,7,382.4,21,3,3
2023-03-16 22:00:00,4,248.70000000000002,22,3,3
2023-03-16 23:00:00,3,146.1,23,3,3
2023-03-17 00:00:00,4,227.59999999999997,0,4,3
2023-03-17 01:00:00,2,63.7,1,4,3
2023-03-17 02:00:00,2,68.0,2,4,3
2023-03-17 03:00:00,1,35.6,3,4,3
2023-03-17 04:00:00,3,157.1,4,4,3
2023-03-17 05:00:00,4,209.89999999999998,5,4,3
2023-03-17 06:00:00,4,187.5,6,4,3
2023-03-17 07:00:00,6,353.0,7,4,3
2023-03-17 08:00:00,11,481.4,8,4,3
2023-03-17 09:00:00,22,1047.8,9,4,3
2023-03-17 10:00:00,22,1059.5,10,4,3
2023-03-17 11:00:00,24,1203.1,11,4,3
2023-03-17 12:00:00,21,959.3,12,4,3
2023-03-17 13:00:00,21,1115.7,13,4,3
2023-03-17 14:00:00,22,1046.2,14,4,3
2023-03-17 15:00:00,12,644.9,15,4,3
2023-03-17 16:00:00,12,649.3,16,4,3
2023-03-17 17:00:00,14,765.1,17,4,3
2023-03-17 18:00:00,8,344.5,18,4,3
2023-03-17 19:00:00,7,261.1,19,4,3
2023-03-17 20:00:00,2,114.3,20,4,3
2023-03-17 21:00:00,6,322.8,21,4,3
2023-03-17 22:00:00,7,288.1,22,4,3
2023-03-17 23:00:00,4,166.4,23,4,3
2023-03-18 00:00:00,3,135.9,0,5,3
2023-03-18 01:00:00,1,26.6,1,5,3
2023-03-18 02:00:00,1,39.8,2,5,3
2023-03-18 03:00:00,4,153.8,3,5,3
2023-03-18 04:00:00,3,143.2,4,5,3
2023-03-18 05:00:00,2,66.2,5,5,3
2023-03-18 06:00:00,5,306.2,6,5,3
2023-03-18 07:00:00,8,406.1,7,5,3
2023-03-18 08:00:00,9,453.5,8,5,3
2023-03-18 09:00:00,10,460.0,9,5,3
2023-03-18 10:00:00,19,863.8,10,5,3
2023-03-18 11:00:00,17,687.8,11,5,3
2023-03-18 12:00:00,13,583.7,12,5,3
2023-03-18 13:00:00,19,886.6,13,5,3
2023-03-18 14:00:00,20,761.9,14,5,3
2023-03-18 15:00:00,16,796.5,15,5,3
2023-03-18 16:00:00,8,356.6,16,5,3
2023-03-18 17:00:00,8,427.1,17,5,3
2023-03-18 18:00:00,5,253.9,18,5,3
2023-03-18 19:00:00,6,303.5,19,5,3
2023-03-18 20:00:00,6,227.2,20,5,3
2023-03-18 21:00:00,3,157.10000000000002,21,5,3
2023-03-18 22:00:00,0,0.0,22,5,3
2023-03-18 23:00:00,2,132.3,23,5,3
2023-03-19 00:00:00,0,0.0,0,6,3
2023-03-19 01:00:00,5,216.1,1,6,3
2023-03-19 02:00:00,2,97.8,2,6,3
2023-03-19 03:00:00,2,118.80000000000001,3,6,3
2023-03-19 04:00:00,1,37.7,4,6,3
2023-03-19 05:00:00,5,226.60000000000002,5,6,3
2023-03-19 06:00:00,9,399.90000000000003,6,6,3
2023-03-19 07:00:00,6,234.1,7,6,3
2023-03-19 08:00:00,7,347.4,8,6,3
2023-03-19 09:00:00,9,321.9,9,6,3
2023-03-19 10:00:00,17,738.2,10,6,3
2023-03-19 11:00:00,21,927.9,11,6,3
2023-03-19 12:00:00,9,380.0,12,6,3
2023-03-19 13:00:00,16,800.6,13,6,3
2023-03-19 14:00:00,6,208.1,14,6,3
2023-03-19 15:00:00,20,1107.1,15,6,3
2023-03-19 16:00:00,11,460.3,16,6,3
2023-03-19 17:00:00,12,510.5,17,6,3
2023-03-19 18:00:00,8,353.9,18,6,3
2023-03-19 19:00:00,5,268.5,19,6,3
2023-03-19 20:00:00,6,316.6,20,6,3
2023-03-19 21:00:00,5,251.4,21,6,3
2023-03-19 22:00:00,0,0.0,22,6,3
2023-03-19 23:00:00,1,75.3,23,6,3
2023-03-20 00:00:00,1,50.2,0,0,3
2023-03-20 01:00:00,1,51.4,1,0,3
2023-03-20 02:00:00,3,143.7,2,0,3
2023-03-20 03:00:00,2,66.5,3,0,3
2023-03-20 04:00:00,0,0.0,4,0,3
2023-03-20 05:00:00,5,232.8,5,0,3
2023-03-20 06:00:00,10,500.4,6,0,3
2023-03-20 07:00:00,8,370.4,7,0,3
2023-03-20 08:00:00,12,596.5,8,0,3
2023-03-20 09:00:00,20,981.2,9,0,3
2023-03-20 10:00:00,29,1295.2,10,0,3
2023-03-20 11:00:00,23,1017.9,11,0,3
2023-03-20 12:00:00,17,786.9,12,0,3
2023-03-20 13:00:00,30,1549.7,13,0,3
2023-03-20 14:00:00,23,1235.4,14,0,3
2023-03-20 15:00:00,16,802.3,15,0,3
2023-03-20 16:00:00,15,677.6,16,0,3
2023-03-20 17:00:00,15,656.9,17,0,3
2023-03-20 18:00:00,10,486.70000000000005,18,0,3
2023-03-20 19:00:00,6,287.6,19,0,3
2023-03-20 20:00:00,6,276.79999999999995,20,0,3
2023-03-20 21:00:00,4,144.2,21,0,3
2023-03-20 22:00:00,4,194.0,22,0,3
2023-03-20 23:00:00,0,0.0,23,0,3
2023-03-21 00:00:00,2,69.80000000000001,0,1,3
2023-03-21 01:00:00,3,117.6,1,1,3
2023-03-21 02:00:00,1,26.7,2,1,3
2023-03-21 03:00:00,3,171.1,3,1,3
2023-03-21 04:00:00,1,47.9,4,1,3
2023-03-21 05:00:00,6,288.5,5,1,3
2023-03-21 06:00:00,7,348.9,6,1,3
2023-03-21 07:00:00,13,572.3,7,1,3
2023-03-21 08:00:00,21,1185.1,8,1,3
2023-03-21 09:00:00,20,894.4,9,1,3
2023-03-21 10:00:00,24,1130.7,10,1,3
2023-03-21 11:00:00,23,1043.8,11,1,3
2023-03-21 12:00:00,23,1237.0,12,1,3
2023-03-21 13:00:00,29,1235.2,13,1,3
2023-03-21 14:00:00,22,1001.9,14,1,3
2023-03-21 15:00:00,19,791.8,15,1,3
2023-03-21 16:00:00,18,797.9,16,1,3
2023-03-21 17:00:00,17,811.2,17,1,3
2023-03-21 18:00:00,9,356.9,18,1,3
2023-03-21 19:00:00,8,433.6,19,1,3
2023-03-21 20:00:00,8,409.9,20,1,3
2023-03-21 21:00:00,1,48.1,21,1,3
2023-03-21 22:00:00,3,149.2,22,1,3
2023-03-21 23:00:00,1,32.7,23,1,3
2023-03-22 00:00:00,2,114.2,0,2,3
2023-03-22 01:00:00,3,129.0,1,2,3
2023-03-22 02:00:00,4,187.7,2,2,3
2023-03-22 03:00:00,1,33.7,3,2,3
2023-03-22 04:00:00,1,80.0,4,2,3
2023-03-22 05:00:00,4,125.80000000000001,5,2,3
2023-03-22 06:00:00,9,433.7,6,2,3
2023-03-22 07:00:00,12,533.4,7,2,3
2023-03-22 08:00:00,11,536.3,8,2,3
2023-03-22 09:00:00,16,607.4,9,2,3
2023-03-22 10:00:00,26,1307.2,10,2,3
2023-03-22 11:00:00,18,854.2,11,2,3
2023-03-22 12:00:00,23,1070.8,12,2,3
2023-03-22 13:00:00,20,965.2,13,2,3
2023-03-22 14:00:00,18,842.0,14,2,3
2023-03-22 15:00:00,12,543.0,15,2,3
2023-03-22 16:00:00,19,886.8,16,2,3
2023-03-22 17:00:00,8,372.8,17,2,3
2023-03-22 18:00:00,10,479.0,18,2,3
2023-03-22 19:00:00,9,477.9,19,2,3
2023-03-22 20:00:00,1,33.3,20,2,3
2023-03-22 21:00:00,6,282.0,21,2,3
2023-03-22 22:00:00,0,0.0,22,2,3
2023-03-22 23:00:00,3,129.8,23,2,3
2023-03-23 00:00:00,0,0.0,0,3,3
2023-03-23 01:00:00,1,32.3,1,3,3
2023-03-23 02:00:00,1,35.2,2,3,3
2023-03-23 03:00:00,2,79.0,3,3,3
2023-03-23 04:00:00,3,114.0,4,3,3
2023-03-23 05:00:00,2,72.0,5,3,3
2023-03-23 06:00:00,5,194.3,6,3,3
2023-03-23 07:00:00,7,306.7,7,3,3
2023-03-23 08:00:00,13,563.6,8,3,3
2023-03-23 09:00:00,22,1048.8,9,3,3
2023-03-23 10:00:00,24,1037.1,10,3,3
2023-03-23 11:00:00,21,892.3,11,3,3
2023-03-23 12:00:00,18,857.6999999999999,12,3,3
2023-03-23 13:00:00,15,623.4,13,3,3
2023-03-23 14:00:00,29,1382.0,14,3,3
2023-03-23 15:00:00,15,669.9,15,3,3
2023-03-23 16:00:00,18,884.6,16,3,3
2023-03-23 17:00:00,12,547.8,17,3,3
2023-03-23 18:00:00,16,864.3,18,3,3
2023-03-23 19:00:00,13,629.4,19,3,3
2023-03-23 20:00:00,5,314.8,20,3,3
2023-03-23 21:00:00,5,214.9,21,3,3
2023-03-23 22:00:00,3,206.7,22,3,3
2023-03-23 23:00:00,2,69.8,23,3,3
2023-03-24 00:00:00,4,208.1,0,4,3
2023-03-24 01:00:00,2,65.7,1,4,3
2023-03-24 02:00:00,4,276.7,2,4,3
2023-03-24 03:00:00,4,183.0,3,4,3
2023-03-24 04:00:00,3,180.89999999999998,4,4,3
2023-03-24 05:00:00,5,283.4,5,4,3
2023-03-24 06:00:00,4,166.8,6,4,3
2023-03-24 07:00:00,11,532.5,7,4,3
2023-03-24 08:00:00,6,263.4,8,4,3
2023-03-24 09:00:00,26,1274.8,9,4,3
2023-03-24 10:00:00,23,1204.7,10,4,3
2023-03-24 11:00:00,22,1092.4,11,4,3
2023-03-24 12:00:00,27,1396.5,12,4,3
2023-03-24 13:00:00,20,995.6999999999999,13,4,3
2023-03-24 14:00:00,18,813.6,14,4,3
2023-03-24 15:00:00,21,919.1,15,4,3
2023-03-24 16:00:00,20,887.5,16,4,3
2023-03-24 17:00:00,16,689.8,17,4,3
2023-03-24 18:00:00,18,928.7,18,4,3
2023-03-24 19:00:00,12,587.0,19,4,3
2023-03-24 20:00:00,3,137.5,20,4,3
2023-03-24 21:00:00,3,136.7,21,4,3
2023-03-24 22:00:00,3,153.0,22,4,3
2023-03-24 23:00:00,4,177.0,23,4,3
2023-03-25 00:00:00,2,128.3,0,5,3
2023-03-25 01:00:00,2,65.5,1,5,3
2023-03-25 02:00:00,1,80.0,2,5,3
2023-03-25 03:00:00,1,53.7,3,5,3
2023-03-25 04:00:00,0,0.0,4,5,3
2023-03-25 05:00:00,6,249.6,5,5,3
2023-03-25 06:00:00,2,126.5,6,5,3
2023-03-25 07:00:00,7,306.1,7,5,3
2023-03-25 08:00:00,10,403.0,8,5,3
2023-03-25 09:00:00,11,423.9,9,5,3
2023-03-25 10:00:00,18,791.1,10,5,3
2023-03-25 11:00:00,16,756.8,11,5,3
2023-03-25 12:00:00,20,850.4,12,5,3
2023-03-25 13:00:00,15,825.1,13,5,3
2023-03-25 14:00:00,22,954.6,14,5,3
2023-03-25 15:00:00,19,740.3,15,5,3
2023-03-25 16:00:00,8,352.8,16,5,3
2023-03-25 17:00:00,11,512.1,17,5,3
2023-03-25 18:00:00,8,391.4,18,5,3
2023-03-25 19:00:00,5,223.1,19,5,3
2023-03-25 20:00:00,6,303.9,20,5,3
2023-03-25 21:00:00,5,255.2,21,5,3
2023-03-25 22:00:00,0,0.0,22,5,3
2023-03-25 23:00:00,1,37.8,23,5,3
2023-03-26 00:00:00,1,48.3,0,6,3
2023-03-26 01:00:00,3,142.6,1,6,3
2023-03-26 02:00:00,1,51.6,2,6,3
2023-03-26 03:00:00,0,0.0,3,6,3
2023-03-26 04:00:00,1,51.7,4,6,3
2023-03-26 05:00:00,2,79.1,5,6,3
2023-03-26 06:00:00,5,268.5,6,6,3
2023-03-26 07:00:00,6,238.2,7,6,3
2023-03-26 08:00:00,12,585.7,8,6,3
2023-03-26 09:00:00,15,694.9,9,6,3
2023-03-26 10:00:00,19,954.3000000000001,10,6,3
2023-03-26 11:00:00,18,900.7,11,6,3
2023-03-26 12:00:00,14,743.9,12,6,3
2023-03-26 13:00:00,14,700.7,13,6,3
2023-03-26 14:00:00,17,919.4,14,6,3
2023-03-26 15:00:00,11,570.9,15,6,3
2023-03-26 16:00:00,15,598.4,16,6,3
2023-03-26 17:00:00,8,399.7,17,6,3
2023-03-26 18:00:00,4,222.1,18,6,3
2023-03-26 19:00:00,7,349.0,19,6,3
2023-03-26 20:00:00,5,238.6,20,6,3
2023-03-26 21:00:00,2,113.1,21,6,3
2023-03-26 22:00:00,0,0.0,22,6,3
2023-03-26 23:00:00,4,126.6,23,6,3
2023-03-27 00:00:00,4,227.1,0,0,3
2023-03-27 01:00:00,2,68.1,1,0,3
2023-03-27 02:00:00,2,69.5,2,0,3
2023-03-27 03:00:00,3,184.7,3,0,3
2023-03-27 04:00:00,2,92.8,4,0,3
2023-03-27 05:00:00,0,0.0,5,0,3
2023-03-27 06:00:00,11,421.5,6,0,3
2023-03-27 07:00:00,12,539.9,7,0,3
2023-03-27 08:00:00,17,870.2,8,0,3
2023-03-27 09:00:00,25,1297.2,9,0,3
2023-03-27 10:00:00,24,1023.2,10,0,3
2023-03-27 11:00:00,16,789.8,11,0,3
2023-03-27 12:00:00,18,719.3,12,0,3
2023-03-27 13:00:00,22,1115.7,13,0,3
2023-03-27 14:00:00,27,1230.2,14,0,3
2023-03-27 15:00:00,20,1005.8,15,0,3
2023-03-27 16:00:00,13,536.6,16,0,3
2023-03-27 17:00:00,16,840.9,17,0,3
2023-03-27 18:00:00,17,916.5,18,0,3
2023-03-27 19:00:00,10,459.0,19,0,3
2023-03-27 20:00:00,8,315.5,20,0,3
2023-03-27 21:00:00,5,282.6,21,0,3
2023-03-27 22:00:00,1,29.7,22,0,3
2023-03-27 23:00:00,2,111.0,23,0,3
2023-03-28 00:00:00,5,223.2,0,1,3
2023-03-28 01:00:00,2,70.0,1,1,3
2023-03-28 02:00:00,1,47.5,2,1,3
2023-03-28 03:00:00,2,129.9,3,1,3
2023-03-28 04:00:00,3,107.3,4,1,3
2023-03-28 05:00:00,5,229.10000000000002,5,1,3
2023-03-28 06:00:00,6,321.0,6,1,3
2023-03-28 07:00:00,9,416.0,7,1,3
2023-03-28 08:00:00,10,547.8,8,1,3
2023-03-28 09:00:00,22,895.2,9,1,3
2023-03-28 10:00:00,19,886.2,10,1,3
2023-03-28 11:00:00,18,843.5,11,1,3
2023-03-28 12:00:00,25,1017.1,12,1,3
2023-03-28 13:00:00,15,627.5,13,1,3
2023-03-28 14:00:00,24,1039.8,14,1,3
2023-03-28 15:00:00,23,1131.5,15,1,3
2023-03-28 16:00:00,16,686.5,16,1,3
2023-03-28 17:00:00,17,690.8,17,1,3
2023-03-28 18:00:00,13,575.2,18,1,3
2023-03-28 19:00:00,13,684.8,19,1,3
2023-03-28 20:00:00,7,284.4,20,1,3
2023-03-28 21:00:00,1,36.3,21,1,3
2023-03-28 22:00:00,3,168.6,22,1,3
2023-03-28 23:00:00,1,31.7,23,1,3
2023-03-29 00:00:00,4,132.9,0,2,3
2023-03-29 01:00:00,3,159.7,1,2,3
2023-03-29 02:00:00,3,159.0,2,2,3
2023-03-29 03:00:00,1,32.1,3,2,3
2023-03-29 04:00:00,4,189.2,4,2,3
2023-03-29 05:00:00,4,146.2,5,2,3
2023-03-29 06:00:00,4,219.89999999999998,6,2,3
2023-03-29 07:00:00,11,514.9,7,2,3
2023-03-29 08:00:00,15,758.5,8,2,3
2023-03-29 09:00:00,19,945.1,9,2,3
2023-03-29 10:00:00,17,799.0,10,2,3
2023-03-29 11:00:00,19,890.3,11,2,3
2023-03-29 12:00:00,20,869.0,12,2,3
2023-03-29 13:00:00,22,1126.9,13,2,3
2023-03-29 14:00:00,28,1233.0,14,2,3
2023-03-29 15:00:00,20,940.6,15,2,3
2023-03-29 16:00:00,13,464.1,16,2,3
2023-03-29 17:00:00,13,646.6,17,2,3
2023-03-29 18:00:00,6,299.6,18,2,3
2023-03-29 19:00:00,9,420.7,19,2,3
2023-03-29 20:00:00,11,466.5,20,2,3
2023-03-29 21:00:00,4,239.7,21,2,3
2023-03-29 22:00:00,2,127.3,22,2,3
2023-03-29 23:00:00,1,66.1,23,2,3
2023-03-30 00:00:00,2,71.3,0,3,3
2023-03-30 01:00:00,2,113.5,1,3,3
2023-03-30 02:00:00,1,46.4,2,3,3
2023-03-30 03:00:00,3,164.5,3,3,3
2023-03-30 04:00:00,2,107.10000000000001,4,3,3
2023-03-30 05:00:00,4,141.8,5,3,3
2023-03-30 06:00:00,6,354.1,6,3,3
2023-03-30 07:00:00,18,915.2,7,3,3
2023-03-30 08:00:00,14,660.5,8,3,3
2023-03-30 09:00:00,19,793.9,9,3,3
2023-03-30 10:00:00,23,1229.1,10,3,3
2023-03-30 11:00:00,21,956.1,11,3,3
2023-03-30 12:00:00,24,1068.1,12,3,3
2023-03-30 13:00:00,24,1266.6,13,3,3
2023-03-30 14:00:00,28,1256.5,14,3,3
2023-03-30 15:00:00,17,788.3,15,3,3
2023-03-30 16:00:00,12,537.1999999999999,16,3,3
2023-03-30 17:00:00,11,527.5,17,3,3
2023-03-30 18:00:00,11,538.2,18,3,3
2023-03-30 19:00:00,10,526.5,19,3,3
2023-03-30 20:00:00,5,222.6,20,3,3
2023-03-30 21:00:00,7,328.8,21,3,3
2023-03-30 22:00:00,2,109.9,22,3,3
2023-03-30 23:00:00,2,70.4,23,3,3
2023-03-31 00:00:00,2,64.5,0,4,3
2023-03-31 01:00:00,2,101.5,1,4,3
2023-03-31 02:00:00,5,209.2,2,4,3
2023-03-31 03:00:00,1,28.2,3,4,3
2023-03-31 04:00:00,4,134.8,4,4,3
2023-03-31 05:00:00,6,255.4,5,4,3
2023-03-31 06:00:00,8,383.2,6,4,3
2023-03-31 07:00:00,8,311.8,7,4,3
2023-03-31 08:00:00,14,646.6,8,4,3
2023-03-31 09:00:00,12,584.9,9,4,3
2023-03-31 10:00:00,13,630.6,10,4,3
2023-03-31 11:00:00,19,897.9,11,4,3
2023-03-31 12:00:00,20,976.7,12,4,3
2023-03-31 13:00:00,22,1066.5,13,4,3
2023-03-31 14:00:00,20,1004.2,14,4,3
2023-03-31 15:00:00,33,1355.4,15,4,3
2023-03-31 16:00:00,14,767.6,16,4,3
2023-03-31 17:00:00,11,578.3,17,4,3
2023-03-31 18:00:00,14,664.3,18,4,3
2023-03-31 19:00:00,8,293.3,19,4,3
2023-03-31 20:00:00,10,427.4,20,4,3
2023-03-31 21:00:00,4,219.7,21,4,3
2023-03-31 22:00:00,0,0.0,22,4,3
2023-03-31 23:00:00,1,35.2,23,4,3
2023-04-01 00:00:00,0,0.0,0,5,4
2023-04-01 01:00:00,2,80.3,1,5,4
2023-04-01 02:00:00,0,0.0,2,5,4
2023-04-01 03:00:00,0,0.0,3,5,4
2023-04-01 04:00:00,0,0.0,4,5,4
2023-04-01 05:00:00,5,206.9,5,5,4
2023-04-01 06:00:00,4,275.1,6,5,4
2023-04-01 07:00:00,6,329.1,7,5,4
2023-04-01 08:00:00,10,436.7,8,5,4
2023-04-01 09:00:00,16,888.6,9,5,4
2023-04-01 10:00:00,8,339.3,10,5,4
2023-04-01 11:00:00,11,502.9,11,5,4
2023-04-01 12:00:00,12,507.40000000000003,12,5,4
2023-04-01 13:00:00,20,869.7,13,5,4
2023-04-01 14:00:00,13,680.2,14,5,4
2023-04-01 15:00:00,13,541.6,15,5,4
2023-04-01 16:00:00,16,630.4,16,5,4
2023-04-01 17:00:00,9,435.6,17,5,4
2023-04-01 18:00:00,3,126.8,18,5,4
2023-04-01 19:00:00,8,418.2,19,5,4
2023-04-01 20:00:00,6,380.7,20,5,4
2023-04-01 21:00:00,2,76.7,21,5,4
2023-04-01 22:00:00,1,46.0,22,5,4
2023-04-01 23:00:00,1,39.5,23,5,4
2023-04-02 00:00:00,3,160.5,0,6,4
2023-04-02 01:00:00,1,45.3,1,6,4
2023-04-02 02:00:00,1,50.4,2,6,4
2023-04-02 03:00:00,4,135.2,3,6,4
2023-04-02 04:00:00,0,0.0,4,6,4
2023-04-02 05:00:00,2,85.4,5,6,4
2023-04-02 06:00:00,4,130.8,6,6,4
2023-04-02 07:00:00,10,457.09999999999997,7,6,4
2023-04-02 08:00:00,11,464.3,8,6,4
2023-04-02 09:00:00,16,939.8,9,6,4
2023-04-02 10:00:00,8,388.2,10,6,4
2023-04-02 11:00:00,12,634.0,11,6,4
2023-04-02 12:00:00,12,553.9,12,6,4
2023-04-02 13:00:00,20,1015.8,13,6,4
2023-04-02 14:00:00,17,742.6,14,6,4
2023-04-02 15:00:00,13,698.4,15,6,4
2023-04-02 16:00:00,11,631.3,16,6,4
2023-04-02 17:00:00,11,655.8,17,6,4
2023-04-02 18:00:00,4,152.3,18,6,4
2023-04-02 19:00:00,5,216.4,19,6,4
2023-04-02 20:00:00,5,214.3,20,6,4
2023-04-02 21:00:00,3,100.1,21,6,4
2023-04-02 22:00:00,2,77.9,22,6,4
2023-04-02 23:00:00,2,114.5,23,6,4
2023-04-03 00:00:00,4,153.5,0,0,4
2023-04-03 01:00:00,0,0.0,1,0,4
2023-04-03 02:00:00,4,145.3,2,0,4
2023-04-03 03:00:00,3,164.0,3,0,4
2023-04-03 04:00:00,2,73.1,4,0,4
2023-04-03 05:00:00,8,451.8,5,0,4
2023-04-03 06:00:00,10,476.9,6,0,4
2023-04-03 07:00:00,5,182.4,7,0,4
2023-04-03 08:00:00,15,740.4,8,0,4
2023-04-03 09:00:00,22,961.3,9,0,4
2023-04-03 10:00:00,28,1328.8,10,0,4
2023-04-03 11:00:00,18,883.0,11,0,4
2023-04-03 12:00:00,20,934.2,12,0,4
2023-04-03 13:00:00,27,1258.4,13,0,4
2023-04-03 14:00:00,23,1231.0,14,0,4
2023-04-03 15:00:00,20,946.6,15,0,4
2023-04-03 16:00:00,11,500.8,16,0,4
2023-04-03 17:00:00,22,1026.2,17,0,4
2023-04-03 18:00:00,13,604.6,18,0,4
2023-04-03 19:00:00,12,587.4,19,0,4
2023-04-03 20:00:00,6,238.6,20,0,4
2023-04-03 21:00:00,2,123.19999999999999,21,0,4
2023-04-03 22:00:00,3,113.7,22,0,4
2023-04-03 23:00:00,1,49.7,23,0,4
2023-04-04 00:00:00,3,194.5,0,1,4
2023-04-04 01:00:00,1,32.1,1,1,4
2023-04-04 02:00:00,1,32.2,2,1,4
2023-04-04 03:00:00,2,103.0,3,1,4
2023-04-04 04:00:00,2,130.5,4,1,4
2023-04-04 05:00:00,6,305.0,5,1,4
2023-04-04 06:00:00,8,383.8,6,1,4
2023-04-04 07:00:00,8,325.9,7,1,4
2023-04-04 08:00:00,12,511.4,8,1,4
2023-04-04 09:00:00,25,1221.2,9,1,4
2023-04-04 10:00:00,15,798.0,10,1,4
2023-04-04 11:00:00,29,1327.1,11,1,4
2023-04-04 12:00:00,23,1112.9,12,1,4
2023-04-04 13:00:00,15,882.3,13,1,4
2023-04-04 14:00:00,14,638.7,14,1,4
2023-04-04 15:00:00,10,463.4,15,1,4
2023-04-04 16:00:00,23,1246.5,16,1,4
2023-04-04 17:00:00,27,1337.8999999999999,17,1,4
2023-04-04 18:00:00,14,675.2,18,1,4
2023-04-04 19:00:00,7,345.90000000000003,19,1,4
2023-04-04 20:00:00,2,82.6,20,1,4
2023-04-04 21:00:00,6,214.1,21,1,4
2023-04-04 22:00:00,1,54.0,22,1,4
2023-04-04 23:00:00,0,0.0,23,1,4
2023-04-05 00:00:00,4,153.1,0,2,4
2023-04-05 01:00:00,4,150.5,1,2,4
2023-04-05 02:00:00,3,117.8,2,2,4
2023-04-05 03:00:00,2,104.19999999999999,3,2,4
2023-04-05 04:00:00,2,95.30000000000001,4,2,4
2023-04-05 05:00:00,3,132.8,5,2,4
2023-04-05 06:00:00,6,242.89999999999998,6,2,4
2023-04-05 07:00:00,9,356.6,7,2,4
2023-04-05 08:00:00,15,818.4,8,2,4
2023-04-05 09:00:00,21,994.9,9,2,4
2023-04-05 10:00:00,24,1084.7,10,2,4
2023-04-05 11:00:00,20,930.4,11,2,4
2023-04-05 12:00:00,16,880.8000000000001,12,2,4
2023-04-05 13:00:00,21,1006.1,13,2,4
2023-04-05 14:00:00,22,814.8,14,2,4
2023-04-05 15:00:00,19,1031.3,15,2,4
2023-04-05 16:00:00,16,743.6,16,2,4
2023-04-05 17:00:00,10,442.8,17,2,4
2023-04-05 18:00:00,14,834.5,18,2,4
2023-04-05 19:00:00,7,314.7,19,2,4
2023-04-05 20:00:00,11,525.7,20,2,4
2023-04-05 21:00:00,7,339.0,21,2,4
2023-04-05 22:00:00,2,72.6,22,2,4
2023-04-05 23:00:00,1,33.7,23,2,4
2023-04-06 00:00:00,3,184.7,0,3,4
2023-04-06 01:00:00,2,148.9,1,3,4
2023-04-06 02:00:00,4,150.6,2,3,4
2023-04-06 03:00:00,1,34.9,3,3,4
2023-04-06 04:00:00,2,135.8,4,3,4
2023-04-06 05:00:00,3,145.8,5,3,4
2023-04-06 06:00:00,10,471.1,6,3,4
2023-04-06 07:00:00,7,267.7,7,3,4
2023-04-06 08:00:00,13,511.2,8,3,4
2023-04-06 09:00:00,27,1188.7,9,3,4
2023-04-06 10:00:00,18,878.3000000000001,10,3,4
2023-04-06 11:00:00,20,842.9,11,3,4
2023-04-06 12:00:00,15,774.6,12,3,4
2023-04-06 13:00:00,16,669.4,13,3,4
2023-04-06 14:00:00,18,826.6,14,3,4
2023-04-06 15:00:00,18,788.7,15,3,4
2023-04-06 16:00:00,16,817.8,16,3,4
2023-04-06 17:00:00,6,282.4,17,3,4
2023-04-06 18:00:00,5,234.6,18,3,4
2023-04-06 19:00:00,9,362.1,19,3,4
2023-04-06 20:00:00,5,225.0,20,3,4
2023-04-06 21:00:00,5,247.10000000000002,21,3,4
2023-04-06 22:00:00,1,80.0,22,3,4
2023-04-06 23:00:00,3,109.1,23,3,4
2023-04-07 00:00:00,0,0.0,0,4,4
2023-04-07 01:00:00,2,100.4,1,4,4
2023-04-07 02:00:00,2,85.8,2,4,4
2023-04-07 03:00:00,0,0.0,3,4,4
2023-04-07 04:00:00,4,214.2,4,4,4
2023-04-07 05:00:00,7,310.0,5,4,4
2023-04-07 06:00:00,9,492.6,6,4,4
2023-04-07 07:00:00,7,299.6,7,4,4
2023-04-07 08:00:00,14,761.5,8,4,4
2023-04-07 09:00:00,22,959.9,9,4,4
2023-04-07 10:00:00,23,1057.0,10,4,4
2023-04-07 11:00:00,20,964.8,11,4,4
2023-04-07 12:00:00,25,1092.6,12,4,4
2023-04-07 13:00:00,9,452.0,13,4,4
2023-04-07 14:00:00,22,1049.6,14,4,4
2023-04-07 15:00:00,22,1041.3,15,4,4
2023-04-07 16:00:00,10,463.8,16,4,4
2023-04-07 17:00:00,18,875.6,17,4,4
2023-04-07 18:00:00,9,391.2,18,4,4
2023-04-07 19:00:00,10,464.70000000000005,19,4,4
2023-04-07 20:00:00,7,289.7,20,4,4
2023-04-07 21:00:00,4,158.7,21,4,4
2023-04-07 22:00:00,4,219.7,22,4,4
2023-04-07 23:00:00,3,115.8,23,4,4
2023-04-08 00:00:00,1,36.0,0,5,4
2023-04-08 01:00:00,3,173.9,1,5,4
2023-04-08 02:00:00,2,69.0,2,5,4
2023-04-08 03:00:00,1,25.7,3,5,4
2023-04-08 04:00:00,4,136.9,4,5,4
2023-04-08 05:00:00,4,204.7,5,5,4
2023-04-08 06:00:00,5,213.2,6,5,4
2023-04-08 07:00:00,3,126.8,7,5,4
2023-04-08 08:00:00,10,513.1,8,5,4
2023-04-08 09:00:00,10,468.3,9,5,4
2023-04-08 10:00:00,10,424.4,10,5,4
2023-04-08 11:00:00,15,662.2,11,5,4
2023-04-08 12:00:00,14,715.5,12,5,4
2023-04-08 13:00:00,22,1012.4,13,5,4
2023-04-08 14:00:00,25,1220.6000000000001,14,5,4
2023-04-08 15:00:00,13,627.4,15,5,4
2023-04-08 16:00:00,12,552.9,16,5,4
2023-04-08 17:00:00,8,296.1,17,5,4
2023-04-08 18:00:00,11,385.2,18,5,4
2023-04-08 19:00:00,5,231.29999999999998,19,5,4
2023-04-08 20:00:00,9,468.8,20,5,4
2023-04-08 21:00:00,3,123.69999999999999,21,5,4
2023-04-08 22:00:00,3,141.60000000000002,22,5,4
2023-04-08 23:00:00,2,86.7,23,5,4
2023-04-09 00:00:00,1,42.8,0,6,4
2023-04-09 01:00:00,4,206.4,1,6,4
2023-04-09 02:00:00,1,28.9,2,6,4
2023-04-09 03:00:00,1,50.0,3,6,4
2023-04-09 04:00:00,2,106.8,4,6,4
2023-04-09 05:00:00,4,201.7,5,6,4
2023-04-09 06:00:00,4,140.2,6,6,4
2023-04-09 07:00:00,5,229.9,7,6,4
2023-04-09 08:00:00,7,272.7,8,6,4
2023-04-09 09:00:00,10,503.0,9,6,4
2023-04-09 10:00:00,15,674.6,10,6,4
2023-04-09 11:00:00,18,888.4,11,6,4
2023-04-09 12:00:00,18,843.8,12,6,4
2023-04-09 13:00:00,10,414.6,13,6,4
2023-04-09 14:00:00,21,985.6999999999999,14,6,4
2023-04-09 15:00:00,12,557.4,15,6,4
2023-04-09 16:00:00,15,744.2,16,6,4
2023-04-09 17:00:00,12,567.8000000000001,17,6,4
2023-04-09 18:00:00,14,621.2,18,6,4
2023-04-09 19:00:00,5,227.9,19,6,4
2023-04-09 20:00:00,6,306.7,20,6,4
2023-04-09 21:00:00,5,267.2,21,6,4
2023-04-09 22:00:00,2,84.9,22,6,4
2023-04-09 23:00:00,0,0.0,23,6,4
2023-04-10 00:00:00,0,0.0,0,0,4
2023-04-10 01:00:00,1,33.7,1,0,4
2023-04-10 02:00:00,3,164.4,2,0,4
2023-04-10 03:00:00,1,77.8,3,0,4
2023-04-10 04:00:00,2,67.2,4,0,4
2023-04-10 05:00:00,3,111.7,5,0,4
2023-04-10 06:00:00,6,291.3,6,0,4
2023-04-10 07:00:00,7,359.7,7,0,4
2023-04-10 08:00:00,10,456.1,8,0,4
2023-04-10 09:00:00,18,866.0,9,0,4
2023-04-10 10:00:00,28,1355.4,10,0,4
2023-04-10 11:00:00,20,877.2,11,0,4
2023-04-10 12:00:00,20,906.3,12,0,4
2023-04-10 13:00:00,22,929.2,13,0,4
2023-04-10 14:00:00,25,1021.5,14,0,4
2023-04-10 15:00:00,24,1113.7,15,0,4
2023-04-10 16:00:00,18,810.4,16,0,4
2023-04-10 17:00:00,11,606.9,17,0,4
2023-04-10 18:00:00,14,581.9,18,0,4
2023-04-10 19:00:00,6,243.7,19,0,4
2023-04-10 20:00:00,6,261.5,20,0,4
2023-04-10 21:00:00,4,180.4,21,0,4
2023-04-10 22:00:00,4,227.9,22,0,4
2023-04-10 23:00:00,2,91.9,23,0,4
2023-04-11 00:00:00,0,0.0,0,1,4
2023-04-11 01:00:00,1,44.9,1,1,4
2023-04-11 02:00:00,2,87.69999999999999,2,1,4
2023-04-11 03:00:00,1,55.6,3,1,4
2023-04-11 04:00:00,4,168.1,4,1,4
2023-04-11 05:00:00,4,169.9,5,1,4
2023-04-11 06:00:00,9,422.0,6,1,4
2023-04-11 07:00:00,10,436.7,7,1,4
2023-04-11 08:00:00,14,618.9,8,1,4
2023-04-11 09:00:00,11,496.3,9,1,4
2023-04-11 10:00:00,18,829.4,10,1,4
2023-04-11 11:00:00,24,1011.5,11,1,4
2023-04-11 12:00:00,25,1105.3,12,1,4
2023-04-11 13:00:00,19,953.3,13,1,4
2023-04-11 14:00:00,18,829.5,14,1,4
2023-04-11 15:00:00,19,1010.8,15,1,4
2023-04-11 16:00:00,21,961.1,16,1,4
2023-04-11 17:00:00,13,539.4,17,1,4
2023-04-11 18:00:00,14,682.8,18,1,4
2023-04-11 19:00:00,8,334.4,19,1,4
2023-04-11 20:00:00,13,536.3,20,1,4
2023-04-11 21:00:00,7,352.3,21,1,4
2023-04-11 22:00:00,1,34.7,22,1,4
2023-04-11 23:00:00,2,97.6,23,1,4
2023-04-12 00:00:00,3,106.1,0,2,4
2023-04-12 01:00:00,2,67.0,1,2,4
2023-04-12 02:00:00,2,86.7,2,2,4
2023-04-12 03:00:00,3,177.7,3,2,4
2023-04-12 04:00:00,3,153.8,4,2,4
2023-04-12 05:00:00,3,143.8,5,2,4
2023-04-12 06:00:00,4,138.8,6,2,4
2023-04-12 07:00:00,6,240.3,7,2,4
2023-04-12 08:00:00,18,907.3,8,2,4
2023-04-12 09:00:00,15,855.1,9,2,4
2023-04-12 10:00:00,25,1171.0,10,2,4
2023-04-12 11:00:00,22,1063.8,11,2,4
2023-04-12 12:00:00,21,975.1,12,2,4
2023-04-12 13:00:00,19,888.0,13,2,4
2023-04-12 14:00:00,18,979.8,14,2,4
2023-04-12 15:00:00,16,716.9,15,2,4
2023-04-12 16:00:00,16,742.4,16,2,4
2023-04-12 17:00:00,12,569.7,17,2,4
2023-04-12 18:00:00,16,778.6,18,2,4
2023-04-12 19:00:00,14,725.4,19,2,4
2023-04-12 20:00:00,1,32.9,20,2,4
2023-04-12 21:00:00,5,207.6,21,2,4
2023-04-12 22:00:00,1,53.6,22,2,4
2023-04-12 23:00:00,2,106.0,23,2,4
2023-04-13 00:00:00,3,118.6,0,3,4
2023-04-13 01:00:00,4,178.4,1,3,4
2023-04-13 02:00:00,2,100.3,2,3,4
2023-04-13 03:00:00,1,80.0,3,3,4
2023-04-13 04:00:00,7,292.0,4,3,4
2023-04-13 05:00:00,3,156.7,5,3,4
2023-04-13 06:00:00,7,323.8,6,3,4
2023-04-13 07:00:00,8,366.3,7,3,4
2023-04-13 08:00:00,11,481.5,8,3,4
2023-04-13 09:00:00,24,1085.2,9,3,4
2023-04-13 10:00:00,26,1167.9,10,3,4
2023-04-13 11:00:00,18,795.4,11,3,4
2023-04-13 12:00:00,28,1264.1,12,3,4
2023-04-13 13:00:00,21,971.9,13,3,4
2023-04-13 14:00:00,24,1160.8,14,3,4
2023-04-13 15:00:00,19,1123.9,15,3,4
2023-04-13 16:00:00,23,1075.2,16,3,4
2023-04-13 17:00:00,13,698.9,17,3,4
2023-04-13 18:00:00,11,585.6,18,3,4
2023-04-13 19:00:00,8,387.2,19,3,4
2023-04-13 20:00:00,9,466.70000000000005,20,3,4
2023-04-13 21:00:00,1,31.1,21,3,4
2023-04-13 22:00:00,2,66.1,22,3,4
2023-04-13 23:00:00,1,80.0,23,3,4
2023-04-14 00:00:00,0,0.0,0,4,4
2023-04-14 01:00:00,0,0.0,1,4,4
2023-04-14 02:00:00,0,0.0,2,4,4
2023-04-14 03:00:00,3,126.3,3,4,4
2023-04-14 04:00:00,2,74.30000000000001,4,4,4
2023-04-14 05:00:00,5,231.1,5,4,4
2023-04-14 06:00:00,5,257.5,6,4,4
2023-04-14 07:00:00,12,548.1,7,4,4
2023-04-14 08:00:00,15,672.4,8,4,4
2023-04-14 09:00:00,18,869.8,9,4,4
2023-04-14 10:00:00,29,1480.5,10,4,4
2023-04-14 11:00:00,14,692.4,11,4,4
2023-04-14 12:00:00,20,873.9,12,4,4
2023-04-14 13:00:00,18,929.8,13,4,4
2023-04-14 14:00:00,23,1073.7,14,4,4
2023-04-14 15:00:00,17,665.8,15,4,4
2023-04-14 16:00:00,14,734.4,16,4,4
2023-04-14 17:00:00,14,699.7,17,4,4
2023-04-14 18:00:00,12,493.9,18,4,4
2023-04-14 19:00:00,6,290.1,19,4,4
2023-04-14 20:00:00,5,227.0,20,4,4
2023-04-14 21:00:00,3,162.7,21,4,4
2023-04-14 22:00:00,5,293.8,22,4,4
2023-04-14 23:00:00,4,187.60000000000002,23,4,4
2023-04-15 00:00:00,2,69.0,0,5,4
2023-04-15 01:00:00,4,165.9,1,5,4
2023-04-15 02:00:00,2,116.3,2,5,4
2023-04-15 03:00:00,2,73.8,3,5,4
2023-04-15 04:00:00,2,114.7,4,5,4
2023-04-15 05:00:00,0,0.0,5,5,4
2023-04-15 06:00:00,7,380.0,6,5,4
2023-04-15 07:00:00,8,404.70000000000005,7,5,4
2023-04-15 08:00:00,12,539.5,8,5,4
2023-04-15 09:00:00,14,708.6,9,5,4
2023-04-15 10:00:00,17,899.6,10,5,4
2023-04-15 11:00:00,18,792.5,11,5,4
2023-04-15 12:00:00,13,570.8,12,5,4
2023-04-15 13:00:00,13,721.1,13,5,4
2023-04-15 14:00:00,11,651.7,14,5,4
2023-04-15 15:00:00,17,853.4,15,5,4
2023-04-15 16:00:00,10,418.8,16,5,4
2023-04-15 17:00:00,9,400.2,17,5,4
2023-04-15 18:00:00,9,442.7,18,5,4
2023-04-15 19:00:00,8,481.9,19,5,4
2023-04-15 20:00:00,6,317.2,20,5,4
2023-04-15 21:00:00,6,267.4,21,5,4
2023-04-15 22:00:00,1,35.9,22,5,4
2023-04-15 23:00:00,2,106.9,23,5,4
2023-04-16 00:00:00,2,92.30000000000001,0,6,4
2023-04-16 01:00:00,1,33.0,1,6,4
2023-04-16 02:00:00,1,30.6,2,6,4
2023-04-16 03:00:00,0,0.0,3,6,4
2023-04-16 04:00:00,0,0.0,4,6,4
2023-04-16 05:00:00,7,355.5,5,6,4
2023-04-16 06:00:00,2,129.5,6,6,4
2023-04-16 07:00:00,4,125.30000000000001,7,6,4
2023-04-16 08:00:00,6,265.2,8,6,4
2023-04-16 09:00:00,14,732.3,9,6,4
2023-04-16 10:00:00,16,813.1,10,6,4
2023-04-16 11:00:00,16,748.6,11,6,4
2023-04-16 12:00:00,18,752.9,12,6,4
2023-04-16 13:00:00,19,879.0,13,6,4
2023-04-16 14:00:00,15,760.1,14,6,4
2023-04-16 15:00:00,13,556.6,15,6,4
2023-04-16 16:00:00,12,535.4,16,6,4
2023-04-16 17:00:00,11,477.5,17,6,4
2023-04-16 18:00:00,10,398.7,18,6,4
2023-04-16 19:00:00,6,268.0,19,6,4
2023-04-16 20:00:00,4,182.4,20,6,4
2023-04-16 21:00:00,10,541.3,21,6,4
2023-04-16 22:00:00,2,94.69999999999999,22,6,4
2023-04-16 23:00:00,1,33.7,23,6,4
2023-04-17 00:00:00,5,282.7,0,0,4
2023-04-17 01:00:00,0,0.0,1,0,4
2023-04-17 02:00:00,1,29.9,2,0,4
2023-04-17 03:00:00,1,79.1,3,0,4
2023-04-17 04:00:00,0,0.0,4,0,4
2023-04-17 05:00:00,1,70.9,5,0,4
2023-04-17 06:00:00,6,204.3,6,0,4
2023-04-17 07:00:00,6,271.8,7,0,4
2023-04-17 08:00:00,11,441.5,8,0,4
2023-04-17 09:00:00,15,661.4,9,0,4
2023-04-17 10:00:00,21,1072.1,10,0,4
2023-04-17 11:00:00,21,917.4,11,0,4
2023-04-17 12:00:00,17,669.2,12,0,4
2023-04-17 13:00:00,19,800.5,13,0,4
2023-04-17 14:00:00,29,1581.9,14,0,4
2023-04-17 15:00:00,23,1071.0,15,0,4
2023-04-17 16:00:00,14,621.8,16,0,4
2023-04-17 17:00:00,8,434.7,17,0,4
2023-04-17 18:00:00,12,569.5,18,0,4
2023-04-17 19:00:00,10,472.0,19,0,4
2023-04-17 20:00:00,11,484.59999999999997,20,0,4
2023-04-17 21:00:00,11,513.1,21,0,4
2023-04-17 22:00:00,1,74.4,22,0,4
2023-04-17 23:00:00,2,111.0,23,0,4
2023-04-18 00:00:00,6,304.0,0,1,4
2023-04-18 01:00:00,4,208.9,1,1,4
2023-04-18 02:00:00,3,164.4,2,1,4
2023-04-18 03:00:00,3,144.8,3,1,4
2023-04-18 04:00:00,1,49.0,4,1,4
2023-04-18 05:00:00,2,71.4,5,1,4
2023-04-18 06:00:00,6,233.3,6,1,4
2023-04-18 07:00:00,12,516.9,7,1,4
2023-04-18 08:00:00,19,964.9,8,1,4
2023-04-18 09:00:00,24,1044.2,9,1,4
2023-04-18 10:00:00,30,1414.7,10,1,4
2023-04-18 11:00:00,23,1187.0,11,1,4
2023-04-18 12:00:00,16,675.0,12,1,4
2023-04-18 13:00:00,16,672.2,13,1,4
2023-04-18 14:00:00,23,1105.7,14,1,4
2023-04-18 15:00:00,16,882.3,15,1,4
2023-04-18 16:00:00,15,766.0,16,1,4
2023-04-18 17:00:00,23,1021.0,17,1,4
2023-04-18 18:00:00,9,376.5,18,1,4
2023-04-18 19:00:00,9,450.4,19,1,4
2023-04-18 20:00:00,10,548.2,20,1,4
2023-04-18 21:00:00,8,358.6,21,1,4
2023-04-18 22:00:00,4,190.6,22,1,4
2023-04-18 23:00:00,2,99.1,23,1,4
2023-04-19 00:00:00,1,30.2,0,2,4
2023-04-19 01:00:00,0,0.0,1,2,4
2023-04-19 02:00:00,5,207.4,2,2,4
2023-04-19 03:00:00,2,82.19999999999999,3,2,4
2023-04-19 04:00:00,2,111.8,4,2,4
2023-04-19 05:00:00,5,168.5,5,2,4
2023-04-19 06:00:00,5,273.4,6,2,4
2023-04-19 07:00:00,10,436.3,7,2,4
2023-04-19 08:00:00,16,819.6,8,2,4
2023-04-19 09:00:00,12,595.5,9,2,4
2023-04-19 10:00:00,20,887.7,10,2,4
2023-04-19 11:00:00,21,987.4,11,2,4
2023-04-19 12:00:00,27,1249.9,12,2,4
2023-04-19 13:00:00,18,965.8,13,2,4
2023-04-19 14:00:00,19,811.4,14,2,4
2023-04-19 15:00:00,28,1355.1,15,2,4
2023-04-19 16:00:00,16,838.5,16,2,4
2023-04-19 17:00:00,15,748.0,17,2,4
2023-04-19 18:00:00,8,363.3,18,2,4
2023-04-19 19:00:00,16,638.7,19,2,4
2023-04-19 20:00:00,4,153.9,20,2,4
2023-04-19 21:00:00,6,285.8,21,2,4
2023-04-19 22:00:00,4,211.7,22,2,4
2023-04-19 23:00:00,2,120.5,23,2,4
2023-04-20 00:00:00,2,114.4,0,3,4
2023-04-20 01:00:00,6,262.9,1,3,4
2023-04-20 02:00:00,0,0.0,2,3,4
2023-04-20 03:00:00,2,97.2,3,3,4
2023-04-20 04:00:00,1,32.8,4,3,4
2023-04-20 05:00:00,4,159.8,5,3,4
2023-04-20 06:00:00,9,466.6,6,3,4
2023-04-20 07:00:00,12,507.8,7,3,4
2023-04-20 08:00:00,15,742.0,8,3,4
2023-04-20 09:00:00,16,663.8,9,3,4
2023-04-20 10:00:00,18,942.5,10,3,4
2023-04-20 11:00:00,19,849.9,11,3,4
2023-04-20 12:00:00,23,1010.0,12,3,4
2023-04-20 13:00:00,19,970.2,13,3,4
2023-04-20 14:00:00,23,1026.8,14,3,4
2023-04-20 15:00:00,18,889.9,15,3,4
2023-04-20 16:00:00,17,708.1,16,3,4
2023-04-20 17:00:00,11,524.3,17,3,4
2023-04-20 18:00:00,13,630.2,18,3,4
2023-04-20 19:00:00,5,182.6,19,3,4
2023-04-20 20:00:00,6,352.1,20,3,4
2023-04-20 21:00:00,3,123.5,21,3,4
2023-04-20 22:00:00,5,282.2,22,3,4
2023-04-20 23:00:00,1,33.1,23,3,4
2023-04-21 00:00:00,5,165.5,0,4,4
2023-04-21 01:00:00,1,29.7,1,4,4
2023-04-21 02:00:00,2,108.1,2,4,4
2023-04-21 03:00:00,2,128.7,3,4,4
2023-04-21 04:00:00,2,92.7,4,4,4
2023-04-21 05:00:00,4,151.9,5,4,4
2023-04-21 06:00:00,8,305.1,6,4,4
2023-04-21 07:00:00,10,416.6,7,4,4
2023-04-21 08:00:00,16,719.9,8,4,4
2023-04-21 09:00:00,12,721.2,9,4,4
2023-04-21 10:00:00,17,761.3,10,4,4
2023-04-21 11:00:00,18,846.0,11,4,4
2023-04-21 12:00:00,24,1332.6,12,4,4
2023-04-21 13:00:00,24,1212.4,13,4,4
2023-04-21 14:00:00,18,924.5,14,4,4
2023-04-21 15:00:00,15,733.1,15,4,4
2023-04-21 16:00:00,13,524.0,16,4,4
2023-04-21 17:00:00,20,922.1,17,4,4
2023-04-21 18:00:00,9,497.5,18,4,4
2023-04-21 19:00:00,6,268.7,19,4,4
2023-04-21 20:00:00,7,329.0,20,4,4
2023-04-21 21:00:00,5,209.8,21,4,4
2023-04-21 22:00:00,2,98.8,22,4,4
2023-04-21 23:00:00,1,31.9,23,4,4
2023-04-22 00:00:00,2,65.5,0,5,4
2023-04-22 01:00:00,3,109.8,1,5,4
2023-04-22 02:00:00,3,177.89999999999998,2,5,4
2023-04-22 03:00:00,1,34.8,3,5,4
2023-04-22 04:00:00,2,82.7,4,5,4
2023-04-22 05:00:00,1,48.2,5,5,4
2023-04-22 06:00:00,13,562.1,6,5,4
2023-04-22 07:00:00,8,433.0,7,5,4
2023-04-22 08:00:00,13,596.2,8,5,4
2023-04-22 09:00:00,8,439.0,9,5,4
2023-04-22 10:00:00,13,661.1,10,5,4
2023-04-22 11:00:00,16,741.5,11,5,4
2023-04-22 12:00:00,14,654.9,12,5,4
2023-04-22 13:00:00,18,846.9,13,5,4
2023-04-22 14:00:00,19,841.4,14,5,4
2023-04-22 15:00:00,10,499.2,15,5,4
2023-04-22 16:00:00,10,533.1,16,5,4
2023-04-22 17:00:00,9,395.1,17,5,4
2023-04-22 18:00:00,15,593.8,18,5,4
2023-04-22 19:00:00,3,151.6,19,5,4
2023-04-22 20:00:00,3,189.2,20,5,4
2023-04-22 21:00:00,2,96.8,21,5,4
2023-04-22 22:00:00,0,0.0,22,5,4
2023-04-22 23:00:00,4,156.6,23,5,4
2023-04-23 00:00:00,3,151.8,0,6,4
2023-04-23 01:00:00,2,113.6,1,6,4
2023-04-23 02:00:00,1,31.2,2,6,4
2023-04-23 03:00:00,3,119.2,3,6,4
2023-04-23 04:00:00,1,27.5,4,6,4
2023-04-23 05:00:00,7,288.2,5,6,4
2023-04-23 06:00:00,6,224.2,6,6,4
2023-04-23 07:00:00,7,358.3,7,6,4
2023-04-23 08:00:00,8,258.0,8,6,4
2023-04-23 09:00:00,18,875.9,9,6,4
2023-04-23 10:00:00,14,642.6,10,6,4
2023-04-23 11:00:00,11,581.2,11,6,4
2023-04-23 12:00:00,18,847.2,12,6,4
2023-04-23 13:00:00,16,755.5,13,6,4
2023-04-23 14:00:00,20,831.4,14,6,4
2023-04-23 15:00:00,15,689.4,15,6,4
2023-04-23 16:00:00,15,749.9,16,6,4
2023-04-23 17:00:00,9,474.0,17,6,4
2023-04-23 18:00:00,13,626.0,18,6,4
2023-04-23 19:00:00,6,330.8,19,6,4
2023-04-23 20:00:00,7,357.7,20,6,4
2023-04-23 21:00:00,1,47.6,21,6,4
2023-04-23 22:00:00,3,159.9,22,6,4
2023-04-23 23:00:00,2,78.0,23,6,4
2023-04-24 00:00:00,4,183.0,0,0,4
2023-04-24 01:00:00,2,67.7,1,0,4
2023-04-24 02:00:00,1,47.9,2,0,4
2023-04-24 03:00:00,2,67.6,3,0,4
2023-04-24 04:00:00,1,78.2,4,0,4
2023-04-24 05:00:00,5,219.9,5,0,4
2023-04-24 06:00:00,5,270.6,6,0,4
2023-04-24 07:00:00,8,333.7,7,0,4
2023-04-24 08:00:00,14,629.2,8,0,4
2023-04-24 09:00:00,18,858.2,9,0,4
2023-04-24 10:00:00,24,1219.4,10,0,4
2023-04-24 11:00:00,23,976.5,11,0,4
2023-04-24 12:00:00,22,1099.4,12,0,4
2023-04-24 13:00:00,24,1086.3,13,0,4
2023-04-24 14:00:00,25,1143.4,14,0,4
2023-04-24 15:00:00,13,505.1,15,0,4
2023-04-24 16:00:00,9,416.3,16,0,4
2023-04-24 17:00:00,11,623.0,17,0,4
2023-04-24 18:00:00,9,428.5,18,0,4
2023-04-24 19:00:00,12,489.3,19,0,4
2023-04-24 20:00:00,7,340.3,20,0,4
2023-04-24 21:00:00,4,228.29999999999998,21,0,4
2023-04-24 22:00:00,0,0.0,22,0,4
2023-04-24 23:00:00,2,123.1,23,0,4
2023-04-25 00:00:00,4,203.1,0,1,4
2023-04-25 01:00:00,2,114.4,1,1,4
2023-04-25 02:00:00,2,154.1,2,1,4
2023-04-25 03:00:00,1,47.5,3,1,4
2023-04-25 04:00:00,1,30.2,4,1,4
2023-04-25 05:00:00,5,217.0,5,1,4
2023-04-25 06:00:00,5,177.8,6,1,4
2023-04-25 07:00:00,6,295.8,7,1,4
2023-04-25 08:00:00,14,616.1,8,1,4
2023-04-25 09:00:00,16,643.3000000000001,9,1,4
2023-04-25 10:00:00,25,1256.6,10,1,4
2023-04-25 11:00:00,20,957.7,11,1,4
2023-04-25 12:00:00,19,771.2,12,1,4
2023-04-25 13:00:00,14,732.8,13,1,4
2023-04-25 14:00:00,19,760.8,14,1,4
2023-04-25 15:00:00,11,541.6,15,1,4
2023-04-25 16:00:00,15,715.8,16,1,4
2023-04-25 17:00:00,12,604.2,17,1,4
2023-04-25 18:00:00,10,443.0,18,1,4
2023-04-25 19:00:00,11,461.5,19,1,4
2023-04-25 20:00:00,4,171.79999999999998,20,1,4
2023-04-25 21:00:00,5,198.9,21,1,4
2023-04-25 22:00:00,4,219.3,22,1,4
2023-04-25 23:00:00,2,101.7,23,1,4
2023-04-26 00:00:00,3,109.3,0,2,4
2023-04-26 01:00:00,1,39.8,1,2,4
2023-04-26 02:00:00,4,167.5,2,2,4
2023-04-26 03:00:00,0,0.0,3,2,4
2023-04-26 04:00:00,2,61.6,4,2,4
2023-04-26 05:00:00,5,215.79999999999998,5,2,4
2023-04-26 06:00:00,6,233.4,6,2,4
2023-04-26 07:00:00,3,104.7,7,2,4
2023-04-26 08:00:00,13,633.6,8,2,4
2023-04-26 09:00:00,14,667.4,9,2,4
2023-04-26 10:00:00,25,1238.5,10,2,4
2023-04-26 11:00:00,18,873.1,11,2,4
2023-04-26 12:00:00,18,724.7,12,2,4
2023-04-26 13:00:00,21,1004.8,13,2,4
2023-04-26 14:00:00,15,722.5,14,2,4
2023-04-26 15:00:00,23,1063.8,15,2,4
2023-04-26 16:00:00,20,934.2,16,2,4
2023-04-26 17:00:00,15,643.7,17,2,4
2023-04-26 18:00:00,10,533.3,18,2,4
2023-04-26 19:00:00,12,625.3,19,2,4
2023-04-26 20:00:00,6,310.6,20,2,4
2023-04-26 21:00:00,6,297.7,21,2,4
2023-04-26 22:00:00,1,75.0,22,2,4
2023-04-26 23:00:00,3,107.0,23,2,4
2023-04-27 00:00:00,0,0.0,0,3,4
2023-04-27 01:00:00,2,64.0,1,3,4
2023-04-27 02:00:00,3,162.6,2,3,4
2023-04-27 03:00:00,1,66.3,3,3,4
2023-04-27 04:00:00,3,167.8,4,3,4
2023-04-27 05:00:00,4,194.0,5,3,4
2023-04-27 06:00:00,7,285.8,6,3,4
2023-04-27 07:00:00,14,661.9,7,3,4
2023-04-27 08:00:00,11,596.7,8,3,4
2023-04-27 09:00:00,13,734.8,9,3,4
2023-04-27 10:00:00,19,1012.6,10,3,4
2023-04-27 11:00:00,17,906.8,11,3,4
2023-04-27 12:00:00,20,1054.0,12,3,4
2023-04-27 13:00:00,20,922.9,13,3,4
2023-04-27 14:00:00,19,927.6,14,3,4
2023-04-27 15:00:00,20,967.0,15,3,4
2023-04-27 16:00:00,9,384.8,16,3,4
2023-04-27 17:00:00,13,661.7,17,3,4
2023-04-27 18:00:00,20,925.8,18,3,4
2023-04-27 19:00:00,13,520.4,19,3,4
2023-04-27 20:00:00,3,98.2,20,3,4
2023-04-27 21:00:00,6,281.4,21,3,4
2023-04-27 22:00:00,2,118.2,22,3,4
2023-04-27 23:00:00,1,56.6,23,3,4
2023-04-28 00:00:00,4,164.2,0,4,4
2023-04-28 01:00:00,3,124.6,1,4,4
2023-04-28 02:00:00,3,120.3,2,4,4
2023-04-28 03:00:00,4,174.1,3,4,4
2023-04-28 04:00:00,2,70.30000000000001,4,4,4
2023-04-28 05:00:00,2,116.1,5,4,4
2023-04-28 06:00:00,10,423.3,6,4,4
2023-04-28 07:00:00,9,401.8,7,4,4
2023-04-28 08:00:00,13,830.2,8,4,4
2023-04-28 09:00:00,20,861.6999999999999,9,4,4
2023-04-28 10:00:00,17,799.5,10,4,4
2023-04-28 11:00:00,18,902.6,11,4,4
2023-04-28 12:00:00,23,1175.2,12,4,4
2023-04-28 13:00:00,16,771.5,13,4,4
2023-04-28 14:00:00,24,1092.6,14,4,4
2023-04-28 15:00:00,13,617.3000000000001,15,4,4
2023-04-28 16:00:00,21,976.3,16,4,4
2023-04-28 17:00:00,11,544.6,17,4,4
2023-04-28 18:00:00,14,679.5,18,4,4
2023-04-28 19:00:00,4,186.2,19,4,4
2023-04-28 20:00:00,7,325.7,20,4,4
2023-04-28 21:00:00,4,230.0,21,4,4
2023-04-28 22:00:00,4,223.8,22,4,4
2023-04-28 23:00:00,7,356.4,23,4,4
2023-04-29 00:00:00,1,55.7,0,5,4
2023-04-29 01:00:00,0,0.0,1,5,4
2023-04-29 02:00:00,7,326.2,2,5,4
2023-04-29 03:00:00,2,65.9,3,5,4
2023-04-29 04:00:00,3,114.6,4,5,4
2023-04-29 05:00:00,2,114.4,5,5,4
2023-04-29 06:00:00,4,148.7,6,5,4
2023-04-29 07:00:00,9,405.8,7,5,4
2023-04-29 08:00:00,8,379.0,8,5,4
2023-04-29 09:00:00,10,484.9,9,5,4
2023-04-29 10:00:00,15,720.4,10,5,4
2023-04-29 11:00:00,16,723.9,11,5,4
2023-04-29 12:00:00,13,580.6,12,5,4
2023-04-29 13:00:00,15,664.7,13,5,4
2023-04-29 14:00:00,18,774.8,14,5,4
2023-04-29 15:00:00,13,573.9,15,5,4
2023-04-29 16:00:00,8,292.1,16,5,4
2023-04-29 17:00:00,11,545.2,17,5,4
2023-04-29 18:00:00,11,458.1,18,5,4
2023-04-29 19:00:00,4,158.7,19,5,4
2023-04-29 20:00:00,5,203.1,20,5,4
2023-04-29 21:00:00,7,343.1,21,5,4
2023-04-29 22:00:00,1,31.7,22,5,4
2023-04-29 23:00:00,1,80.0,23,5,4
2023-04-30 00:00:00,4,193.7,0,6,4
2023-04-30 01:00:00,0,0.0,1,6,4
2023-04-30 02:00:00,4,193.6,2,6,4
2023-04-30 03:00:00,5,223.3,3,6,4
2023-04-30 04:00:00,0,0.0,4,6,4
2023-04-30 05:00:00,2,136.3,5,6,4
2023-04-30 06:00:00,5,226.7,6,6,4
2023-04-30 07:00:00,8,327.6,7,6,4
2023-04-30 08:00:00,7,366.6,8,6,4
2023-04-30 09:00:00,14,600.4,9,6,4
2023-04-30 10:00:00,22,987.7,10,6,4
2023-04-30 11:00:00,10,455.20000000000005,11,6,4
2023-04-30 12:00:00,22,1008.0,12,6,4
2023-04-30 13:00:00,10,485.4,13,6,4
2023-04-30 14:00:00,12,591.4,14,6,4
2023-04-30 15:00:00,6,207.3,15,6,4
2023-04-30 16:00:00,14,595.3,16,6,4
2023-04-30 17:00:00,14,652.3,17,6,4
2023-04-30 18:00:00,6,327.5,18,6,4
2023-04-30 19:00:00,10,434.5,19,6,4
2023-04-30 20:00:00,4,175.6,20,6,4
2023-04-30 21:00:00,4,209.0,21,6,4
2023-04-30 22:00:00,1,72.1,22,6,4
2023-04-30 23:00:00,1,32.9,23,6,4
2023-05-01 00:00:00,4,230.0,0,0,5
2023-05-01 01:00:00,3,128.3,1,0,5
2023-05-01 02:00:00,5,223.5,2,0,5
2023-05-01 03:00:00,1,56.4,3,0,5
2023-05-01 04:00:00,7,290.6,4,0,5
2023-05-01 05:00:00,9,327.2,5,0,5
2023-05-01 06:00:00,8,350.0,6,0,5
2023-05-01 07:00:00,7,350.6,7,0,5
2023-05-01 08:00:00,16,709.9,8,0,5
2023-05-01 09:00:00,19,947.5,9,0,5
2023-05-01 10:00:00,23,1018.0,10,0,5
2023-05-01 11:00:00,22,925.8000000000001,11,0,5
2023-05-01 12:00:00,19,911.2,12,0,5
2023-05-01 13:00:00,24,1164.0,13,0,5
2023-05-01 14:00:00,21,921.9,14,0,5
2023-05-01 15:00:00,17,787.7,15,0,5
2023-05-01 16:00:00,14,572.4,16,0,5
2023-05-01 17:00:00,12,547.1,17,0,5
2023-05-01 18:00:00,9,432.4,18,0,5
2023-05-01 19:00:00,8,289.8,19,0,5
2023-05-01 20:00:00,4,155.0,20,0,5
2023-05-01 21:00:00,2,66.5,21,0,5
2023-05-01 22:00:00,1,78.1,22,0,5
2023-05-01 23:00:00,0,0.0,23,0,5
2023-05-02 00:00:00,1,26.5,0,1,5
2023-05-02 01:00:00,2,79.1,1,1,5
2023-05-02 02:00:00,3,230.5,2,1,5
2023-05-02 03:00:00,2,86.6,3,1,5
2023-05-02 04:00:00,2,95.6,4,1,5
2023-05-02 05:00:00,1,52.2,5,1,5
2023-05-02 06:00:00,3,113.30000000000001,6,1,5
2023-05-02 07:00:00,7,258.0,7,1,5
2023-05-02 08:00:00,9,472.6,8,1,5
2023-05-02 09:00:00,23,1197.6,9,1,5
2023-05-02 10:00:00,17,778.1,10,1,5
2023-05-02 11:00:00,22,1003.2,11,1,5
2023-05-02 12:00:00,29,1209.1,12,1,5
2023-05-02 13:00:00,26,1201.1,13,1,5
2023-05-02 14:00:00,30,1484.9,14,1,5
2023-05-02 15:00:00,20,884.9,15,1,5
2023-05-02 16:00:00,17,786.1,16,1,5
2023-05-02 17:00:00,11,481.2,17,1,5
2023-05-02 18:00:00,10,409.5,18,1,5
2023-05-02 19:00:00,14,679.1,19,1,5
2023-05-02 20:00:00,7,304.6,20,1,5
2023-05-02 21:00:00,4,259.1,21,1,5
2023-05-02 22:00:00,3,118.6,22,1,5
2023-05-02 23:00:00,0,0.0,23,1,5
2023-05-03 00:00:00,3,94.0,0,2,5
2023-05-03 01:00:00,4,246.70000000000002,1,2,5
2023-05-03 02:00:00,2,112.0,2,2,5
2023-05-03 03:00:00,3,146.5,3,2,5
2023-05-03 04:00:00,2,58.9,4,2,5
2023-05-03 05:00:00,7,355.2,5,2,5
2023-05-03 06:00:00,5,286.2,6,2,5
2023-05-03 07:00:00,9,493.0,7,2,5
2023-05-03 08:00:00,9,455.0,8,2,5
2023-05-03 09:00:00,14,646.1,9,2,5
2023-05-03 10:00:00,23,1111.2,10,2,5
2023-05-03 11:00:00,17,725.1999999999999,11,2,5
2023-05-03 12:00:00,20,1015.8,12,2,5
2023-05-03 13:00:00,23,1027.5,13,2,5
2023-05-03 14:00:00,22,1055.6,14,2,5
2023-05-03 15:00:00,18,807.0,15,2,5
2023-05-03 16:00:00,8,311.4,16,2,5
2023-05-03 17:00:00,15,665.3,17,2,5
2023-05-03 18:00:00,11,498.2,18,2,5
2023-05-03 19:00:00,6,289.9,19,2,5
2023-05-03 20:00:00,2,103.7,20,2,5
2023-05-03 21:00:00,2,111.6,21,2,5
2023-05-03 22:00:00,2,85.8,22,2,5
2023-05-03 23:00:00,3,126.80000000000001,23,2,5
2023-05-04 00:00:00,2,79.69999999999999,0,3,5
2023-05-04 01:00:00,4,176.0,1,3,5
2023-05-04 02:00:00,4,129.6,2,3,5
2023-05-04 03:00:00,3,143.0,3,3,5
2023-05-04 04:00:00,2,79.3,4,3,5
2023-05-04 05:00:00,6,267.2,5,3,5
2023-05-04 06:00:00,8,411.5,6,3,5
2023-05-04 07:00:00,6,319.2,7,3,5
2023-05-04 08:00:00,17,947.6,8,3,5
2023-05-04 09:00:00,22,982.7,9,3,5
2023-05-04 10:00:00,16,665.7,10,3,5
2023-05-04 11:00:00,16,827.6,11,3,5
2023-05-04 12:00:00,17,744.0,12,3,5
2023-05-04 13:00:00,29,1374.1,13,3,5
2023-05-04 14:00:00,18,902.8,14,3,5
2023-05-04 15:00:00,21,977.7,15,3,5
2023-05-04 16:00:00,18,933.5,16,3,5
2023-05-04 17:00:00,17,754.6,17,3,5
2023-05-04 18:00:00,11,572.3,18,3,5
2023-05-04 19:00:00,7,376.9,19,3,5
2023-05-04 20:00:00,7,335.3,20,3,5
2023-05-04 21:00:00,2,100.89999999999999,21,3,5
2023-05-04 22:00:00,2,106.0,22,3,5
2023-05-04 23:00:00,5,302.2,23,3,5
2023-05-05 00:00:00,3,126.2,0,4,5
2023-05-05 01:00:00,0,0.0,1,4,5
2023-05-05 02:00:00,1,75.4,2,4,5
2023-05-05 03:00:00,0,0.0,3,4,5
2023-05-05 04:00:00,1,32.1,4,4,5
2023-05-05 05:00:00,3,167.5,5,4,5
2023-05-05 06:00:00,9,416.8,6,4,5
2023-05-05 07:00:00,10,503.1,7,4,5
2023-05-05 08:00:00,17,772.0,8,4,5
2023-05-05 09:00:00,20,973.2,9,4,5
2023-05-05 10:00:00,18,936.2,10,4,5
2023-05-05 11:00:00,24,1304.9,11,4,5
2023-05-05 12:00:00,17,835.1999999999999,12,4,5
2023-05-05 13:00:00,20,1046.5,13,4,5
2023-05-05 14:00:00,20,877.5,14,4,5
2023-05-05 15:00:00,12,527.7,15,4,5
2023-05-05 16:00:00,12,536.1,16,4,5
2023-05-05 17:00:00,15,594.2,17,4,5
2023-05-05 18:00:00,9,443.9,18,4,5
2023-05-05 19:00:00,16,769.1,19,4,5
2023-05-05 20:00:00,9,361.2,20,4,5
2023-05-05 21:00:00,4,160.5,21,4,5
2023-05-05 22:00:00,0,0.0,22,4,5
2023-05-05 23:00:00,2,79.3,23,4,5
2023-05-06 00:00:00,3,144.4,0,5,5
2023-05-06 01:00:00,1,29.3,1,5,5
2023-05-06 02:00:00,0,0.0,2,5,5
2023-05-06 03:00:00,2,83.9,3,5,5
2023-05-06 04:00:00,0,0.0,4,5,5
2023-05-06 05:00:00,4,225.3,5,5,5
2023-05-06 06:00:00,9,365.3,6,5,5
2023-05-06 07:00:00,9,364.0,7,5,5
2023-05-06 08:00:00,10,558.5,8,5,5
2023-05-06 09:00:00,16,754.2,9,5,5
2023-05-06 10:00:00,13,668.7,10,5,5
2023-05-06 11:00:00,15,710.9,11,5,5
2023-05-06 12:00:00,8,373.8,12,5,5
2023-05-06 13:00:00,11,503.5,13,5,5
2023-05-06 14:00:00,16,715.1,14,5,5
2023-05-06 15:00:00,18,899.5,15,5,5
2023-05-06 16:00:00,14,679.8,16,5,5
2023-05-06 17:00:00,9,485.8,17,5,5
2023-05-06 18:00:00,8,401.2,18,5,5
2023-05-06 19:00:00,4,172.2,19,5,5
2023-05-06 20:00:00,4,238.1,20,5,5
2023-05-06 21:00:00,3,156.1,21,5,5
2023-05-06 22:00:00,1,51.6,22,5,5
2023-05-06 23:00:00,0,0.0,23,5,5
2023-05-07 00:00:00,2,122.0,0,6,5
2023-05-07 01:00:00,1,75.2,1,6,5
2023-05-07 02:00:00,3,115.4,2,6,5
2023-05-07 03:00:00,2,107.5,3,6,5
2023-05-07 04:00:00,2,58.8,4,6,5
2023-05-07 05:00:00,5,203.7,5,6,5
2023-05-07 06:00:00,7,315.2,6,6,5
2023-05-07 07:00:00,0,0.0,7,6,5
2023-05-07 08:00:00,6,322.6,8,6,5
2023-05-07 09:00:00,12,511.7,9,6,5
2023-05-07 10:00:00,13,616.8,10,6,5
2023-05-07 11:00:00,13,553.7,11,6,5
2023-05-07 12:00:00,16,735.2,12,6,5
2023-05-07 13:00:00,16,788.7,13,6,5
2023-05-07 14:00:00,15,741.8,14,6,5
2023-05-07 15:00:00,18,987.3,15,6,5
2023-05-07 16:00:00,14,621.1,16,6,5
2023-05-07 17:00:00,10,453.7,17,6,5
2023-05-07 18:00:00,14,713.1,18,6,5
2023-05-07 19:00:00,5,235.8,19,6,5
2023-05-07 20:00:00,4,179.2,20,6,5
2023-05-07 21:00:00,4,177.4,21,6,5
2023-05-07 22:00:00,0,0.0,22,6,5
2023-05-07 23:00:00,0,0.0,23,6,5
2023-05-08 00:00:00,7,367.9,0,0,5
2023-05-08 01:00:00,4,214.2,1,0,5
2023-05-08 02:00:00,1,29.4,2,0,5
2023-05-08 03:00:00,4,205.79999999999998,3,0,5
2023-05-08 04:00:00,2,122.6,4,0,5
2023-05-08 05:00:00,8,290.8,5,0,5
2023-05-08 06:00:00,5,199.0,6,0,5
2023-05-08 07:00:00,13,460.5,7,0,5
2023-05-08 08:00:00,12,441.7,8,0,5
2023-05-08 09:00:00,14,719.9,9,0,5
2023-05-08 10:00:00,21,1000.0,10,0,5
2023-05-08 11:00:00,18,785.8,11,0,5
2023-05-08 12:00:00,19,916.7,12,0,5
2023-05-08 13:00:00,19,840.4,13,0,5
2023-05-08 14:00:00,23,936.4,14,0,5
2023-05-08 15:00:00,13,492.4,15,0,5
2023-05-08 16:00:00,15,704.5,16,0,5
2023-05-08 17:00:00,19,1023.5,17,0,5
2023-05-08 18:00:00,15,675.3000000000001,18,0,5
2023-05-08 19:00:00,8,302.3,19,0,5
2023-05-08 20:00:00,9,401.7,20,0,5
2023-05-08 21:00:00,3,105.9,21,0,5
2023-05-08 22:00:00,1,33.3,22,0,5
2023-05-08 23:00:00,1,32.8,23,0,5
2023-05-09 00:00:00,2,65.7,0,1,5
2023-05-09 01:00:00,0,0.0,1,1,5
2023-05-09 02:00:00,1,33.0,2,1,5
2023-05-09 03:00:00,2,109.80000000000001,3,1,5
2023-05-09 04:00:00,1,52.8,4,1,5
2023-05-09 05:00:00,5,261.09999999999997,5,1,5
2023-05-09 06:00:00,6,268.5,6,1,5
2023-05-09 07:00:00,8,372.4,7,1,5
2023-05-09 08:00:00,12,642.7,8,1,5
2023-05-09 09:00:00,18,974.0,9,1,5
2023-05-09 10:00:00,22,905.6,10,1,5
2023-05-09 11:00:00,21,1151.3,11,1,5
2023-05-09 12:00:00,20,918.5,12,1,5
2023-05-09 13:00:00,18,959.3,13,1,5
2023-05-09 14:00:00,18,1017.7,14,1,5
2023-05-09 15:00:00,17,847.7,15,1,5
2023-05-09 16:00:00,17,809.9,16,1,5
2023-05-09 17:00:00,19,962.6,17,1,5
2023-05-09 18:00:00,11,454.7,18,1,5
2023-05-09 19:00:00,6,252.2,19,1,5
2023-05-09 20:00:00,6,274.7,20,1,5
2023-05-09 21:00:00,7,310.6,21,1,5
2023-05-09 22:00:00,3,155.8,22,1,5
2023-05-09 23:00:00,3,156.7,23,1,5
2023-05-10 00:00:00,2,115.1,0,2,5
2023-05-10 01:00:00,4,187.5,1,2,5
2023-05-10 02:00:00,3,145.7,2,2,5
2023-05-10 03:00:00,0,0.0,3,2,5
2023-05-10 04:00:00,2,77.2,4,2,5
2023-05-10 05:00:00,7,310.1,5,2,5
2023-05-10 06:00:00,4,183.89999999999998,6,2,5
2023-05-10 07:00:00,6,315.8,7,2,5
2023-05-10 08:00:00,12,548.6,8,2,5
2023-05-10 09:00:00,14,699.2,9,2,5
2023-05-10 10:00:00,20,811.2,10,2,5
2023-05-10 11:00:00,23,1129.8,11,2,5
2023-05-10 12:00:00,22,1092.4,12,2,5
2023-05-10 13:00:00,24,1171.5,13,2,5
2023-05-10 14:00:00,18,807.0,14,2,5
2023-05-10 15:00:00,21,956.1,15,2,5
2023-05-10 16:00:00,17,699.1,16,2,5
2023-05-10 17:00:00,15,663.3,17,2,5
2023-05-10 18:00:00,16,708.6,18,2,5
2023-05-10 19:00:00,10,502.09999999999997,19,2,5
2023-05-10 20:00:00,8,411.8,20,2,5
2023-05-10 21:00:00,4,163.8,21,2,5
2023-05-10 22:00:00,3,120.3,22,2,5
2023-05-10 23:00:00,3,108.1,23,2,5
2023-05-11 00:00:00,0,0.0,0,3,5
2023-05-11 01:00:00,2,67.5,1,3,5
2023-05-11 02:00:00,2,110.4,2,3,5
2023-05-11 03:00:00,1,30.9,3,3,5
2023-05-11 04:00:00,4,157.5,4,3,5
2023-05-11 05:00:00,4,202.8,5,3,5
2023-05-11 06:00:00,3,183.9,6,3,5
2023-05-11 07:00:00,9,569.0,7,3,5
2023-05-11 08:00:00,19,828.1,8,3,5
2023-05-11 09:00:00,21,957.6,9,3,5
2023-05-11 10:00:00,24,1113.5,10,3,5
2023-05-11 11:00:00,17,795.3,11,3,5
2023-05-11 12:00:00,13,649.3,12,3,5
2023-05-11 13:00:00,14,673.3,13,3,5
2023-05-11 14:00:00,16,825.4,14,3,5
2023-05-11 15:00:00,15,765.2,15,3,5
2023-05-11 16:00:00,25,1237.2,16,3,5
2023-05-11 17:00:00,10,441.0,17,3,5
2023-05-11 18:00:00,8,294.1,18,3,5
2023-05-11 19:00:00,18,820.0,19,3,5
2023-05-11 20:00:00,4,178.7,20,3,5
2023-05-11 21:00:00,1,31.4,21,3,5
2023-05-11 22:00:00,3,145.1,22,3,5
2023-05-11 23:00:00,3,115.9,23,3,5
2023-05-12 00:00:00,4,136.6,0,4,5
2023-05-12 01:00:00,2,83.9,1,4,5
2023-05-12 02:00:00,2,77.5,2,4,5
2023-05-12 03:00:00,2,115.6,3,4,5
2023-05-12 04:00:00,1,79.7,4,4,5
2023-05-12 05:00:00,3,162.7,5,4,5
2023-05-12 06:00:00,8,379.09999999999997,6,4,5
2023-05-12 07:00:00,10,436.70000000000005,7,4,5
2023-05-12 08:00:00,14,627.7,8,4,5
2023-05-12 09:00:00,21,1094.4,9,4,5
2023-05-12 10:00:00,23,1012.9,10,4,5
2023-05-12 11:00:00,24,925.2,11,4,5
2023-05-12 12:00:00,24,1047.2,12,4,5
2023-05-12 13:00:00,20,909.7,13,4,5
2023-05-12 14:00:00,23,1100.6,14,4,5
2023-05-12 15:00:00,13,518.8,15,4,5
2023-05-12 16:00:00,18,861.7,16,4,5
2023-05-12 17:00:00,13,630.7,17,4,5
2023-05-12 18:00:00,10,496.8,18,4,5
2023-05-12 19:00:00,10,554.8,19,4,5
2023-05-12 20:00:00,6,282.5,20,4,5
2023-05-12 21:00:00,4,151.8,21,4,5
2023-05-12 22:00:00,2,85.1,22,4,5
2023-05-12 23:00:00,0,0.0,23,4,5
2023-05-13 00:00:00,2,64.6,0,5,5
2023-05-13 01:00:00,1,47.5,1,5,5
2023-05-13 02:00:00,2,66.8,2,5,5
2023-05-13 03:00:00,2,61.0,3,5,5
2023-05-13 04:00:00,3,123.6,4,5,5
2023-05-13 05:00:00,5,256.6,5,5,5
2023-05-13 06:00:00,2,81.9,6,5,5
2023-05-13 07:00:00,4,125.1,7,5,5
2023-05-13 08:00:00,6,282.8,8,5,5
2023-05-13 09:00:00,13,615.8,9,5,5
2023-05-13 10:00:00,13,648.0,10,5,5
2023-05-13 11:00:00,15,833.2,11,5,5
2023-05-13 12:00:00,17,828.1,12,5,5
2023-05-13 13:00:00,18,833.2,13,5,5
2023-05-13 14:00:00,10,387.5,14,5,5
2023-05-13 15:00:00,14,688.8,15,5,5
2023-05-13 16:00:00,12,472.59999999999997,16,5,5
2023-05-13 17:00:00,15,671.7,17,5,5
2023-05-13 18:00:00,15,622.5,18,5,5
2023-05-13 19:00:00,10,477.4,19,5,5
2023-05-13 20:00:00,3,150.3,20,5,5
2023-05-13 21:00:00,5,292.5,21,5,5
2023-05-13 22:00:00,1,31.7,22,5,5
2023-05-13 23:00:00,5,189.0,23,5,5
2023-05-14 00:00:00,2,95.9,0,6,5
2023-05-14 01:00:00,4,142.79999999999998,1,6,5
2023-05-14 02:00:00,2,61.800000000000004,2,6,5
2023-05-14 03:00:00,3,114.9,3,6,5
2023-05-14 04:00:00,3,118.3,4,6,5
2023-05-14 05:00:00,3,115.5,5,6,5
2023-05-14 06:00:00,4,176.0,6,6,5
2023-05-14 07:00:00,8,374.7,7,6,5
2023-05-14 08:00:00,10,432.2,8,6,5
2023-05-14 09:00:00,9,393.6,9,6,5
2023-05-14 10:00:00,18,833.0,10,6,5
2023-05-14 11:00:00,17,734.6,11,6,5
2023-05-14 12:00:00,15,759.0,12,6,5
2023-05-14 13:00:00,11,574.0,13,6,5
2023-05-14 14:00:00,23,1045.4,14,6,5
2023-05-14 15:00:00,9,398.4,15,6,5
2023-05-14 16:00:00,16,811.6,16,6,5
2023-05-14 17:00:00,11,499.5,17,6,5
2023-05-14 18:00:00,13,682.9,18,6,5
2023-05-14 19:00:00,6,319.8,19,6,5
2023-05-14 20:00:00,5,228.4,20,6,5
2023-05-14 21:00:00,1,49.9,21,6,5
2023-05-14 22:00:00,0,0.0,22,6,5
2023-05-14 23:00:00,1,29.4,23,6,5
2023-05-15 00:00:00,0,0.0,0,0,5
2023-05-15 01:00:00,0,0.0,1,0,5
2023-05-15 02:00:00,4,156.1,2,0,5
2023-05-15 03:00:00,3,105.5,3,0,5
2023-05-15 04:00:00,0,0.0,4,0,5
2023-05-15 05:00:00,4,216.4,5,0,5
2023-05-15 06:00:00,11,615.0,6,0,5
2023-05-15 07:00:00,15,715.4,7,0,5
2023-05-15 08:00:00,12,655.7,8,0,5
2023-05-15 09:00:00,16,728.6,9,0,5
2023-05-15 10:00:00,19,878.6,10,0,5
2023-05-15 11:00:00,20,987.6,11,0,5
2023-05-15 12:00:00,21,886.1,12,0,5
2023-05-15 13:00:00,25,1097.6,13,0,5
2023-05-15 14:00:00,11,459.6,14,0,5
2023-05-15 15:00:00,21,1111.8,15,0,5
2023-05-15 16:00:00,14,631.9,16,0,5
2023-05-15 17:00:00,12,623.7,17,0,5
2023-05-15 18:00:00,11,588.3,18,0,5
2023-05-15 19:00:00,5,303.1,19,0,5
2023-05-15 20:00:00,4,185.3,20,0,5
2023-05-15 21:00:00,6,291.0,21,0,5
2023-05-15 22:00:00,6,222.0,22,0,5
2023-05-15 23:00:00,2,88.7,23,0,5
2023-05-16 00:00:00,2,95.0,0,1,5
2023-05-16 01:00:00,1,33.0,1,1,5
2023-05-16 02:00:00,1,29.6,2,1,5
2023-05-16 03:00:00,3,136.4,3,1,5
2023-05-16 04:00:00,2,86.30000000000001,4,1,5
2023-05-16 05:00:00,4,157.9,5,1,5
2023-05-16 06:00:00,10,358.3,6,1,5
2023-05-16 07:00:00,10,495.59999999999997,7,1,5
2023-05-16 08:00:00,18,810.7,8,1,5
2023-05-16 09:00:00,18,749.4,9,1,5
2023-05-16 10:00:00,21,977.2,10,1,5
2023-05-16 11:00:00,14,695.6,11,1,5
2023-05-16 12:00:00,24,1088.3,12,1,5
2023-05-16 13:00:00,18,774.2,13,1,5
2023-05-16 14:00:00,17,898.7,14,1,5
2023-05-16 15:00:00,14,569.1,15,1,5
2023-05-16 16:00:00,15,746.1,16,1,5
2023-05-16 17:00:00,13,642.7,17,1,5
2023-05-16 18:00:00,11,533.3,18,1,5
2023-05-16 19:00:00,6,283.9,19,1,5
2023-05-16 20:00:00,7,368.3,20,1,5
2023-05-16 21:00:00,4,191.5,21,1,5
2023-05-16 22:00:00,2,78.30000000000001,22,1,5
2023-05-16 23:00:00,0,0.0,23,1,5
2023-05-17 00:00:00,0,0.0,0,2,5
2023-05-17 01:00:00,3,124.0,1,2,5
2023-05-17 02:00:00,1,32.7,2,2,5
2023-05-17 03:00:00,3,153.1,3,2,5
2023-05-17 04:00:00,1,52.0,4,2,5
2023-05-17 05:00:00,1,37.9,5,2,5
2023-05-17 06:00:00,7,411.5,6,2,5
2023-05-17 07:00:00,7,375.0,7,2,5
2023-05-17 08:00:00,20,1011.3,8,2,5
2023-05-17 09:00:00,20,931.1,9,2,5
2023-05-17 10:00:00,19,983.3,10,2,5
2023-05-17 11:00:00,16,711.1,11,2,5
2023-05-17 12:00:00,18,833.8,12,2,5
2023-05-17 13:00:00,16,812.6,13,2,5
2023-05-17 14:00:00,22,1052.2,14,2,5
2023-05-17 15:00:00,17,926.4,15,2,5
2023-05-17 16:00:00,13,520.1,16,2,5
2023-05-17 17:00:00,15,810.2,17,2,5
2023-05-17 18:00:00,17,856.4,18,2,5
2023-05-17 19:00:00,9,465.0,19,2,5
2023-05-17 20:00:00,6,292.29999999999995,20,2,5
2023-05-17 21:00:00,5,246.5,21,2,5
2023-05-17 22:00:00,3,145.1,22,2,5
2023-05-17 23:00:00,3,147.8,23,2,5
2023-05-18 00:00:00,3,123.6,0,3,5
2023-05-18 01:00:00,2,127.3,1,3,5
2023-05-18 02:00:00,3,168.9,2,3,5
2023-05-18 03:00:00,4,188.3,3,3,5
2023-05-18 04:00:00,3,121.2,4,3,5
2023-05-18 05:00:00,1,50.2,5,3,5
2023-05-18 06:00:00,3,168.3,6,3,5
2023-05-18 07:00:00,8,418.9,7,3,5
2023-05-18 08:00:00,15,794.3,8,3,5
2023-05-18 09:00:00,16,671.1,9,3,5
2023-05-18 10:00:00,20,1023.7,10,3,5
2023-05-18 11:00:00,25,1160.8,11,3,5
2023-05-18 12:00:00,27,1353.8,12,3,5
2023-05-18 13:00:00,20,944.5,13,3,5
2023-05-18 14:00:00,17,877.3,14,3,5
2023-05-18 15:00:00,14,628.7,15,3,5
2023-05-18 16:00:00,9,526.4,16,3,5
2023-05-18 17:00:00,23,1085.1,17,3,5
2023-05-18 18:00:00,7,414.6,18,3,5
2023-05-18 19:00:00,6,337.7,19,3,5
2023-05-18 20:00:00,7,370.5,20,3,5
2023-05-18 21:00:00,5,270.1,21,3,5
2023-05-18 22:00:00,4,273.6,22,3,5
2023-05-18 23:00:00,2,81.69999999999999,23,3,5
2023-05-19 00:00:00,1,80.0,0,4,5
2023-05-19 01:00:00,0,0.0,1,4,5
2023-05-19 02:00:00,1,33.8,2,4,5
2023-05-19 03:00:00,2,103.1,3,4,5
2023-05-19 04:00:00,5,232.6,4,4,5
2023-05-19 05:00:00,4,243.0,5,4,5
2023-05-19 06:00:00,6,241.9,6,4,5
2023-05-19 07:00:00,8,285.7,7,4,5
2023-05-19 08:00:00,14,660.8,8,4,5
2023-05-19 09:00:00,24,1102.5,9,4,5
2023-05-19 10:00:00,18,845.1,10,4,5
2023-05-19 11:00:00,29,1435.7,11,4,5
2023-05-19 12:00:00,19,880.6,12,4,5
2023-05-19 13:00:00,29,1446.4,13,4,5
2023-05-19 14:00:00,35,1795.4,14,4,5
2023-05-19 15:00:00,28,1381.3,15,4,5
2023-05-19 16:00:00,14,593.2,16,4,5
2023-05-19 17:00:00,14,531.4,17,4,5
2023-05-19 18:00:00,10,468.4,18,4,5
2023-05-19 19:00:00,7,300.4,19,4,5
2023-05-19 20:00:00,9,437.0,20,4,5
2023-05-19 21:00:00,7,306.2,21,4,5
2023-05-19 22:00:00,0,0.0,22,4,5
2023-05-19 23:00:00,4,177.29999999999998,23,4,5
2023-05-20 00:00:00,0,0.0,0,5,5
2023-05-20 01:00:00,1,50.7,1,5,5
2023-05-20 02:00:00,1,46.9,2,5,5
2023-05-20 03:00:00,1,34.5,3,5,5
2023-05-20 04:00:00,2,128.0,4,5,5
2023-05-20 05:00:00,4,228.5,5,5,5
2023-05-20 06:00:00,4,229.3,6,5,5
2023-05-20 07:00:00,3,91.8,7,5,5
2023-05-20 08:00:00,11,535.2,8,5,5
2023-05-20 09:00:00,14,686.6,9,5,5
2023-05-20 10:00:00,14,671.1,10,5,5
2023-05-20 11:00:00,14,562.6,11,5,5
2023-05-20 12:00:00,12,517.7,12,5,5
2023-05-20 13:00:00,15,697.8,13,5,5
2023-05-20 14:00:00,17,799.6,14,5,5
2023-05-20 15:00:00,11,519.1,15,5,5
2023-05-20 16:00:00,14,732.9,16,5,5
2023-05-20 17:00:00,10,489.2,17,5,5
2023-05-20 18:00:00,9,375.0,18,5,5
2023-05-20 19:00:00,7,295.6,19,5,5
2023-05-20 20:00:00,7,392.4,20,5,5
2023-05-20 21:00:00,8,353.2,21,5,5
2023-05-20 22:00:00,0,0.0,22,5,5
2023-05-20 23:00:00,2,132.3,23,5,5
2023-05-21 00:00:00,1,80.0,0,6,5
2023-05-21 01:00:00,0,0.0,1,6,5
2023-05-21 02:00:00,2,111.6,2,6,5
2023-05-21 03:00:00,1,35.4,3,6,5
2023-05-21 04:00:00,5,217.2,4,6,5
2023-05-21 05:00:00,2,63.400000000000006,5,6,5
2023-05-21 06:00:00,9,361.2,6,6,5
2023-05-21 07:00:00,7,394.5,7,6,5
2023-05-21 08:00:00,12,626.5,8,6,5
2023-05-21 09:00:00,17,877.3,9,6,5
2023-05-21 10:00:00,13,518.8,10,6,5
2023-05-21 11:00:00,12,622.9,11,6,5
2023-05-21 12:00:00,13,584.1,12,6,5
2023-05-21 13:00:00,17,701.7,13,6,5
2023-05-21 14:00:00,15,628.7,14,6,5
2023-05-21 15:00:00,12,593.6,15,6,5
2023-05-21 16:00:00,9,334.2,16,6,5
2023-05-21 17:00:00,9,381.6,17,6,5
2023-05-21 18:00:00,8,353.7,18,6,5
2023-05-21 19:00:00,5,295.0,19,6,5
2023-05-21 20:00:00,8,343.7,20,6,5
2023-05-21 21:00:00,5,190.7,21,6,5
2023-05-21 22:00:00,2,84.9,22,6,5
2023-05-21 23:00:00,2,64.4,23,6,5
2023-05-22 00:00:00,3,134.7,0,0,5
2023-05-22 01:00:00,1,38.3,1,0,5
2023-05-22 02:00:00,2,128.4,2,0,5
2023-05-22 03:00:00,1,77.3,3,0,5
2023-05-22 04:00:00,3,189.89999999999998,4,0,5
2023-05-22 05:00:00,3,167.9,5,0,5
2023-05-22 06:00:00,9,503.59999999999997,6,0,5
2023-05-22 07:00:00,7,341.9,7,0,5
2023-05-22 08:00:00,11,583.0,8,0,5
2023-05-22 09:00:00,24,1029.0,9,0,5
2023-05-22 10:00:00,25,1039.0,10,0,5
2023-05-22 11:00:00,23,1011.3,11,0,5
2023-05-22 12:00:00,25,1199.6,12,0,5
2023-05-22 13:00:00,24,1162.9,13,0,5
2023-05-22 14:00:00,24,1062.1,14,0,5
2023-05-22 15:00:00,14,643.3,15,0,5
2023-05-22 16:00:00,19,982.4,16,0,5
2023-05-22 17:00:00,18,989.1,17,0,5
2023-05-22 18:00:00,14,567.8,18,0,5
2023-05-22 19:00:00,11,506.2,19,0,5
2023-05-22 20:00:00,6,290.9,20,0,5
2023-05-22 21:00:00,6,217.5,21,0,5
2023-05-22 22:00:00,4,161.7,22,0,5
2023-05-22 23:00:00,2,104.0,23,0,5
2023-05-23 00:00:00,2,110.10000000000001,0,1,5
2023-05-23 01:00:00,2,65.5,1,1,5
2023-05-23 02:00:00,1,36.4,2,1,5
2023-05-23 03:00:00,3,191.7,3,1,5
2023-05-23 04:00:00,2,63.300000000000004,4,1,5
2023-05-23 05:00:00,8,397.29999999999995,5,1,5
2023-05-23 06:00:00,10,380.3,6,1,5
2023-05-23 07:00:00,9,451.4,7,1,5
2023-05-23 08:00:00,18,763.0,8,1,5
2023-05-23 09:00:00,23,1078.1,9,1,5
2023-05-23 10:00:00,19,1090.0,10,1,5
2023-05-23 11:00:00,16,815.7,11,1,5
2023-05-23 12:00:00,23,1144.6,12,1,5
2023-05-23 13:00:00,22,939.0,13,1,5
2023-05-23 14:00:00,22,1071.9,14,1,5
2023-05-23 15:00:00,23,1063.3,15,1,5
2023-05-23 16:00:00,21,1021.6999999999999,16,1,5
2023-05-23 17:00:00,8,346.7,17,1,5
2023-05-23 18:00:00,14,668.4,18,1,5
2023-05-23 19:00:00,10,415.6,19,1,5
2023-05-23 20:00:00,7,381.5,20,1,5
2023-05-23 21:00:00,5,232.7,21,1,5
2023-05-23 22:00:00,5,198.2,22,1,5
2023-05-23 23:00:00,5,201.1,23,1,5
2023-05-24 00:00:00,2,108.39999999999999,0,2,5
2023-05-24 01:00:00,3,179.4,1,2,5
2023-05-24 02:00:00,2,80.1,2,2,5
2023-05-24 03:00:00,1,52.8,3,2,5
2023-05-24 04:00:00,1,55.3,4,2,5
2023-05-24 05:00:00,5,194.6,5,2,5
2023-05-24 06:00:00,6,285.5,6,2,5
2023-05-24 07:00:00,10,497.3,7,2,5
2023-05-24 08:00:00,11,436.9,8,2,5
2023-05-24 09:00:00,16,667.8,9,2,5
2023-05-24 10:00:00,21,1036.5,10,2,5
2023-05-24 11:00:00,22,1028.7,11,2,5
2023-05-24 12:00:00,13,642.5,12,2,5
2023-05-24 13:00:00,19,829.1,13,2,5
2023-05-24 14:00:00,30,1450.8,14,2,5
2023-05-24 15:00:00,12,553.4,15,2,5
2023-05-24 16:00:00,26,1139.9,16,2,5
2023-05-24 17:00:00,17,789.7,17,2,5
2023-05-24 18:00:00,8,295.6,18,2,5
2023-05-24 19:00:00,5,220.60000000000002,19,2,5
2023-05-24 20:00:00,8,379.5,20,2,5
2023-05-24 21:00:00,3,91.1,21,2,5
2023-05-24 22:00:00,5,251.3,22,2,5
2023-05-24 23:00:00,2,60.4,23,2,5
2023-05-25 00:00:00,2,61.1,0,3,5
2023-05-25 01:00:00,3,178.8,1,3,5
2023-05-25 02:00:00,3,230.60000000000002,2,3,5
2023-05-25 03:00:00,1,50.6,3,3,5
2023-05-25 04:00:00,3,205.4,4,3,5
2023-05-25 05:00:00,3,112.6,5,3,5
2023-05-25 06:00:00,4,209.9,6,3,5
2023-05-25 07:00:00,9,390.79999999999995,7,3,5
2023-05-25 08:00:00,21,1073.4,8,3,5
2023-05-25 09:00:00,35,1716.6,9,3,5
2023-05-25 10:00:00,24,1202.3,10,3,5
2023-05-25 11:00:00,18,849.8,11,3,5
2023-05-25 12:00:00,18,787.4,12,3,5
2023-05-25 13:00:00,27,1240.0,13,3,5
2023-05-25 14:00:00,24,1143.1,14,3,5
2023-05-25 15:00:00,20,832.7,15,3,5
2023-05-25 16:00:00,12,562.0,16,3,5
2023-05-25 17:00:00,21,1059.6,17,3,5
2023-05-25 18:00:00,9,364.1,18,3,5
2023-05-25 19:00:00,8,341.6,19,3,5
2023-05-25 20:00:00,5,228.4,20,3,5
2023-05-25 21:00:00,4,194.5,21,3,5
2023-05-25 22:00:00,1,50.4,22,3,5
2023-05-25 23:00:00,5,248.8,23,3,5
2023-05-26 00:00:00,4,210.3,0,4,5
2023-05-26 01:00:00,2,123.5,1,4,5
2023-05-26 02:00:00,2,69.0,2,4,5
2023-05-26 03:00:00,1,80.0,3,4,5
2023-05-26 04:00:00,0,0.0,4,4,5
2023-05-26 05:00:00,3,114.0,5,4,5
2023-05-26 06:00:00,6,304.6,6,4,5
2023-05-26 07:00:00,13,573.3,7,4,5
2023-05-26 08:00:00,11,453.5,8,4,5
2023-05-26 09:00:00,16,731.4,9,4,5
2023-05-26 10:00:00,33,1579.7,10,4,5
2023-05-26 11:00:00,14,769.7,11,4,5
2023-05-26 12:00:00,21,936.3,12,4,5
2023-05-26 13:00:00,16,825.6,13,4,5
2023-05-26 14:00:00,15,720.6,14,4,5
2023-05-26 15:00:00,15,665.5,15,4,5
2023-05-26 16:00:00,14,646.6,16,4,5
2023-05-26 17:00:00,13,694.9,17,4,5
2023-05-26 18:00:00,10,529.8,18,4,5
2023-05-26 19:00:00,12,573.0,19,4,5
2023-05-26 20:00:00,10,420.5,20,4,5
2023-05-26 21:00:00,7,331.1,21,4,5
2023-05-26 22:00:00,1,35.2,22,4,5
2023-05-26 23:00:00,3,174.0,23,4,5
2023-05-27 00:00:00,3,165.0,0,5,5
2023-05-27 01:00:00,2,103.4,1,5,5
2023-05-27 02:00:00,3,138.7,2,5,5
2023-05-27 03:00:00,3,121.6,3,5,5
2023-05-27 04:00:00,4,172.8,4,5,5
2023-05-27 05:00:00,3,169.9,5,5,5
2023-05-27 06:00:00,9,487.3,6,5,5
2023-05-27 07:00:00,9,369.0,7,5,5
2023-05-27 08:00:00,7,345.5,8,5,5
2023-05-27 09:00:00,10,364.9,9,5,5
2023-05-27 10:00:00,14,651.3,10,5,5
2023-05-27 11:00:00,15,672.6,11,5,5
2023-05-27 12:00:00,15,609.9,12,5,5
2023-05-27 13:00:00,14,722.4,13,5,5
2023-05-27 14:00:00,14,669.5,14,5,5
2023-05-27 15:00:00,14,660.9,15,5,5
2023-05-27 16:00:00,8,437.2,16,5,5
2023-05-27 17:00:00,11,464.9,17,5,5
2023-05-27 18:00:00,5,214.7,18,5,5
2023-05-27 19:00:00,5,235.2,19,5,5
2023-05-27 20:00:00,5,320.3,20,5,5
2023-05-27 21:00:00,6,277.0,21,5,5
2023-05-27 22:00:00,1,31.9,22,5,5
2023-05-27 23:00:00,2,66.30000000000001,23,5,5
2023-05-28 00:00:00,3,101.0,0,6,5
2023-05-28 01:00:00,1,49.1,1,6,5
2023-05-28 02:00:00,3,171.0,2,6,5
2023-05-28 03:00:00,1,55.9,3,6,5
2023-05-28 04:00:00,1,46.5,4,6,5
2023-05-28 05:00:00,3,144.8,5,6,5
2023-05-28 06:00:00,4,246.3,6,6,5
2023-05-28 07:00:00,7,300.5,7,6,5
2023-05-28 08:00:00,11,572.2,8,6,5
2023-05-28 09:00:00,12,622.8,9,6,5
2023-05-28 10:00:00,16,798.9,10,6,5
2023-05-28 11:00:00,10,498.3,11,6,5
2023-05-28 12:00:00,12,545.0,12,6,5
2023-05-28 13:00:00,12,578.5,13,6,5
2023-05-28 14:00:00,24,1119.0,14,6,5
2023-05-28 15:00:00,15,735.1,15,6,5
2023-05-28 16:00:00,20,952.9,16,6,5
2023-05-28 17:00:00,11,495.7,17,6,5
2023-05-28 18:00:00,6,282.2,18,6,5
2023-05-28 19:00:00,5,244.3,19,6,5
2023-05-28 20:00:00,5,208.9,20,6,5
2023-05-28 21:00:00,6,271.7,21,6,5
2023-05-28 22:00:00,3,162.0,22,6,5
2023-05-28 23:00:00,4,163.9,23,6,5
2023-05-29 00:00:00,2,106.5,0,0,5
2023-05-29 01:00:00,4,169.39999999999998,1,0,5
2023-05-29 02:00:00,2,78.1,2,0,5
2023-05-29 03:00:00,2,101.1,3,0,5
2023-05-29 04:00:00,4,215.5,4,0,5
2023-05-29 05:00:00,2,91.8,5,0,5
2023-05-29 06:00:00,10,475.09999999999997,6,0,5
2023-05-29 07:00:00,7,295.9,7,0,5
2023-05-29 08:00:00,13,671.9,8,0,5
2023-05-29 09:00:00,25,1306.1,9,0,5
2023-05-29 10:00:00,19,1030.0,10,0,5
2023-05-29 11:00:00,19,919.2,11,0,5
2023-05-29 12:00:00,19,781.5,12,0,5
2023-05-29 13:00:00,24,1085.2,13,0,5
2023-05-29 14:00:00,26,1147.8,14,0,5
2023-05-29 15:00:00,9,452.0,15,0,5
2023-05-29 16:00:00,16,681.9,16,0,5
2023-05-29 17:00:00,18,850.1999999999999,17,0,5
2023-05-29 18:00:00,18,799.1,18,0,5
2023-05-29 19:00:00,6,224.3,19,0,5
2023-05-29 20:00:00,8,453.6,20,0,5
2023-05-29 21:00:00,5,216.5,21,0,5
2023-05-29 22:00:00,0,0.0,22,0,5
2023-05-29 23:00:00,3,95.3,23,0,5
2023-05-30 00:00:00,2,77.80000000000001,0,1,5
2023-05-30 01:00:00,3,142.7,1,1,5
2023-05-30 02:00:00,0,0.0,2,1,5
2023-05-30 03:00:00,1,32.5,3,1,5
2023-05-30 04:00:00,2,101.80000000000001,4,1,5
2023-05-30 05:00:00,3,127.19999999999999,5,1,5
2023-05-30 06:00:00,9,399.0,6,1,5
2023-05-30 07:00:00,7,249.2,7,1,5
2023-05-30 08:00:00,12,574.6,8,1,5
2023-05-30 09:00:00,20,1008.6,9,1,5
2023-05-30 10:00:00,19,1044.0,10,1,5
2023-05-30 11:00:00,18,832.5,11,1,5
2023-05-30 12:00:00,21,1033.2,12,1,5
2023-05-30 13:00:00,22,975.3,13,1,5
2023-05-30 14:00:00,22,964.2,14,1,5
2023-05-30 15:00:00,12,428.9,15,1,5
2023-05-30 16:00:00,19,841.7,16,1,5
2023-05-30 17:00:00,8,326.7,17,1,5
2023-05-30 18:00:00,8,340.5,18,1,5
2023-05-30 19:00:00,10,507.1,19,1,5
2023-05-30 20:00:00,7,310.6,20,1,5
2023-05-30 21:00:00,7,325.8,21,1,5
2023-05-30 22:00:00,4,154.7,22,1,5
2023-05-30 23:00:00,1,37.4,23,1,5
2023-05-31 00:00:00,2,154.8,0,2,5
2023-05-31 01:00:00,2,111.1,1,2,5
2023-05-31 02:00:00,1,26.4,2,2,5
2023-05-31 03:00:00,4,201.2,3,2,5
2023-05-31 04:00:00,1,49.5,4,2,5
2023-05-31 05:00:00,1,67.4,5,2,5
2023-05-31 06:00:00,5,269.1,6,2,5
2023-05-31 07:00:00,12,594.8,7,2,5
2023-05-31 08:00:00,12,649.9,8,2,5
2023-05-31 09:00:00,27,1322.4,9,2,5
2023-05-31 10:00:00,22,968.7,10,2,5
2023-05-31 11:00:00,17,783.9,11,2,5
2023-05-31 12:00:00,21,954.9,12,2,5
2023-05-31 13:00:00,26,1226.4,13,2,5
2023-05-31 14:00:00,20,878.3,14,2,5
2023-05-31 15:00:00,23,1074.2,15,2,5
2023-05-31 16:00:00,15,683.7,16,2,5
2023-05-31 17:00:00,8,438.6,17,2,5
2023-05-31 18:00:00,13,577.9,18,2,5
2023-05-31 19:00:00,9,351.0,19,2,5
2023-05-31 20:00:00,6,322.3,20,2,5
2023-05-31 21:00:00,5,233.4,21,2,5
2023-05-31 22:00:00,3,134.8,22,2,5
2023-05-31 23:00:00,6,326.0,23,2,5
2023-06-01 00:00:00,2,84.6,0,3,6
2023-06-01 01:00:00,5,223.0,1,3,6
2023-06-01 02:00:00,0,0.0,2,3,6
2023-06-01 03:00:00,2,115.5,3,3,6
2023-06-01 04:00:00,4,239.7,4,3,6
2023-06-01 05:00:00,4,171.10000000000002,5,3,6
2023-06-01 06:00:00,7,278.1,6,3,6
2023-06-01 07:00:00,6,243.10000000000002,7,3,6
2023-06-01 08:00:00,10,451.3,8,3,6
2023-06-01 09:00:00,15,757.3,9,3,6
2023-06-01 10:00:00,30,1278.5,10,3,6
2023-06-01 11:00:00,19,897.4,11,3,6
2023-06-01 12:00:00,20,862.2,12,3,6
2023-06-01 13:00:00,20,956.9,13,3,6
2023-06-01 14:00:00,19,881.4,14,3,6
2023-06-01 15:00:00,27,1170.9,15,3,6
2023-06-01 16:00:00,14,678.0,16,3,6
2023-06-01 17:00:00,5,281.2,17,3,6
2023-06-01 18:00:00,11,508.7,18,3,6
2023-06-01 19:00:00,8,302.7,19,3,6
2023-06-01 20:00:00,6,281.4,20,3,6
2023-06-01 21:00:00,6,399.2,21,3,6
2023-06-01 22:00:00,5,203.0,22,3,6
2023-06-01 23:00:00,3,118.2,23,3,6
2023-06-02 00:00:00,3,111.8,0,4,6
2023-06-02 01:00:00,1,44.7,1,4,6
2023-06-02 02:00:00,2,111.7,2,4,6
2023-06-02 03:00:00,1,34.0,3,4,6
2023-06-02 04:00:00,6,244.6,4,4,6
2023-06-02 05:00:00,6,278.1,5,4,6
2023-06-02 06:00:00,8,354.1,6,4,6
2023-06-02 07:00:00,9,368.5,7,4,6
2023-06-02 08:00:00,17,775.9,8,4,6
2023-06-02 09:00:00,25,1233.6,9,4,6
2023-06-02 10:00:00,21,988.1999999999999,10,4,6
2023-06-02 11:00:00,20,1087.9,11,4,6
2023-06-02 12:00:00,18,868.0,12,4,6
2023-06-02 13:00:00,22,1010.6,13,4,6
2023-06-02 14:00:00,23,1165.6,14,4,6
2023-06-02 15:00:00,20,895.5,15,4,6
2023-06-02 16:00:00,16,838.1,16,4,6
2023-06-02 17:00:00,13,638.2,17,4,6
2023-06-02 18:00:00,10,529.7,18,4,6
2023-06-02 19:00:00,8,381.6,19,4,6
2023-06-02 20:00:00,10,590.8,20,4,6
2023-06-02 21:00:00,2,105.9,21,4,6
2023-06-02 22:00:00,7,378.4,22,4,6
2023-06-02 23:00:00,2,112.3,23,4,6
2023-06-03 00:00:00,1,38.2,0,5,6
2023-06-03 01:00:00,1,50.7,1,5,6
2023-06-03 02:00:00,4,201.2,2,5,6
2023-06-03 03:00:00,0,0.0,3,5,6
2023-06-03 04:00:00,0,0.0,4,5,6
2023-06-03 05:00:00,7,293.8,5,5,6
2023-06-03 06:00:00,5,230.8,6,5,6
2023-06-03 07:00:00,8,343.2,7,5,6
2023-06-03 08:00:00,9,369.6,8,5,6
2023-06-03 09:00:00,15,628.5,9,5,6
2023-06-03 10:00:00,16,720.5,10,5,6
2023-06-03 11:00:00,18,859.1,11,5,6
2023-06-03 12:00:00,14,624.2,12,5,6
2023-06-03 13:00:00,20,963.8,13,5,6
2023-06-03 14:00:00,18,788.1,14,5,6
2023-06-03 15:00:00,11,528.1,15,5,6
2023-06-03 16:00:00,12,699.5,16,5,6
2023-06-03 17:00:00,11,509.1,17,5,6
2023-06-03 18:00:00,7,320.2,18,5,6
2023-06-03 19:00:00,5,222.1,19,5,6
2023-06-03 20:00:00,4,196.9,20,5,6
2023-06-03 21:00:00,2,114.2,21,5,6
2023-06-03 22:00:00,4,135.20000000000002,22,5,6
2023-06-03 23:00:00,3,155.0,23,5,6
2023-06-04 00:00:00,1,80.0,0,6,6
2023-06-04 01:00:00,1,32.9,1,6,6
2023-06-04 02:00:00,4,165.3,2,6,6
2023-06-04 03:00:00,2,104.5,3,6,6
2023-06-04 04:00:00,2,138.6,4,6,6
2023-06-04 05:00:00,9,333.20000000000005,5,6,6
2023-06-04 06:00:00,4,211.8,6,6,6
2023-06-04 07:00:00,6,312.9,7,6,6
2023-06-04 08:00:00,9,339.4,8,6,6
2023-06-04 09:00:00,13,662.0,9,6,6
2023-06-04 10:00:00,11,512.0,10,6,6
2023-06-04 11:00:00,13,455.9,11,6,6
2023-06-04 12:00:00,22,951.9,12,6,6
2023-06-04 13:00:00,9,391.9,13,6,6
2023-06-04 14:00:00,15,718.1,14,6,6
2023-06-04 15:00:00,10,488.5,15,6,6
2023-06-04 16:00:00,13,736.4,16,6,6
2023-06-04 17:00:00,4,194.0,17,6,6
2023-06-04 18:00:00,6,264.8,18,6,6
2023-06-04 19:00:00,5,227.0,19,6,6
2023-06-04 20:00:00,2,66.4,20,6,6
2023-06-04 21:00:00,3,137.60000000000002,21,6,6
2023-06-04 22:00:00,2,65.8,22,6,6
2023-06-04 23:00:00,2,125.8,23,6,6
2023-06-05 00:00:00,3,120.3,0,0,6
2023-06-05 01:00:00,1,40.4,1,0,6
2023-06-05 02:00:00,2,129.4,2,0,6
2023-06-05 03:00:00,5,252.39999999999998,3,0,6
2023-06-05 04:00:00,1,51.6,4,0,6
2023-06-05 05:00:00,5,296.5,5,0,6
2023-06-05 06:00:00,8,417.1,6,0,6
2023-06-05 07:00:00,7,332.0,7,0,6
2023-06-05 08:00:00,14,594.4,8,0,6
2023-06-05 09:00:00,20,941.3,9,0,6
2023-06-05 10:00:00,18,800.8,10,0,6
2023-06-05 11:00:00,31,1557.0,11,0,6
2023-06-05 12:00:00,26,1258.8,12,0,6
2023-06-05 13:00:00,20,975.9,13,0,6
2023-06-05 14:00:00,16,815.9,14,0,6
2023-06-05 15:00:00,15,663.0,15,0,6
2023-06-05 16:00:00,23,1139.2,16,0,6
2023-06-05 17:00:00,16,739.5,17,0,6
2023-06-05 18:00:00,6,261.3,18,0,6
2023-06-05 19:00:00,15,742.4,19,0,6
2023-06-05 20:00:00,8,389.0,20,0,6
2023-06-05 21:00:00,7,380.4,21,0,6
2023-06-05 22:00:00,1,41.6,22,0,6
2023-06-05 23:00:00,1,51.7,23,0,6
2023-06-06 00:00:00,3,190.6,0,1,6
2023-06-06 01:00:00,0,0.0,1,1,6
2023-06-06 02:00:00,3,133.1,2,1,6
2023-06-06 03:00:00,3,135.2,3,1,6
2023-06-06 04:00:00,1,53.2,4,1,6
2023-06-06 05:00:00,5,209.60000000000002,5,1,6
2023-06-06 06:00:00,10,497.4,6,1,6
2023-06-06 07:00:00,12,546.6,7,1,6
2023-06-06 08:00:00,15,745.1,8,1,6
2023-06-06 09:00:00,19,1045.8,9,1,6
2023-06-06 10:00:00,18,973.6,10,1,6
2023-06-06 11:00:00,22,1033.8,11,1,6
2023-06-06 12:00:00,15,691.2,12,1,6
2023-06-06 13:00:00,25,1241.6,13,1,6
2023-06-06 14:00:00,15,650.1,14,1,6
2023-06-06 15:00:00,25,1273.0,15,1,6
2023-06-06 16:00:00,16,689.2,16,1,6
2023-06-06 17:00:00,11,513.1,17,1,6
2023-06-06 18:00:00,12,561.4,18,1,6
2023-06-06 19:00:00,7,388.6,19,1,6
2023-06-06 20:00:00,11,535.6,20,1,6
2023-06-06 21:00:00,4,152.3,21,1,6
2023-06-06 22:00:00,1,29.5,22,1,6
2023-06-06 23:00:00,7,283.5,23,1,6
2023-06-07 00:00:00,2,112.0,0,2,6
2023-06-07 01:00:00,2,86.69999999999999,1,2,6
2023-06-07 02:00:00,3,116.6,2,2,6
2023-06-07 03:00:00,1,37.0,3,2,6
2023-06-07 04:00:00,0,0.0,4,2,6
2023-06-07 05:00:00,4,180.2,5,2,6
2023-06-07 06:00:00,6,343.4,6,2,6
2023-06-07 07:00:00,5,237.8,7,2,6
2023-06-07 08:00:00,17,759.1,8,2,6
2023-06-07 09:00:00,18,864.3,9,2,6
2023-06-07 10:00:00,24,1161.2,10,2,6
2023-06-07 11:00:00,18,1023.6,11,2,6
2023-06-07 12:00:00,15,698.3,12,2,6
2023-06-07 13:00:00,20,1032.6,13,2,6
2023-06-07 14:00:00,19,892.0,14,2,6
2023-06-07 15:00:00,31,1583.9,15,2,6
2023-06-07 16:00:00,11,494.0,16,2,6
2023-06-07 17:00:00,10,461.1,17,2,6
2023-06-07 18:00:00,10,415.8,18,2,6
2023-06-07 19:00:00,17,891.8,19,2,6
2023-06-07 20:00:00,6,274.4,20,2,6
2023-06-07 21:00:00,4,154.5,21,2,6
2023-06-07 22:00:00,0,0.0,22,2,6
2023-06-07 23:00:00,2,108.6,23,2,6
2023-06-08 00:00:00,1,29.1,0,3,6
2023-06-08 01:00:00,4,186.9,1,3,6
2023-06-08 02:00:00,4,193.9,2,3,6
2023-06-08 03:00:00,6,361.4,3,3,6
2023-06-08 04:00:00,3,122.6,4,3,6
2023-06-08 05:00:00,3,160.2,5,3,6
2023-06-08 06:00:00,10,495.2,6,3,6
2023-06-08 07:00:00,12,453.1,7,3,6
2023-06-08 08:00:00,6,292.1,8,3,6
2023-06-08 09:00:00,29,1377.8,9,3,6
2023-06-08 10:00:00,26,1228.8,10,3,6
2023-06-08 11:00:00,18,768.2,11,3,6
2023-06-08 12:00:00,19,999.7,12,3,6
2023-06-08 13:00:00,21,937.6,13,3,6
2023-06-08 14:00:00,18,878.6999999999999,14,3,6
2023-06-08 15:00:00,18,810.5,15,3,6
2023-06-08 16:00:00,17,821.1999999999999,16,3,6
2023-06-08 17:00:00,12,586.0,17,3,6
2023-06-08 18:00:00,12,670.9,18,3,6
2023-06-08 19:00:00,9,373.4,19,3,6
2023-06-08 20:00:00,5,228.0,20,3,6
2023-06-08 21:00:00,2,130.0,21,3,6
2023-06-08 22:00:00,1,34.1,22,3,6
2023-06-08 23:00:00,3,128.60000000000002,23,3,6
2023-06-09 00:00:00,2,83.1,0,4,6
2023-06-09 01:00:00,2,62.7,1,4,6
2023-06-09 02:00:00,1,64.3,2,4,6
2023-06-09 03:00:00,2,66.6,3,4,6
2023-06-09 04:00:00,3,165.6,4,4,6
2023-06-09 05:00:00,1,30.4,5,4,6
2023-06-09 06:00:00,9,425.1,6,4,6
2023-06-09 07:00:00,9,340.4,7,4,6
2023-06-09 08:00:00,9,425.0,8,4,6
2023-06-09 09:00:00,16,772.9,9,4,6
2023-06-09 10:00:00,24,1151.3,10,4,6
2023-06-09 11:00:00,22,1088.1,11,4,6
2023-06-09 12:00:00,21,972.5,12,4,6
2023-06-09 13:00:00,28,1270.4,13,4,6
2023-06-09 14:00:00,27,1047.7,14,4,6
2023-06-09 15:00:00,16,767.1,15,4,6
2023-06-09 16:00:00,13,622.9,16,4,6
2023-06-09 17:00:00,17,677.1,17,4,6
2023-06-09 18:00:00,13,659.1,18,4,6
2023-06-09 19:00:00,5,238.6,19,4,6
2023-06-09 20:00:00,8,324.9,20,4,6
2023-06-09 21:00:00,4,197.8,21,4,6
2023-06-09 22:00:00,1,49.2,22,4,6
2023-06-09 23:00:00,3,134.2,23,4,6
2023-06-10 00:00:00,2,81.2,0,5,6
2023-06-10 01:00:00,2,66.7,1,5,6
2023-06-10 02:00:00,1,28.7,2,5,6
2023-06-10 03:00:00,0,0.0,3,5,6
2023-06-10 04:00:00,0,0.0,4,5,6
2023-06-10 05:00:00,1,45.6,5,5,6
2023-06-10 06:00:00,8,424.8,6,5,6
2023-06-10 07:00:00,5,244.5,7,5,6
2023-06-10 08:00:00,12,635.0,8,5,6
2023-06-10 09:00:00,11,467.0,9,5,6
2023-06-10 10:00:00,16,820.6,10,5,6
2023-06-10 11:00:00,17,744.7,11,5,6
2023-06-10 12:00:00,19,993.1999999999999,12,5,6
2023-06-10 13:00:00,17,889.1,13,5,6
2023-06-10 14:00:00,13,533.9,14,5,6
2023-06-10 15:00:00,16,951.9,15,5,6
2023-06-10 16:00:00,5,330.79999999999995,16,5,6
2023-06-10 17:00:00,8,332.2,17,5,6
2023-06-10 18:00:00,11,452.2,18,5,6
2023-06-10 19:00:00,8,378.3,19,5,6
2023-06-10 20:00:00,1,32.5,20,5,6
2023-06-10 21:00:00,3,128.6,21,5,6
2023-06-10 22:00:00,1,49.9,22,5,6
2023-06-10 23:00:00,3,167.1,23,5,6
2023-06-11 00:00:00,1,33.0,0,6,6
2023-06-11 01:00:00,1,46.2,1,6,6
2023-06-11 02:00:00,2,104.0,2,6,6
2023-06-11 03:00:00,2,63.7,3,6,6
2023-06-11 04:00:00,3,157.9,4,6,6
2023-06-11 05:00:00,0,0.0,5,6,6
2023-06-11 06:00:00,4,169.7,6,6,6
2023-06-11 07:00:00,3,156.5,7,6,6
2023-06-11 08:00:00,14,682.8,8,6,6
2023-06-11 09:00:00,9,417.7,9,6,6
2023-06-11 10:00:00,14,705.1,10,6,6
2023-06-11 11:00:00,20,1084.9,11,6,6
2023-06-11 12:00:00,20,1055.8,12,6,6
2023-06-11 13:00:00,13,619.3,13,6,6
2023-06-11 14:00:00,11,525.2,14,6,6
2023-06-11 15:00:00,12,513.1,15,6,6
2023-06-11 16:00:00,12,538.9,16,6,6
2023-06-11 17:00:00,6,339.2,17,6,6
2023-06-11 18:00:00,4,163.6,18,6,6
2023-06-11 19:00:00,6,232.7,19,6,6
2023-06-11 20:00:00,7,391.6,20,6,6
2023-06-11 21:00:00,2,72.9,21,6,6
2023-06-11 22:00:00,2,79.1,22,6,6
2023-06-11 23:00:00,1,55.2,23,6,6
2023-06-12 00:00:00,1,33.0,0,0,6
2023-06-12 01:00:00,3,125.0,1,0,6
2023-06-12 02:00:00,1,33.6,2,0,6
2023-06-12 03:00:00,0,0.0,3,0,6
2023-06-12 04:00:00,2,65.2,4,0,6
2023-06-12 05:00:00,3,206.5,5,0,6
2023-06-12 06:00:00,10,505.3,6,0,6
2023-06-12 07:00:00,9,466.1,7,0,6
2023-06-12 08:00:00,16,696.7,8,0,6
2023-06-12 09:00:00,17,757.5,9,0,6
2023-06-12 10:00:00,28,1311.0,10,0,6
2023-06-12 11:00:00,27,1304.3,11,0,6
2023-06-12 12:00:00,19,858.2,12,0,6
2023-06-12 13:00:00,26,1250.3,13,0,6
2023-06-12 14:00:00,19,840.3,14,0,6
2023-06-12 15:00:00,19,966.6,15,0,6
2023-06-12 16:00:00,14,575.7,16,0,6
2023-06-12 17:00:00,20,901.3,17,0,6
2023-06-12 18:00:00,13,502.7,18,0,6
2023-06-12 19:00:00,10,471.9,19,0,6
2023-06-12 20:00:00,6,382.5,20,0,6
2023-06-12 21:00:00,1,49.9,21,0,6
2023-06-12 22:00:00,3,201.1,22,0,6
2023-06-12 23:00:00,1,54.4,23,0,6
2023-06-13 00:00:00,5,213.3,0,1,6
2023-06-13 01:00:00,3,121.8,1,1,6
2023-06-13 02:00:00,2,85.6,2,1,6
2023-06-13 03:00:00,2,107.6,3,1,6
2023-06-13 04:00:00,3,113.6,4,1,6
2023-06-13 05:00:00,6,242.3,5,1,6
2023-06-13 06:00:00,4,149.7,6,1,6
2023-06-13 07:00:00,11,458.0,7,1,6
2023-06-13 08:00:00,15,748.9,8,1,6
2023-06-13 09:00:00,23,1190.0,9,1,6
2023-06-13 10:00:00,18,926.3,10,1,6
2023-06-13 11:00:00,21,946.5,11,1,6
2023-06-13 12:00:00,24,1178.9,12,1,6
2023-06-13 13:00:00,20,915.5,13,1,6
2023-06-13 14:00:00,18,826.1,14,1,6
2023-06-13 15:00:00,16,708.8,15,1,6
2023-06-13 16:00:00,18,734.2,16,1,6
2023-06-13 17:00:00,18,813.4,17,1,6
2023-06-13 18:00:00,8,306.5,18,1,6
2023-06-13 19:00:00,12,487.3,19,1,6
2023-06-13 20:00:00,6,224.4,20,1,6
2023-06-13 21:00:00,7,260.2,21,1,6
2023-06-13 22:00:00,4,227.9,22,1,6
2023-06-13 23:00:00,0,0.0,23,1,6
2023-06-14 00:00:00,2,89.69999999999999,0,2,6
2023-06-14 01:00:00,3,152.39999999999998,1,2,6
2023-06-14 02:00:00,3,109.5,2,2,6
2023-06-14 03:00:00,3,163.9,3,2,6
2023-06-14 04:00:00,2,103.60000000000001,4,2,6
2023-06-14 05:00:00,7,288.59999999999997,5,2,6
2023-06-14 06:00:00,10,463.7,6,2,6
2023-06-14 07:00:00,9,378.0,7,2,6
2023-06-14 08:00:00,20,896.8,8,2,6
2023-06-14 09:00:00,21,956.8,9,2,6
2023-06-14 10:00:00,18,841.2,10,2,6
2023-06-14 11:00:00,23,1020.3,11,2,6
2023-06-14 12:00:00,20,1148.0,12,2,6
2023-06-14 13:00:00,22,1023.3,13,2,6
2023-06-14 14:00:00,24,1257.5,14,2,6
2023-06-14 15:00:00,18,837.8,15,2,6
2023-06-14 16:00:00,11,530.2,16,2,6
2023-06-14 17:00:00,7,282.5,17,2,6
2023-06-14 18:00:00,10,380.6,18,2,6
2023-06-14 19:00:00,7,394.8,19,2,6
2023-06-14 20:00:00,6,247.6,20,2,6
2023-06-14 21:00:00,7,356.20000000000005,21,2,6
2023-06-14 22:00:00,1,80.0,22,2,6
2023-06-14 23:00:00,3,109.6,23,2,6
2023-06-15 00:00:00,0,0.0,0,3,6
2023-06-15 01:00:00,3,144.2,1,3,6
2023-06-15 02:00:00,2,61.0,2,3,6
2023-06-15 03:00:00,4,137.5,3,3,6
2023-06-15 04:00:00,1,31.8,4,3,6
2023-06-15 05:00:00,6,318.4,5,3,6
2023-06-15 06:00:00,9,362.6,6,3,6
2023-06-15 07:00:00,6,316.1,7,3,6
2023-06-15 08:00:00,17,744.3,8,3,6
2023-06-15 09:00:00,16,764.3000000000001,9,3,6
2023-06-15 10:00:00,20,840.1,10,3,6
2023-06-15 11:00:00,29,1462.4,11,3,6
2023-06-15 12:00:00,18,902.0,12,3,6
2023-06-15 13:00:00,19,888.9,13,3,6
2023-06-15 14:00:00,16,758.4,14,3,6
2023-06-15 15:00:00,17,902.3,15,3,6
2023-06-15 16:00:00,13,675.4,16,3,6
2023-06-15 17:00:00,11,536.6,17,3,6
2023-06-15 18:00:00,8,313.8,18,3,6
2023-06-15 19:00:00,12,602.4,19,3,6
2023-06-15 20:00:00,10,490.2,20,3,6
2023-06-15 21:00:00,3,112.5,21,3,6
2023-06-15 22:00:00,2,72.0,22,3,6
2023-06-15 23:00:00,1,36.1,23,3,6
2023-06-16 00:00:00,1,53.5,0,4,6
2023-06-16 01:00:00,1,32.9,1,4,6
2023-06-16 02:00:00,0,0.0,2,4,6
2023-06-16 03:00:00,5,251.3,3,4,6
2023-06-16 04:00:00,3,127.9,4,4,6
2023-06-16 05:00:00,2,61.4,5,4,6
2023-06-16 06:00:00,11,471.0,6,4,6
2023-06-16 07:00:00,10,521.8,7,4,6
2023-06-16 08:00:00,7,308.6,8,4,6
2023-06-16 09:00:00,17,815.6,9,4,6
2023-06-16 10:00:00,20,891.7,10,4,6
2023-06-16 11:00:00,21,904.6,11,4,6
2023-06-16 12:00:00,18,876.5,12,4,6
2023-06-16 13:00:00,20,1090.8,13,4,6
2023-06-16 14:00:00,23,1052.1000000000001,14,4,6
2023-06-16 15:00:00,19,835.8,15,4,6
2023-06-16 16:00:00,20,991.2,16,4,6
2023-06-16 17:00:00,22,1021.1,17,4,6
2023-06-16 18:00:00,17,875.1,18,4,6
2023-06-16 19:00:00,10,447.6,19,4,6
2023-06-16 20:00:00,4,197.9,20,4,6
2023-06-16 21:00:00,3,129.7,21,4,6
2023-06-16 22:00:00,3,94.1,22,4,6
2023-06-16 23:00:00,3,131.3,23,4,6
2023-06-17 00:00:00,3,193.6,0,5,6
2023-06-17 01:00:00,2,103.8,1,5,6
2023-06-17 02:00:00,3,163.5,2,5,6
2023-06-17 03:00:00,1,33.5,3,5,6
2023-06-17 04:00:00,1,41.0,4,5,6
2023-06-17 05:00:00,7,335.4,5,5,6
2023-06-17 06:00:00,2,88.4,6,5,6
2023-06-17 07:00:00,9,413.6,7,5,6
2023-06-17 08:00:00,10,493.0,8,5,6
2023-06-17 09:00:00,11,616.6,9,5,6
2023-06-17 10:00:00,19,925.0,10,5,6
2023-06-17 11:00:00,13,607.0,11,5,6
2023-06-17 12:00:00,9,410.8,12,5,6
2023-06-17 13:00:00,17,799.8,13,5,6
2023-06-17 14:00:00,13,623.5,14,5,6
2023-06-17 15:00:00,19,787.8,15,5,6
2023-06-17 16:00:00,10,551.7,16,5,6
2023-06-17 17:00:00,12,477.6,17,5,6
2023-06-17 18:00:00,12,616.7,18,5,6
2023-06-17 19:00:00,7,335.8,19,5,6
2023-06-17 20:00:00,6,316.0,20,5,6
2023-06-17 21:00:00,4,191.10000000000002,21,5,6
2023-06-17 22:00:00,0,0.0,22,5,6
2023-06-17 23:00:00,0,0.0,23,5,6
2023-06-18 00:00:00,3,126.19999999999999,0,6,6
2023-06-18 01:00:00,1,45.0,1,6,6
2023-06-18 02:00:00,1,80.0,2,6,6
2023-06-18 03:00:00,1,46.9,3,6,6
2023-06-18 04:00:00,2,59.2,4,6,6
2023-06-18 05:00:00,5,177.5,5,6,6
2023-06-18 06:00:00,9,454.2,6,6,6
2023-06-18 07:00:00,8,341.8,7,6,6
2023-06-18 08:00:00,13,555.9,8,6,6
2023-06-18 09:00:00,8,394.8,9,6,6
2023-06-18 10:00:00,14,610.4,10,6,6
2023-06-18 11:00:00,20,889.3,11,6,6
2023-06-18 12:00:00,14,624.3,12,6,6
2023-06-18 13:00:00,17,767.4,13,6,6
2023-06-18 14:00:00,20,896.8,14,6,6
2023-06-18 15:00:00,23,1148.1000000000001,15,6,6
2023-06-18 16:00:00,11,485.8,16,6,6
2023-06-18 17:00:00,12,625.6,17,6,6
2023-06-18 18:00:00,4,176.9,18,6,6
2023-06-18 19:00:00,4,191.8,19,6,6
2023-06-18 20:00:00,4,271.2,20,6,6
2023-06-18 21:00:00,4,204.1,21,6,6
2023-06-18 22:00:00,1,30.3,22,6,6
2023-06-18 23:00:00,1,29.5,23,6,6
2023-06-19 00:00:00,3,124.9,0,0,6
2023-06-19 01:00:00,1,33.4,1,0,6
2023-06-19 02:00:00,2,103.80000000000001,2,0,6
2023-06-19 03:00:00,3,187.6,3,0,6
2023-06-19 04:00:00,2,63.3,4,0,6
2023-06-19 05:00:00,4,169.7,5,0,6
2023-06-19 06:00:00,9,352.4,6,0,6
2023-06-19 07:00:00,6,297.0,7,0,6
2023-06-19 08:00:00,15,617.0,8,0,6
2023-06-19 09:00:00,20,956.2,9,0,6
2023-06-19 10:00:00,21,1114.8,10,0,6
2023-06-19 11:00:00,24,969.9,11,0,6
2023-06-19 12:00:00,22,956.8,12,0,6
2023-06-19 13:00:00,18,858.0,13,0,6
2023-06-19 14:00:00,17,829.0,14,0,6
2023-06-19 15:00:00,17,878.6,15,0,6
2023-06-19 16:00:00,19,914.4,16,0,6
2023-06-19 17:00:00,12,530.5,17,0,6
2023-06-19 18:00:00,5,255.2,18,0,6
2023-06-19 19:00:00,8,454.6,19,0,6
2023-06-19 20:00:00,8,354.1,20,0,6
2023-06-19 21:00:00,2,102.1,21,0,6
2023-06-19 22:00:00,0,0.0,22,0,6
2023-06-19 23:00:00,2,117.3,23,0,6
2023-06-20 00:00:00,0,0.0,0,1,6
2023-06-20 01:00:00,3,100.1,1,1,6
2023-06-20 02:00:00,2,106.8,2,1,6
2023-06-20 03:00:00,2,62.7,3,1,6
2023-06-20 04:00:00,2,84.9,4,1,6
2023-06-20 05:00:00,5,248.0,5,1,6
2023-06-20 06:00:00,8,353.5,6,1,6
2023-06-20 07:00:00,12,580.0,7,1,6
2023-06-20 08:00:00,22,1053.4,8,1,6
2023-06-20 09:00:00,10,566.9,9,1,6
2023-06-20 10:00:00,17,713.7,10,1,6
2023-06-20 11:00:00,17,742.9,11,1,6
2023-06-20 12:00:00,23,1227.1,12,1,6
2023-06-20 13:00:00,18,838.3,13,1,6
2023-06-20 14:00:00,15,674.4,14,1,6
2023-06-20 15:00:00,19,959.4,15,1,6
2023-06-20 16:00:00,19,946.6,16,1,6
2023-06-20 17:00:00,13,537.1,17,1,6
2023-06-20 18:00:00,12,473.6,18,1,6
2023-06-20 19:00:00,11,466.5,19,1,6
2023-06-20 20:00:00,7,366.3,20,1,6
2023-06-20 21:00:00,6,318.4,21,1,6
2023-06-20 22:00:00,4,198.5,22,1,6
2023-06-20 23:00:00,3,125.6,23,1,6
2023-06-21 00:00:00,2,104.89999999999999,0,2,6
2023-06-21 01:00:00,0,0.0,1,2,6
2023-06-21 02:00:00,5,233.8,2,2,6
2023-06-21 03:00:00,1,32.8,3,2,6
2023-06-21 04:00:00,5,253.10000000000002,4,2,6
2023-06-21 05:00:00,3,103.1,5,2,6
2023-06-21 06:00:00,8,341.9,6,2,6
2023-06-21 07:00:00,9,438.2,7,2,6
2023-06-21 08:00:00,15,746.2,8,2,6
2023-06-21 09:00:00,16,790.4,9,2,6
2023-06-21 10:00:00,25,1203.0,10,2,6
2023-06-21 11:00:00,8,334.6,11,2,6
2023-06-21 12:00:00,20,974.2,12,2,6
2023-06-21 13:00:00,37,1770.5,13,2,6
2023-06-21 14:00:00,20,951.6,14,2,6
2023-06-21 15:00:00,14,705.2,15,2,6
2023-06-21 16:00:00,13,662.5,16,2,6
2023-06-21 17:00:00,11,545.9,17,2,6
2023-06-21 18:00:00,7,334.6,18,2,6
2023-06-21 19:00:00,9,462.6,19,2,6
2023-06-21 20:00:00,6,327.3,20,2,6
2023-06-21 21:00:00,2,109.2,21,2,6
2023-06-21 22:00:00,2,99.2,22,2,6
2023-06-21 23:00:00,3,134.3,23,2,6
2023-06-22 00:00:00,1,52.6,0,3,6
2023-06-22 01:00:00,3,181.8,1,3,6
2023-06-22 02:00:00,3,174.7,2,3,6
2023-06-22 03:00:00,5,197.3,3,3,6
2023-06-22 04:00:00,2,91.6,4,3,6
2023-06-22 05:00:00,3,154.89999999999998,5,3,6
2023-06-22 06:00:00,4,189.9,6,3,6
2023-06-22 07:00:00,12,651.5,7,3,6
2023-06-22 08:00:00,19,887.8,8,3,6
2023-06-22 09:00:00,24,1197.9,9,3,6
2023-06-22 10:00:00,18,920.0,10,3,6
2023-06-22 11:00:00,22,1076.4,11,3,6
2023-06-22 12:00:00,23,1111.8,12,3,6
2023-06-22 13:00:00,15,733.1,13,3,6
2023-06-22 14:00:00,19,832.8,14,3,6
2023-06-22 15:00:00,18,819.5,15,3,6
2023-06-22 16:00:00,16,798.1,16,3,6
2023-06-22 17:00:00,10,429.7,17,3,6
2023-06-22 18:00:00,17,868.2,18,3,6
2023-06-22 19:00:00,10,392.1,19,3,6
2023-06-22 20:00:00,8,461.8,20,3,6
2023-06-22 21:00:00,5,265.0,21,3,6
2023-06-22 22:00:00,3,119.3,22,3,6
2023-06-22 23:00:00,3,159.7,23,3,6
2023-06-23 00:00:00,3,154.2,0,4,6
2023-06-23 01:00:00,6,337.0,1,4,6
2023-06-23 02:00:00,3,140.2,2,4,6
2023-06-23 03:00:00,4,174.7,3,4,6
2023-06-23 04:00:00,3,150.9,4,4,6
2023-06-23 05:00:00,8,409.5,5,4,6
2023-06-23 06:00:00,11,513.5,6,4,6
2023-06-23 07:00:00,7,311.7,7,4,6
2023-06-23 08:00:00,14,610.2,8,4,6
2023-06-23 09:00:00,18,850.0,9,4,6
2023-06-23 10:00:00,13,546.5,10,4,6
2023-06-23 11:00:00,16,725.6,11,4,6
2023-06-23 12:00:00,17,779.6,12,4,6
2023-06-23 13:00:00,23,1144.8,13,4,6
2023-06-23 14:00:00,19,953.5,14,4,6
2023-06-23 15:00:00,17,986.9,15,4,6
2023-06-23 16:00:00,17,768.9,16,4,6
2023-06-23 17:00:00,14,638.0,17,4,6
2023-06-23 18:00:00,4,269.6,18,4,6
2023-06-23 19:00:00,13,602.3,19,4,6
2023-06-23 20:00:00,9,447.1,20,4,6
2023-06-23 21:00:00,7,325.8,21,4,6
2023-06-23 22:00:00,2,127.1,22,4,6
2023-06-23 23:00:00,6,209.9,23,4,6
2023-06-24 00:00:00,3,162.3,0,5,6
2023-06-24 01:00:00,1,33.6,1,5,6
2023-06-24 02:00:00,2,124.6,2,5,6
2023-06-24 03:00:00,0,0.0,3,5,6
2023-06-24 04:00:00,1,52.4,4,5,6
2023-06-24 05:00:00,4,212.89999999999998,5,5,6
2023-06-24 06:00:00,10,475.90000000000003,6,5,6
2023-06-24 07:00:00,6,243.5,7,5,6
2023-06-24 08:00:00,5,236.1,8,5,6
2023-06-24 09:00:00,14,721.7,9,5,6
2023-06-24 10:00:00,18,725.2,10,5,6
2023-06-24 11:00:00,16,763.0,11,5,6
2023-06-24 12:00:00,15,726.5,12,5,6
2023-06-24 13:00:00,12,491.4,13,5,6
2023-06-24 14:00:00,22,1034.3,14,5,6
2023-06-24 15:00:00,11,524.2,15,5,6
2023-06-24 16:00:00,5,176.2,16,5,6
2023-06-24 17:00:00,2,75.3,17,5,6
2023-06-24 18:00:00,13,660.9,18,5,6
2023-06-24 19:00:00,4,180.1,19,5,6
2023-06-24 20:00:00,4,192.8,20,5,6
2023-06-24 21:00:00,1,65.3,21,5,6
2023-06-24 22:00:00,1,44.7,22,5,6
2023-06-24 23:00:00,2,66.8,23,5,6
2023-06-25 00:00:00,1,34.4,0,6,6
2023-06-25 01:00:00,0,0.0,1,6,6
2023-06-25 02:00:00,4,190.7,2,6,6
2023-06-25 03:00:00,1,46.9,3,6,6
2023-06-25 04:00:00,2,96.69999999999999,4,6,6
2023-06-25 05:00:00,5,275.9,5,6,6
2023-06-25 06:00:00,5,198.7,6,6,6
2023-06-25 07:00:00,3,146.0,7,6,6
2023-06-25 08:00:00,10,438.4,8,6,6
2023-06-25 09:00:00,13,519.2,9,6,6
2023-06-25 10:00:00,16,829.1999999999999,10,6,6
2023-06-25 11:00:00,14,678.4,11,6,6
2023-06-25 12:00:00,18,841.1,12,6,6
2023-06-25 13:00:00,14,629.5,13,6,6
2023-06-25 14:00:00,13,659.1,14,6,6
2023-06-25 15:00:00,22,1032.8,15,6,6
2023-06-25 16:00:00,9,402.90000000000003,16,6,6
2023-06-25 17:00:00,8,354.6,17,6,6
2023-06-25 18:00:00,17,818.2,18,6,6
2023-06-25 19:00:00,6,199.0,19,6,6
2023-06-25 20:00:00,7,328.3,20,6,6
2023-06-25 21:00:00,4,153.0,21,6,6
2023-06-25 22:00:00,3,181.2,22,6,6
2023-06-25 23:00:00,2,109.3,23,6,6
2023-06-26 00:00:00,2,74.0,0,0,6
2023-06-26 01:00:00,1,71.2,1,0,6
2023-06-26 02:00:00,2,111.6,2,0,6
2023-06-26 03:00:00,5,239.20000000000002,3,0,6
2023-06-26 04:00:00,2,113.8,4,0,6
2023-06-26 05:00:00,8,382.6,5,0,6
2023-06-26 06:00:00,9,436.0,6,0,6
2023-06-26 07:00:00,6,262.2,7,0,6
2023-06-26 08:00:00,10,557.3,8,0,6
2023-06-26 09:00:00,21,1062.7,9,0,6
2023-06-26 10:00:00,17,808.6,10,0,6
2023-06-26 11:00:00,17,785.0,11,0,6
2023-06-26 12:00:00,23,1125.3,12,0,6
2023-06-26 13:00:00,19,843.5,13,0,6
2023-06-26 14:00:00,22,1048.6,14,0,6
2023-06-26 15:00:00,22,1152.9,15,0,6
2023-06-26 16:00:00,18,764.3,16,0,6
2023-06-26 17:00:00,12,575.8,17,0,6
2023-06-26 18:00:00,8,407.6,18,0,6
2023-06-26 19:00:00,5,277.1,19,0,6
2023-06-26 20:00:00,7,281.0,20,0,6
2023-06-26 21:00:00,6,286.8,21,0,6
2023-06-26 22:00:00,3,143.3,22,0,6
2023-06-26 23:00:00,5,232.89999999999998,23,0,6
2023-06-27 00:00:00,2,82.8,0,1,6
2023-06-27 01:00:00,4,201.6,1,1,6
2023-06-27 02:00:00,3,127.2,2,1,6
2023-06-27 03:00:00,1,49.3,3,1,6
2023-06-27 04:00:00,3,156.8,4,1,6
2023-06-27 05:00:00,2,89.3,5,1,6
2023-06-27 06:00:00,7,300.7,6,1,6
2023-06-27 07:00:00,10,510.7,7,1,6
2023-06-27 08:00:00,12,619.8,8,1,6
2023-06-27 09:00:00,20,955.3,9,1,6
2023-06-27 10:00:00,18,1105.4,10,1,6
2023-06-27 11:00:00,25,1002.0,11,1,6
2023-06-27 12:00:00,20,892.5,12,1,6
2023-06-27 13:00:00,31,1445.7,13,1,6
2023-06-27 14:00:00,17,779.9,14,1,6
2023-06-27 15:00:00,27,1209.4,15,1,6
2023-06-27 16:00:00,17,817.5,16,1,6
2023-06-27 17:00:00,11,567.1999999999999,17,1,6
2023-06-27 18:00:00,9,474.0,18,1,6
2023-06-27 19:00:00,11,523.7,19,1,6
2023-06-27 20:00:00,9,476.7,20,1,6
2023-06-27 21:00:00,3,144.70000000000002,21,1,6
2023-06-27 22:00:00,0,0.0,22,1,6
2023-06-27 23:00:00,2,113.2,23,1,6
2023-06-28 00:00:00,3,131.4,0,2,6
2023-06-28 01:00:00,6,255.3,1,2,6
2023-06-28 02:00:00,4,227.3,2,2,6
2023-06-28 03:00:00,3,186.9,3,2,6
2023-06-28 04:00:00,3,187.4,4,2,6
2023-06-28 05:00:00,10,520.8,5,2,6
2023-06-28 06:00:00,6,274.2,6,2,6
2023-06-28 07:00:00,10,443.2,7,2,6
2023-06-28 08:00:00,16,742.4,8,2,6
2023-06-28 09:00:00,15,780.7,9,2,6
2023-06-28 10:00:00,16,735.7,10,2,6
2023-06-28 11:00:00,21,984.4,11,2,6
2023-06-28 12:00:00,19,923.8,12,2,6
2023-06-28 13:00:00,31,1397.6,13,2,6
2023-06-28 14:00:00,20,893.7,14,2,6
2023-06-28 15:00:00,26,1342.6,15,2,6
2023-06-28 16:00:00,15,851.2,16,2,6
2023-06-28 17:00:00,12,497.8,17,2,6
2023-06-28 18:00:00,15,667.1,18,2,6
2023-06-28 19:00:00,12,617.4,19,2,6
2023-06-28 20:00:00,4,257.7,20,2,6
2023-06-28 21:00:00,6,227.7,21,2,6
2023-06-28 22:00:00,2,82.0,22,2,6
2023-06-28 23:00:00,1,80.0,23,2,6
2023-06-29 00:00:00,3,130.4,0,3,6
2023-06-29 01:00:00,2,115.3,1,3,6
2023-06-29 02:00:00,6,235.8,2,3,6
2023-06-29 03:00:00,0,0.0,3,3,6
2023-06-29 04:00:00,2,70.8,4,3,6
2023-06-29 05:00:00,3,156.0,5,3,6
2023-06-29 06:00:00,8,337.9,6,3,6
2023-06-29 07:00:00,14,646.0,7,3,6
2023-06-29 08:00:00,14,628.8,8,3,6
2023-06-29 09:00:00,19,864.4,9,3,6
2023-06-29 10:00:00,18,827.8,10,3,6
2023-06-29 11:00:00,15,740.8,11,3,6
2023-06-29 12:00:00,28,1306.7,12,3,6
2023-06-29 13:00:00,24,1083.8,13,3,6
2023-06-29 14:00:00,21,1069.6,14,3,6
2023-06-29 15:00:00,17,689.0,15,3,6
2023-06-29 16:00:00,15,708.3,16,3,6
2023-06-29 17:00:00,20,865.8,17,3,6
2023-06-29 18:00:00,9,453.7,18,3,6
2023-06-29 19:00:00,10,468.9,19,3,6
2023-06-29 20:00:00,9,404.4,20,3,6
2023-06-29 21:00:00,4,203.2,21,3,6
2023-06-29 22:00:00,2,78.5,22,3,6
2023-06-29 23:00:00,0,0.0,23,3,6
2023-06-30 00:00:00,2,107.4,0,4,6
2023-06-30 01:00:00,2,84.2,1,4,6
2023-06-30 02:00:00,2,66.9,2,4,6
2023-06-30 03:00:00,0,0.0,3,4,6
2023-06-30 04:00:00,3,182.3,4,4,6
2023-06-30 05:00:00,6,302.5,5,4,6
2023-06-30 06:00:00,7,322.6,6,4,6
2023-06-30 07:00:00,11,591.3,7,4,6
2023-06-30 08:00:00,13,564.3,8,4,6
2023-06-30 09:00:00,20,993.3,9,4,6
2023-06-30 10:00:00,39,1820.4,10,4,6
2023-06-30 11:00:00,15,825.3,11,4,6
2023-06-30 12:00:00,28,1367.2,12,4,6
2023-06-30 13:00:00,21,1058.8,13,4,6
2023-06-30 14:00:00,19,818.7,14,4,6
2023-06-30 15:00:00,14,665.4,15,4,6
2023-06-30 16:00:00,7,332.7,16,4,6
2023-06-30 17:00:00,15,696.8,17,4,6
2023-06-30 18:00:00,14,683.0,18,4,6
2023-06-30 19:00:00,6,272.2,19,4,6
2023-06-30 20:00:00,5,261.3,20,4,6
2023-06-30 21:00:00,1,49.0,21,4,6
2023-06-30 22:00:00,8,305.3,22,4,6
2023-06-30 23:00:00,2,103.80000000000001,23,4,6
2023-07-01 00:00:00,4,148.8,0,5,7
2023-07-01 01:00:00,0,0.0,1,5,7
2023-07-01 02:00:00,1,40.4,2,5,7
2023-07-01 03:00:00,1,30.1,3,5,7
2023-07-01 04:00:00,1,32.0,4,5,7
2023-07-01 05:00:00,6,244.20000000000002,5,5,7
2023-07-01 06:00:00,4,167.5,6,5,7
2023-07-01 07:00:00,10,569.8,7,5,7
2023-07-01 08:00:00,6,254.8,8,5,7
2023-07-01 09:00:00,16,770.6,9,5,7
2023-07-01 10:00:00,13,595.3,10,5,7
2023-07-01 11:00:00,15,798.4,11,5,7
2023-07-01 12:00:00,17,703.7,12,5,7
2023-07-01 13:00:00,12,601.9,13,5,7
2023-07-01 14:00:00,22,1085.1,14,5,7
2023-07-01 15:00:00,10,573.0,15,5,7
2023-07-01 16:00:00,14,812.5,16,5,7
2023-07-01 17:00:00,10,472.3,17,5,7
2023-07-01 18:00:00,9,425.2,18,5,7
2023-07-01 19:00:00,11,558.2,19,5,7
2023-07-01 20:00:00,8,390.4,20,5,7
2023-07-01 21:00:00,4,186.1,21,5,7
2023-07-01 22:00:00,0,0.0,22,5,7
2023-07-01 23:00:00,0,0.0,23,5,7
2023-07-02 00:00:00,2,79.30000000000001,0,6,7
2023-07-02 01:00:00,1,53.8,1,6,7
2023-07-02 02:00:00,1,36.0,2,6,7
2023-07-02 03:00:00,5,239.6,3,6,7
2023-07-02 04:00:00,3,143.5,4,6,7
2023-07-02 05:00:00,6,281.6,5,6,7
2023-07-02 06:00:00,5,242.3,6,6,7
2023-07-02 07:00:00,7,325.7,7,6,7
2023-07-02 08:00:00,7,333.0,8,6,7
2023-07-02 09:00:00,14,624.5,9,6,7
2023-07-02 10:00:00,20,812.8,10,6,7
2023-07-02 11:00:00,12,568.8,11,6,7
2023-07-02 12:00:00,18,737.3,12,6,7
2023-07-02 13:00:00,17,846.2,13,6,7
2023-07-02 14:00:00,13,665.3,14,6,7
2023-07-02 15:00:00,19,831.0,15,6,7
2023-07-02 16:00:00,4,156.4,16,6,7
2023-07-02 17:00:00,11,551.1,17,6,7
2023-07-02 18:00:00,9,412.7,18,6,7
2023-07-02 19:00:00,7,269.3,19,6,7
2023-07-02 20:00:00,8,315.9,20,6,7
2023-07-02 21:00:00,2,113.3,21,6,7
2023-07-02 22:00:00,1,29.3,22,6,7
2023-07-02 23:00:00,0,0.0,23,6,7
2023-07-03 00:00:00,4,193.10000000000002,0,0,7
2023-07-03 01:00:00,3,210.1,1,0,7
2023-07-03 02:00:00,3,145.2,2,0,7
2023-07-03 03:00:00,4,151.7,3,0,7
2023-07-03 04:00:00,4,217.9,4,0,7
2023-07-03 05:00:00,3,102.3,5,0,7
2023-07-03 06:00:00,6,281.6,6,0,7
2023-07-03 07:00:00,13,680.0,7,0,7
2023-07-03 08:00:00,8,416.9,8,0,7
2023-07-03 09:00:00,18,846.5,9,0,7
2023-07-03 10:00:00,16,818.2,10,0,7
2023-07-03 11:00:00,12,601.3000000000001,11,0,7
2023-07-03 12:00:00,18,940.5,12,0,7
2023-07-03 13:00:00,12,531.9,13,0,7
2023-07-03 14:00:00,26,1206.4,14,0,7
2023-07-03 15:00:00,27,1354.9,15,0,7
2023-07-03 16:00:00,14,681.6,16,0,7
2023-07-03 17:00:00,15,822.0,17,0,7
2023-07-03 18:00:00,12,503.4,18,0,7
2023-07-03 19:00:00,13,572.3,19,0,7
2023-07-03 20:00:00,6,326.6,20,0,7
2023-07-03 21:00:00,3,175.3,21,0,7
2023-07-03 22:00:00,3,112.1,22,0,7
2023-07-03 23:00:00,4,151.9,23,0,7
2023-07-04 00:00:00,2,75.8,0,1,7
2023-07-04 01:00:00,3,126.0,1,1,7
2023-07-04 02:00:00,6,351.7,2,1,7
2023-07-04 03:00:00,3,151.7,3,1,7
2023-07-04 04:00:00,3,145.5,4,1,7
2023-07-04 05:00:00,3,132.3,5,1,7
2023-07-04 06:00:00,3,106.6,6,1,7
2023-07-04 07:00:00,7,351.2,7,1,7
2023-07-04 08:00:00,21,1083.8,8,1,7
2023-07-04 09:00:00,24,1132.1,9,1,7
2023-07-04 10:00:00,16,702.0,10,1,7
2023-07-04 11:00:00,26,1168.6,11,1,7
2023-07-04 12:00:00,25,1150.5,12,1,7
2023-07-04 13:00:00,21,961.5,13,1,7
2023-07-04 14:00:00,19,706.7,14,1,7
2023-07-04 15:00:00,14,694.8,15,1,7
2023-07-04 16:00:00,23,1099.6,16,1,7
2023-07-04 17:00:00,12,512.7,17,1,7
2023-07-04 18:00:00,10,426.4,18,1,7
2023-07-04 19:00:00,11,453.8,19,1,7
2023-07-04 20:00:00,9,401.8,20,1,7
2023-07-04 21:00:00,4,170.3,21,1,7
2023-07-04 22:00:00,4,145.6,22,1,7
2023-07-04 23:00:00,1,78.3,23,1,7
2023-07-05 00:00:00,4,180.8,0,2,7
2023-07-05 01:00:00,0,0.0,1,2,7
2023-07-05 02:00:00,1,45.9,2,2,7
2023-07-05 03:00:00,1,75.3,3,2,7
2023-07-05 04:00:00,3,116.3,4,2,7
2023-07-05 05:00:00,3,129.2,5,2,7
2023-07-05 06:00:00,3,144.7,6,2,7
2023-07-05 07:00:00,9,354.2,7,2,7
2023-07-05 08:00:00,20,861.6,8,2,7
2023-07-05 09:00:00,23,973.5,9,2,7
2023-07-05 10:00:00,26,1367.1,10,2,7
2023-07-05 11:00:00,20,933.3,11,2,7
2023-07-05 12:00:00,19,809.5,12,2,7
2023-07-05 13:00:00,24,1049.4,13,2,7
2023-07-05 14:00:00,21,1062.5,14,2,7
2023-07-05 15:00:00,16,655.2,15,2,7
2023-07-05 16:00:00,11,550.7,16,2,7
2023-07-05 17:00:00,10,442.5,17,2,7
2023-07-05 18:00:00,10,446.2,18,2,7
2023-07-05 19:00:00,12,566.7,19,2,7
2023-07-05 20:00:00,4,178.6,20,2,7
2023-07-05 21:00:00,3,167.7,21,2,7
2023-07-05 22:00:00,1,80.0,22,2,7
2023-07-05 23:00:00,0,0.0,23,2,7
2023-07-06 00:00:00,1,28.7,0,3,7
2023-07-06 01:00:00,1,32.4,1,3,7
2023-07-06 02:00:00,1,46.7,2,3,7
2023-07-06 03:00:00,3,146.60000000000002,3,3,7
2023-07-06 04:00:00,4,264.2,4,3,7
2023-07-06 05:00:00,6,260.9,5,3,7
2023-07-06 06:00:00,10,563.8,6,3,7
2023-07-06 07:00:00,9,411.2,7,3,7
2023-07-06 08:00:00,10,409.3,8,3,7
2023-07-06 09:00:00,14,641.1,9,3,7
2023-07-06 10:00:00,18,787.8,10,3,7
2023-07-06 11:00:00,24,1050.7,11,3,7
2023-07-06 12:00:00,23,1069.5,12,3,7
2023-07-06 13:00:00,20,1012.3,13,3,7
2023-07-06 14:00:00,20,935.6,14,3,7
2023-07-06 15:00:00,20,965.2,15,3,7
2023-07-06 16:00:00,17,882.4,16,3,7
2023-07-06 17:00:00,7,255.5,17,3,7
2023-07-06 18:00:00,9,424.40000000000003,18,3,7
2023-07-06 19:00:00,7,296.3,19,3,7
2023-07-06 20:00:00,6,299.8,20,3,7
2023-07-06 21:00:00,4,237.6,21,3,7
2023-07-06 22:00:00,3,119.80000000000001,22,3,7
2023-07-06 23:00:00,1,78.4,23,3,7
2023-07-07 00:00:00,5,248.60000000000002,0,4,7
2023-07-07 01:00:00,1,80.0,1,4,7
2023-07-07 02:00:00,3,210.2,2,4,7
2023-07-07 03:00:00,1,65.8,3,4,7
2023-07-07 04:00:00,3,134.5,4,4,7
2023-07-07 05:00:00,7,326.5,5,4,7
2023-07-07 06:00:00,7,296.3,6,4,7
2023-07-07 07:00:00,10,503.5,7,4,7
2023-07-07 08:00:00,13,601.8,8,4,7
2023-07-07 09:00:00,16,784.2,9,4,7
2023-07-07 10:00:00,18,890.6,10,4,7
2023-07-07 11:00:00,28,1330.5,11,4,7
2023-07-07 12:00:00,20,938.8,12,4,7
2023-07-07 13:00:00,19,786.4,13,4,7
2023-07-07 14:00:00,19,980.7,14,4,7
2023-07-07 15:00:00,12,488.0,15,4,7
2023-07-07 16:00:00,18,846.6,16,4,7
2023-07-07 17:00:00,18,880.4,17,4,7
2023-07-07 18:00:00,9,416.3,18,4,7
2023-07-07 19:00:00,12,625.2,19,4,7
2023-07-07 20:00:00,10,396.6,20,4,7
2023-07-07 21:00:00,4,190.0,21,4,7
2023-07-07 22:00:00,3,156.9,22,4,7
2023-07-07 23:00:00,2,128.7,23,4,7
2023-07-08 00:00:00,3,155.7,0,5,7
2023-07-08 01:00:00,2,108.2,1,5,7
2023-07-08 02:00:00,2,73.4,2,5,7
2023-07-08 03:00:00,3,191.4,3,5,7
2023-07-08 04:00:00,1,35.8,4,5,7
2023-07-08 05:00:00,2,109.5,5,5,7
2023-07-08 06:00:00,1,46.0,6,5,7
2023-07-08 07:00:00,7,371.7,7,5,7
2023-07-08 08:00:00,9,342.1,8,5,7
2023-07-08 09:00:00,17,822.3,9,5,7
2023-07-08 10:00:00,15,651.9,10,5,7
2023-07-08 11:00:00,19,942.9,11,5,7
2023-07-08 12:00:00,18,820.6,12,5,7
2023-07-08 13:00:00,17,815.8,13,5,7
2023-07-08 14:00:00,11,455.3,14,5,7
2023-07-08 15:00:00,15,724.6,15,5,7
2023-07-08 16:00:00,11,481.3,16,5,7
2023-07-08 17:00:00,5,241.6,17,5,7
2023-07-08 18:00:00,12,488.6,18,5,7
2023-07-08 19:00:00,8,345.7,19,5,7
2023-07-08 20:00:00,4,163.4,20,5,7
2023-07-08 21:00:00,4,186.2,21,5,7
2023-07-08 22:00:00,1,36.7,22,5,7
2023-07-08 23:00:00,2,110.7,23,5,7
2023-07-09 00:00:00,2,85.1,0,6,7
2023-07-09 01:00:00,1,41.8,1,6,7
2023-07-09 02:00:00,1,55.7,2,6,7
2023-07-09 03:00:00,2,112.5,3,6,7
2023-07-09 04:00:00,2,100.69999999999999,4,6,7
2023-07-09 05:00:00,2,83.0,5,6,7
2023-07-09 06:00:00,5,273.7,6,6,7
2023-07-09 07:00:00,9,394.7,7,6,7
2023-07-09 08:00:00,12,594.4,8,6,7
2023-07-09 09:00:00,11,562.5,9,6,7
2023-07-09 10:00:00,17,863.7,10,6,7
2023-07-09 11:00:00,18,892.4,11,6,7
2023-07-09 12:00:00,20,871.2,12,6,7
2023-07-09 13:00:00,19,894.3,13,6,7
2023-07-09 14:00:00,15,664.7,14,6,7
2023-07-09 15:00:00,12,597.8,15,6,7
2023-07-09 16:00:00,9,394.4,16,6,7
2023-07-09 17:00:00,11,617.6,17,6,7
2023-07-09 18:00:00,8,478.3,18,6,7
2023-07-09 19:00:00,8,348.6,19,6,7
2023-07-09 20:00:00,4,162.7,20,6,7
2023-07-09 21:00:00,5,221.1,21,6,7
2023-07-09 22:00:00,0,0.0,22,6,7
2023-07-09 23:00:00,0,0.0,23,6,7
2023-07-10 00:00:00,4,130.39999999999998,0,0,7
2023-07-10 01:00:00,0,0.0,1,0,7
2023-07-10 02:00:00,4,140.4,2,0,7
2023-07-10 03:00:00,4,153.2,3,0,7
2023-07-10 04:00:00,1,74.0,4,0,7
2023-07-10 05:00:00,10,483.20000000000005,5,0,7
2023-07-10 06:00:00,9,475.4,6,0,7
2023-07-10 07:00:00,12,548.4,7,0,7
2023-07-10 08:00:00,17,874.5,8,0,7
2023-07-10 09:00:00,21,1048.3,9,0,7
2023-07-10 10:00:00,17,800.4,10,0,7
2023-07-10 11:00:00,23,1067.9,11,0,7
2023-07-10 12:00:00,25,1204.4,12,0,7
2023-07-10 13:00:00,21,1053.9,13,0,7
2023-07-10 14:00:00,15,823.9,14,0,7
2023-07-10 15:00:00,14,621.7,15,0,7
2023-07-10 16:00:00,19,934.7,16,0,7
2023-07-10 17:00:00,17,771.7,17,0,7
2023-07-10 18:00:00,8,386.5,18,0,7
2023-07-10 19:00:00,9,485.8,19,0,7
2023-07-10 20:00:00,5,235.2,20,0,7
2023-07-10 21:00:00,2,110.6,21,0,7
2023-07-10 22:00:00,3,111.19999999999999,22,0,7
2023-07-10 23:00:00,3,119.2,23,0,7
2023-07-11 00:00:00,1,27.4,0,1,7
2023-07-11 01:00:00,2,108.4,1,1,7
2023-07-11 02:00:00,1,80.0,2,1,7
2023-07-11 03:00:00,0,0.0,3,1,7
2023-07-11 04:00:00,4,142.2,4,1,7
2023-07-11 05:00:00,1,70.2,5,1,7
2023-07-11 06:00:00,5,223.8,6,1,7
2023-07-11 07:00:00,10,449.6,7,1,7
2023-07-11 08:00:00,14,550.6,8,1,7
2023-07-11 09:00:00,20,811.6,9,1,7
2023-07-11 10:00:00,21,1036.3,10,1,7
2023-07-11 11:00:00,16,645.4,11,1,7
2023-07-11 12:00:00,28,1407.4,12,1,7
2023-07-11 13:00:00,12,564.8,13,1,7
2023-07-11 14:00:00,18,768.8,14,1,7
2023-07-11 15:00:00,17,782.5,15,1,7
2023-07-11 16:00:00,13,594.2,16,1,7
2023-07-11 17:00:00,14,624.3,17,1,7
2023-07-11 18:00:00,16,706.6,18,1,7
2023-07-11 19:00:00,11,430.9,19,1,7
2023-07-11 20:00:00,5,232.6,20,1,7
2023-07-11 21:00:00,2,66.0,21,1,7
2023-07-11 22:00:00,4,213.1,22,1,7
2023-07-11 23:00:00,2,60.8,23,1,7
2023-07-12 00:00:00,1,80.0,0,2,7
2023-07-12 01:00:00,1,72.9,1,2,7
2023-07-12 02:00:00,2,109.1,2,2,7
2023-07-12 03:00:00,2,76.9,3,2,7
2023-07-12 04:00:00,1,49.5,4,2,7
2023-07-12 05:00:00,6,289.4,5,2,7
2023-07-12 06:00:00,9,399.5,6,2,7
2023-07-12 07:00:00,11,549.6,7,2,7
2023-07-12 08:00:00,19,751.3000000000001,8,2,7
2023-07-12 09:00:00,14,569.6,9,2,7
2023-07-12 10:00:00,15,772.1,10,2,7
2023-07-12 11:00:00,20,898.9,11,2,7
2023-07-12 12:00:00,23,991.4,12,2,7
2023-07-12 13:00:00,20,1017.0,13,2,7
2023-07-12 14:00:00,18,846.8,14,2,7
2023-07-12 15:00:00,16,718.9,15,2,7
2023-07-12 16:00:00,14,728.5,16,2,7
2023-07-12 17:00:00,20,927.3,17,2,7
2023-07-12 18:00:00,12,516.9,18,2,7
2023-07-12 19:00:00,6,334.2,19,2,7
2023-07-12 20:00:00,5,213.5,20,2,7
2023-07-12 21:00:00,3,99.7,21,2,7
2023-07-12 22:00:00,1,53.0,22,2,7
2023-07-12 23:00:00,3,153.6,23,2,7
2023-07-13 00:00:00,1,43.8,0,3,7
2023-07-13 01:00:00,3,153.4,1,3,7
2023-07-13 02:00:00,5,248.4,2,3,7
2023-07-13 03:00:00,5,234.8,3,3,7
2023-07-13 04:00:00,1,54.3,4,3,7
2023-07-13 05:00:00,6,297.09999999999997,5,3,7
2023-07-13 06:00:00,10,496.2,6,3,7
2023-07-13 07:00:00,7,356.7,7,3,7
2023-07-13 08:00:00,13,656.2,8,3,7
2023-07-13 09:00:00,18,954.0,9,3,7
2023-07-13 10:00:00,16,946.0,10,3,7
2023-07-13 11:00:00,18,891.0,11,3,7
2023-07-13 12:00:00,32,1546.3,12,3,7
2023-07-13 13:00:00,24,1081.6,13,3,7
2023-07-13 14:00:00,28,1564.0,14,3,7
2023-07-13 15:00:00,16,664.0,15,3,7
2023-07-13 16:00:00,13,561.2,16,3,7
2023-07-13 17:00:00,17,828.0,17,3,7
2023-07-13 18:00:00,8,375.3,18,3,7
2023-07-13 19:00:00,5,180.39999999999998,19,3,7
2023-07-13 20:00:00,11,508.2,20,3,7
2023-07-13 21:00:00,6,307.5,21,3,7
2023-07-13 22:00:00,2,124.8,22,3,7
2023-07-13 23:00:00,4,182.1,23,3,7
2023-07-14 00:00:00,3,111.0,0,4,7
2023-07-14 01:00:00,0,0.0,1,4,7
2023-07-14 02:00:00,2,82.4,2,4,7
2023-07-14 03:00:00,2,100.2,3,4,7
2023-07-14 04:00:00,0,0.0,4,4,7
2023-07-14 05:00:00,1,52.5,5,4,7
2023-07-14 06:00:00,6,311.4,6,4,7
2023-07-14 07:00:00,8,405.1,7,4,7
2023-07-14 08:00:00,13,635.2,8,4,7
2023-07-14 09:00:00,18,935.8000000000001,9,4,7
2023-07-14 10:00:00,12,638.0,10,4,7
2023-07-14 11:00:00,24,1061.0,11,4,7
2023-07-14 12:00:00,22,1049.6,12,4,7
2023-07-14 13:00:00,18,889.8,13,4,7
2023-07-14 14:00:00,22,992.9,14,4,7
2023-07-14 15:00:00,17,825.0,15,4,7
2023-07-14 16:00:00,21,1000.0,16,4,7
2023-07-14 17:00:00,5,237.4,17,4,7
2023-07-14 18:00:00,20,1020.9,18,4,7
2023-07-14 19:00:00,4,199.0,19,4,7
2023-07-14 20:00:00,4,200.9,20,4,7
2023-07-14 21:00:00,8,385.4,21,4,7
2023-07-14 22:00:00,1,80.0,22,4,7
2023-07-14 23:00:00,5,169.10000000000002,23,4,7
2023-07-15 00:00:00,3,149.0,0,5,7
2023-07-15 01:00:00,1,75.8,1,5,7
2023-07-15 02:00:00,2,116.0,2,5,7
2023-07-15 03:00:00,1,35.4,3,5,7
2023-07-15 04:00:00,5,269.2,4,5,7
2023-07-15 05:00:00,3,139.2,5,5,7
2023-07-15 06:00:00,6,256.5,6,5,7
2023-07-15 07:00:00,5,276.6,7,5,7
2023-07-15 08:00:00,10,475.8,8,5,7
2023-07-15 09:00:00,14,653.6,9,5,7
2023-07-15 10:00:00,7,271.8,10,5,7
2023-07-15 11:00:00,21,1069.1,11,5,7
2023-07-15 12:00:00,15,628.7,12,5,7
2023-07-15 13:00:00,16,762.7,13,5,7
2023-07-15 14:00:00,17,840.8000000000001,14,5,7
2023-07-15 15:00:00,12,532.3,15,5,7
2023-07-15 16:00:00,16,727.8,16,5,7
2023-07-15 17:00:00,6,283.9,17,5,7
2023-07-15 18:00:00,12,517.7,18,5,7
2023-07-15 19:00:00,5,245.0,19,5,7
2023-07-15 20:00:00,10,422.3,20,5,7
2023-07-15 21:00:00,6,356.0,21,5,7
2023-07-15 22:00:00,0,0.0,22,5,7
2023-07-15 23:00:00,3,177.5,23,5,7
2023-07-16 00:00:00,2,128.7,0,6,7
2023-07-16 01:00:00,3,139.3,1,6,7
2023-07-16 02:00:00,3,233.4,2,6,7
2023-07-16 03:00:00,2,124.6,3,6,7
2023-07-16 04:00:00,1,46.8,4,6,7
2023-07-16 05:00:00,2,79.8,5,6,7
2023-07-16 06:00:00,5,200.5,6,6,7
2023-07-16 07:00:00,3,156.4,7,6,7
2023-07-16 08:00:00,16,713.9,8,6,7
2023-07-16 09:00:00,15,604.4,9,6,7
2023-07-16 10:00:00,19,911.6,10,6,7
2023-07-16 11:00:00,19,897.4,11,6,7
2023-07-16 12:00:00,17,835.2,12,6,7
2023-07-16 13:00:00,12,550.5,13,6,7
2023-07-16 14:00:00,17,768.1,14,6,7
2023-07-16 15:00:00,15,719.5,15,6,7
2023-07-16 16:00:00,9,374.5,16,6,7
2023-07-16 17:00:00,17,719.5,17,6,7
2023-07-16 18:00:00,3,125.3,18,6,7
2023-07-16 19:00:00,2,87.9,19,6,7
2023-07-16 20:00:00,2,127.0,20,6,7
2023-07-16 21:00:00,6,242.5,21,6,7
2023-07-16 22:00:00,2,113.0,22,6,7
2023-07-16 23:00:00,1,42.2,23,6,7
2023-07-17 00:00:00,1,80.0,0,0,7
2023-07-17 01:00:00,1,47.8,1,0,7
2023-07-17 02:00:00,0,0.0,2,0,7
2023-07-17 03:00:00,2,155.3,3,0,7
2023-07-17 04:00:00,0,0.0,4,0,7
2023-07-17 05:00:00,6,259.3,5,0,7
2023-07-17 06:00:00,8,426.6,6,0,7
2023-07-17 07:00:00,6,288.5,7,0,7
2023-07-17 08:00:00,12,610.0,8,0,7
2023-07-17 09:00:00,11,488.6,9,0,7
2023-07-17 10:00:00,17,807.3,10,0,7
2023-07-17 11:00:00,28,1340.4,11,0,7
2023-07-17 12:00:00,16,704.9,12,0,7
2023-07-17 13:00:00,22,1012.6,13,0,7
2023-07-17 14:00:00,22,1010.7,14,0,7
2023-07-17 15:00:00,21,1068.4,15,0,7
2023-07-17 16:00:00,19,890.4,16,0,7
2023-07-17 17:00:00,10,485.5,17,0,7
2023-07-17 18:00:00,13,620.1,18,0,7
2023-07-17 19:00:00,4,267.8,19,0,7
2023-07-17 20:00:00,4,147.4,20,0,7
2023-07-17 21:00:00,3,171.8,21,0,7
2023-07-17 22:00:00,3,121.10000000000001,22,0,7
2023-07-17 23:00:00,2,94.7,23,0,7
2023-07-18 00:00:00,1,75.3,0,1,7
2023-07-18 01:00:00,0,0.0,1,1,7
2023-07-18 02:00:00,2,62.4,2,1,7
2023-07-18 03:00:00,4,160.5,3,1,7
2023-07-18 04:00:00,3,159.1,4,1,7
2023-07-18 05:00:00,5,203.7,5,1,7
2023-07-18 06:00:00,5,276.3,6,1,7
2023-07-18 07:00:00,8,371.2,7,1,7
2023-07-18 08:00:00,13,603.8,8,1,7
2023-07-18 09:00:00,21,980.4,9,1,7
2023-07-18 10:00:00,24,1138.1,10,1,7
2023-07-18 11:00:00,27,1428.6,11,1,7
2023-07-18 12:00:00,17,717.3,12,1,7
2023-07-18 13:00:00,26,1153.2,13,1,7
2023-07-18 14:00:00,21,1060.7,14,1,7
2023-07-18 15:00:00,12,561.1,15,1,7
2023-07-18 16:00:00,17,806.0,16,1,7
2023-07-18 17:00:00,19,888.2,17,1,7
2023-07-18 18:00:00,7,310.6,18,1,7
2023-07-18 19:00:00,4,185.7,19,1,7
2023-07-18 20:00:00,1,59.9,20,1,7
2023-07-18 21:00:00,2,90.2,21,1,7
2023-07-18 22:00:00,1,31.3,22,1,7
2023-07-18 23:00:00,7,287.4,23,1,7
2023-07-19 00:00:00,1,33.4,0,2,7
2023-07-19 01:00:00,4,189.1,1,2,7
2023-07-19 02:00:00,3,125.3,2,2,7
2023-07-19 03:00:00,1,42.6,3,2,7
2023-07-19 04:00:00,2,101.19999999999999,4,2,7
2023-07-19 05:00:00,4,189.10000000000002,5,2,7
2023-07-19 06:00:00,7,384.0,6,2,7
2023-07-19 07:00:00,8,375.20000000000005,7,2,7
2023-07-19 08:00:00,7,379.79999999999995,8,2,7
2023-07-19 09:00:00,19,841.2,9,2,7
2023-07-19 10:00:00,16,661.6,10,2,7
2023-07-19 11:00:00,23,1119.9,11,2,7
2023-07-19 12:00:00,19,858.3,12,2,7
2023-07-19 13:00:00,21,892.9,13,2,7
2023-07-19 14:00:00,27,1068.0,14,2,7
2023-07-19 15:00:00,17,839.4,15,2,7
2023-07-19 16:00:00,17,838.4,16,2,7
2023-07-19 17:00:00,21,1143.0,17,2,7
2023-07-19 18:00:00,14,590.2,18,2,7
2023-07-19 19:00:00,10,511.09999999999997,19,2,7
2023-07-19 20:00:00,8,353.5,20,2,7
2023-07-19 21:00:00,4,165.8,21,2,7
2023-07-19 22:00:00,2,80.0,22,2,7
2023-07-19 23:00:00,2,98.6,23,2,7
2023-07-20 00:00:00,4,192.1,0,3,7
2023-07-20 01:00:00,0,0.0,1,3,7
2023-07-20 02:00:00,1,46.1,2,3,7
2023-07-20 03:00:00,3,130.8,3,3,7
2023-07-20 04:00:00,4,170.3,4,3,7
2023-07-20 05:00:00,1,38.2,5,3,7
2023-07-20 06:00:00,6,355.2,6,3,7
2023-07-20 07:00:00,9,355.90000000000003,7,3,7
2023-07-20 08:00:00,18,831.6,8,3,7
2023-07-20 09:00:00,10,398.7,9,3,7
2023-07-20 10:00:00,21,962.0,10,3,7
2023-07-20 11:00:00,21,1026.7,11,3,7
2023-07-20 12:00:00,12,536.9,12,3,7
2023-07-20 13:00:00,18,862.0,13,3,7
2023-07-20 14:00:00,21,1009.9,14,3,7
2023-07-20 15:00:00,23,1060.0,15,3,7
2023-07-20 16:00:00,15,601.4,16,3,7
2023-07-20 17:00:00,14,742.9,17,3,7
2023-07-20 18:00:00,11,604.0,18,3,7
2023-07-20 19:00:00,12,513.2,19,3,7
2023-07-20 20:00:00,6,295.2,20,3,7
2023-07-20 21:00:00,5,225.1,21,3,7
2023-07-20 22:00:00,5,218.8,22,3,7
2023-07-20 23:00:00,3,156.3,23,3,7
2023-07-21 00:00:00,4,188.6,0,4,7
2023-07-21 01:00:00,3,139.70000000000002,1,4,7
2023-07-21 02:00:00,2,114.7,2,4,7
2023-07-21 03:00:00,5,258.4,3,4,7
2023-07-21 04:00:00,3,153.0,4,4,7
2023-07-21 05:00:00,4,175.0,5,4,7
2023-07-21 06:00:00,4,201.5,6,4,7
2023-07-21 07:00:00,3,100.69999999999999,7,4,7
2023-07-21 08:00:00,16,624.0,8,4,7
2023-07-21 09:00:00,32,1446.3,9,4,7
2023-07-21 10:00:00,25,1161.1,10,4,7
2023-07-21 11:00:00,16,936.4,11,4,7
2023-07-21 12:00:00,15,662.6,12,4,7
2023-07-21 13:00:00,27,1233.0,13,4,7
2023-07-21 14:00:00,20,941.0,14,4,7
2023-07-21 15:00:00,20,887.4,15,4,7
2023-07-21 16:00:00,21,1104.0,16,4,7
2023-07-21 17:00:00,20,878.8,17,4,7
2023-07-21 18:00:00,12,550.7,18,4,7
2023-07-21 19:00:00,12,520.4,19,4,7
2023-07-21 20:00:00,8,323.4,20,4,7
2023-07-21 21:00:00,6,240.79999999999998,21,4,7
2023-07-21 22:00:00,4,191.3,22,4,7
2023-07-21 23:00:00,1,34.4,23,4,7
2023-07-22 00:00:00,0,0.0,0,5,7
2023-07-22 01:00:00,1,31.6,1,5,7
2023-07-22 02:00:00,3,192.8,2,5,7
2023-07-22 03:00:00,0,0.0,3,5,7
2023-07-22 04:00:00,1,28.4,4,5,7
2023-07-22 05:00:00,4,217.1,5,5,7
2023-07-22 06:00:00,3,177.6,6,5,7
2023-07-22 07:00:00,3,89.5,7,5,7
2023-07-22 08:00:00,8,353.5,8,5,7
2023-07-22 09:00:00,16,771.1,9,5,7
2023-07-22 10:00:00,16,741.5,10,5,7
2023-07-22 11:00:00,21,1003.4,11,5,7
2023-07-22 12:00:00,20,905.6,12,5,7
2023-07-22 13:00:00,15,670.4,13,5,7
2023-07-22 14:00:00,15,721.2,14,5,7
2023-07-22 15:00:00,11,458.59999999999997,15,5,7
2023-07-22 16:00:00,11,483.3,16,5,7
2023-07-22 17:00:00,12,532.8,17,5,7
2023-07-22 18:00:00,16,829.9,18,5,7
2023-07-22 19:00:00,6,299.4,19,5,7
2023-07-22 20:00:00,10,463.6,20,5,7
2023-07-22 21:00:00,1,50.4,21,5,7
2023-07-22 22:00:00,1,38.4,22,5,7
2023-07-22 23:00:00,1,32.0,23,5,7
2023-07-23 00:00:00,3,120.8,0,6,7
2023-07-23 01:00:00,1,33.4,1,6,7
2023-07-23 02:00:00,1,49.7,2,6,7
2023-07-23 03:00:00,2,96.5,3,6,7
2023-07-23 04:00:00,1,30.6,4,6,7
2023-07-23 05:00:00,4,150.8,5,6,7
2023-07-23 06:00:00,9,441.4,6,6,7
2023-07-23 07:00:00,3,165.3,7,6,7
2023-07-23 08:00:00,10,457.40000000000003,8,6,7
2023-07-23 09:00:00,18,799.9,9,6,7
2023-07-23 10:00:00,12,676.5,10,6,7
2023-07-23 11:00:00,18,759.9,11,6,7
2023-07-23 12:00:00,19,852.6,12,6,7
2023-07-23 13:00:00,15,654.6,13,6,7
2023-07-23 14:00:00,10,558.3,14,6,7
2023-07-23 15:00:00,17,849.6,15,6,7
2023-07-23 16:00:00,20,992.9,16,6,7
2023-07-23 17:00:00,7,276.1,17,6,7
2023-07-23 18:00:00,4,190.8,18,6,7
2023-07-23 19:00:00,7,288.5,19,6,7
2023-07-23 20:00:00,3,140.0,20,6,7
2023-07-23 21:00:00,3,124.0,21,6,7
2023-07-23 22:00:00,1,43.4,22,6,7
2023-07-23 23:00:00,1,78.9,23,6,7
2023-07-24 00:00:00,0,0.0,0,0,7
2023-07-24 01:00:00,2,80.5,1,0,7
2023-07-24 02:00:00,5,205.6,2,0,7
2023-07-24 03:00:00,2,75.9,3,0,7
2023-07-24 04:00:00,3,195.9,4,0,7
2023-07-24 05:00:00,4,195.3,5,0,7
2023-07-24 06:00:00,6,304.2,6,0,7
2023-07-24 07:00:00,3,120.9,7,0,7
2023-07-24 08:00:00,20,1032.3,8,0,7
2023-07-24 09:00:00,19,744.1,9,0,7
2023-07-24 10:00:00,29,1359.4,10,0,7
2023-07-24 11:00:00,22,1061.8,11,0,7
2023-07-24 12:00:00,24,1244.0,12,0,7
2023-07-24 13:00:00,26,1301.8,13,0,7
2023-07-24 14:00:00,18,865.3,14,0,7
2023-07-24 15:00:00,17,846.9,15,0,7
2023-07-24 16:00:00,16,707.5,16,0,7
2023-07-24 17:00:00,21,1093.0,17,0,7
2023-07-24 18:00:00,14,677.7,18,0,7
2023-07-24 19:00:00,14,574.1,19,0,7
2023-07-24 20:00:00,13,553.4,20,0,7
2023-07-24 21:00:00,3,144.6,21,0,7
2023-07-24 22:00:00,5,301.9,22,0,7
2023-07-24 23:00:00,2,121.0,23,0,7
2023-07-25 00:00:00,3,159.9,0,1,7
2023-07-25 01:00:00,2,66.9,1,1,7
2023-07-25 02:00:00,2,151.7,2,1,7
2023-07-25 03:00:00,5,320.3,3,1,7
2023-07-25 04:00:00,1,31.9,4,1,7
2023-07-25 05:00:00,7,372.29999999999995,5,1,7
2023-07-25 06:00:00,4,225.3,6,1,7
2023-07-25 07:00:00,8,325.6,7,1,7
2023-07-25 08:00:00,20,900.8,8,1,7
2023-07-25 09:00:00,25,1252.4,9,1,7
2023-07-25 10:00:00,22,1125.9,10,1,7
2023-07-25 11:00:00,18,860.1,11,1,7
2023-07-25 12:00:00,16,744.4,12,1,7
2023-07-25 13:00:00,26,1136.5,13,1,7
2023-07-25 14:00:00,23,1097.5,14,1,7
2023-07-25 15:00:00,19,864.0,15,1,7
2023-07-25 16:00:00,20,994.8,16,1,7
2023-07-25 17:00:00,11,507.2,17,1,7
2023-07-25 18:00:00,9,305.9,18,1,7
2023-07-25 19:00:00,11,545.9,19,1,7
2023-07-25 20:00:00,9,388.3,20,1,7
2023-07-25 21:00:00,5,289.9,21,1,7
2023-07-25 22:00:00,2,79.69999999999999,22,1,7
2023-07-25 23:00:00,1,48.2,23,1,7
2023-07-26 00:00:00,1,73.7,0,2,7
2023-07-26 01:00:00,5,239.7,1,2,7
2023-07-26 02:00:00,4,171.4,2,2,7
2023-07-26 03:00:00,2,86.5,3,2,7
2023-07-26 04:00:00,2,104.5,4,2,7
2023-07-26 05:00:00,5,289.8,5,2,7
2023-07-26 06:00:00,10,551.8,6,2,7
2023-07-26 07:00:00,7,324.5,7,2,7
2023-07-26 08:00:00,18,1073.3,8,2,7
2023-07-26 09:00:00,16,867.8,9,2,7
2023-07-26 10:00:00,23,1013.9,10,2,7
2023-07-26 11:00:00,20,867.9,11,2,7
2023-07-26 12:00:00,21,992.9,12,2,7
2023-07-26 13:00:00,20,899.8,13,2,7
2023-07-26 14:00:00,22,1017.8,14,2,7
2023-07-26 15:00:00,25,1390.7,15,2,7
2023-07-26 16:00:00,10,508.9,16,2,7
2023-07-26 17:00:00,18,788.4,17,2,7
2023-07-26 18:00:00,11,622.6,18,2,7
2023-07-26 19:00:00,13,586.1,19,2,7
2023-07-26 20:00:00,4,197.9,20,2,7
2023-07-26 21:00:00,5,195.3,21,2,7
2023-07-26 22:00:00,1,43.3,22,2,7
2023-07-26 23:00:00,2,96.0,23,2,7
2023-07-27 00:00:00,5,317.5,0,3,7
2023-07-27 01:00:00,3,91.5,1,3,7
2023-07-27 02:00:00,3,164.3,2,3,7
2023-07-27 03:00:00,3,151.4,3,3,7
2023-07-27 04:00:00,4,188.8,4,3,7
2023-07-27 05:00:00,4,253.2,5,3,7
2023-07-27 06:00:00,2,85.19999999999999,6,3,7
2023-07-27 07:00:00,4,171.3,7,3,7
2023-07-27 08:00:00,12,559.4,8,3,7
2023-07-27 09:00:00,24,1202.6,9,3,7
2023-07-27 10:00:00,21,1052.0,10,3,7
2023-07-27 11:00:00,15,725.4,11,3,7
2023-07-27 12:00:00,27,1391.7,12,3,7
2023-07-27 13:00:00,21,1119.1,13,3,7
2023-07-27 14:00:00,21,968.9,14,3,7
2023-07-27 15:00:00,12,576.0,15,3,7
2023-07-27 16:00:00,12,615.9,16,3,7
2023-07-27 17:00:00,15,856.1,17,3,7
2023-07-27 18:00:00,14,727.7,18,3,7
2023-07-27 19:00:00,10,481.1,19,3,7
2023-07-27 20:00:00,5,321.1,20,3,7
2023-07-27 21:00:00,8,422.1,21,3,7
2023-07-27 22:00:00,1,27.2,22,3,7
2023-07-27 23:00:00,3,125.8,23,3,7
2023-07-28 00:00:00,3,169.1,0,4,7
2023-07-28 01:00:00,1,36.2,1,4,7
2023-07-28 02:00:00,1,32.8,2,4,7
2023-07-28 03:00:00,2,64.2,3,4,7
2023-07-28 04:00:00,1,45.3,4,4,7
2023-07-28 05:00:00,6,324.8,5,4,7
2023-07-28 06:00:00,8,412.8,6,4,7
2023-07-28 07:00:00,14,605.8,7,4,7
2023-07-28 08:00:00,14,596.2,8,4,7
2023-07-28 09:00:00,15,786.7,9,4,7
2023-07-28 10:00:00,20,818.8,10,4,7
2023-07-28 11:00:00,15,754.9,11,4,7
2023-07-28 12:00:00,19,850.8,12,4,7
2023-07-28 13:00:00,19,902.4,13,4,7
2023-07-28 14:00:00,9,508.2,14,4,7
2023-07-28 15:00:00,10,562.7,15,4,7
2023-07-28 16:00:00,19,941.7,16,4,7
2023-07-28 17:00:00,19,979.0,17,4,7
2023-07-28 18:00:00,14,651.0,18,4,7
2023-07-28 19:00:00,11,525.1,19,4,7
2023-07-28 20:00:00,7,326.7,20,4,7
2023-07-28 21:00:00,2,154.4,21,4,7
2023-07-28 22:00:00,1,35.7,22,4,7
2023-07-28 23:00:00,4,151.9,23,4,7
2023-07-29 00:00:00,3,112.1,0,5,7
2023-07-29 01:00:00,1,52.4,1,5,7
2023-07-29 02:00:00,1,80.0,2,5,7
2023-07-29 03:00:00,1,31.4,3,5,7
2023-07-29 04:00:00,3,121.6,4,5,7
2023-07-29 05:00:00,1,29.9,5,5,7
2023-07-29 06:00:00,3,147.4,6,5,7
2023-07-29 07:00:00,7,330.2,7,5,7
2023-07-29 08:00:00,8,342.4,8,5,7
2023-07-29 09:00:00,9,436.4,9,5,7
2023-07-29 10:00:00,10,485.3,10,5,7
2023-07-29 11:00:00,10,403.5,11,5,7
2023-07-29 12:00:00,14,678.6,12,5,7
2023-07-29 13:00:00,17,853.8,13,5,7
2023-07-29 14:00:00,18,834.6,14,5,7
2023-07-29 15:00:00,21,1027.5,15,5,7
2023-07-29 16:00:00,14,683.2,16,5,7
2023-07-29 17:00:00,6,305.2,17,5,7
2023-07-29 18:00:00,12,619.1,18,5,7
2023-07-29 19:00:00,7,267.3,19,5,7
2023-07-29 20:00:00,4,184.9,20,5,7
2023-07-29 21:00:00,5,229.20000000000002,21,5,7
2023-07-29 22:00:00,5,195.6,22,5,7
2023-07-29 23:00:00,2,111.2,23,5,7
2023-07-30 00:00:00,3,125.6,0,6,7
2023-07-30 01:00:00,0,0.0,1,6,7
2023-07-30 02:00:00,0,0.0,2,6,7
2023-07-30 03:00:00,0,0.0,3,6,7
2023-07-30 04:00:00,1,46.0,4,6,7
2023-07-30 05:00:00,4,222.5,5,6,7
2023-07-30 06:00:00,2,64.9,6,6,7
2023-07-30 07:00:00,5,199.4,7,6,7
2023-07-30 08:00:00,14,675.9,8,6,7
2023-07-30 09:00:00,22,1011.9,9,6,7
2023-07-30 10:00:00,16,711.6,10,6,7
2023-07-30 11:00:00,18,810.4,11,6,7
2023-07-30 12:00:00,13,519.6,12,6,7
2023-07-30 13:00:00,9,377.4,13,6,7
2023-07-30 14:00:00,15,610.6,14,6,7
2023-07-30 15:00:00,18,939.1999999999999,15,6,7
2023-07-30 16:00:00,14,703.9,16,6,7
2023-07-30 17:00:00,9,435.8,17,6,7
2023-07-30 18:00:00,8,399.8,18,6,7
2023-07-30 19:00:00,3,153.8,19,6,7
2023-07-30 20:00:00,7,326.6,20,6,7
2023-07-30 21:00:00,2,76.7,21,6,7
2023-07-30 22:00:00,0,0.0,22,6,7
2023-07-30 23:00:00,1,30.8,23,6,7
2023-07-31 00:00:00,2,82.2,0,0,7
2023-07-31 01:00:00,3,142.9,1,0,7
2023-07-31 02:00:00,7,390.7,2,0,7
2023-07-31 03:00:00,1,80.0,3,0,7
2023-07-31 04:00:00,4,264.4,4,0,7
2023-07-31 05:00:00,5,225.7,5,0,7
2023-07-31 06:00:00,10,442.3,6,0,7
2023-07-31 07:00:00,7,324.6,7,0,7
2023-07-31 08:00:00,8,334.5,8,0,7
2023-07-31 09:00:00,23,980.2,9,0,7
2023-07-31 10:00:00,18,884.6,10,0,7
2023-07-31 11:00:00,27,1207.1,11,0,7
2023-07-31 12:00:00,17,835.1999999999999,12,0,7
2023-07-31 13:00:00,24,966.8,13,0,7
2023-07-31 14:00:00,22,1084.5,14,0,7
2023-07-31 15:00:00,19,848.9,15,0,7
2023-07-31 16:00:00,18,848.5,16,0,7
2023-07-31 17:00:00,13,665.8,17,0,7
2023-07-31 18:00:00,10,553.3,18,0,7
2023-07-31 19:00:00,7,263.5,19,0,7
2023-07-31 20:00:00,4,194.4,20,0,7
2023-07-31 21:00:00,5,215.79999999999998,21,0,7
2023-07-31 22:00:00,1,77.3,22,0,7
2023-07-31 23:00:00,1,54.1,23,0,7
2023-08-01 00:00:00,2,82.7,0,1,8
2023-08-01 01:00:00,3,109.7,1,1,8
2023-08-01 02:00:00,3,113.6,2,1,8
2023-08-01 03:00:00,4,201.7,3,1,8
2023-08-01 04:00:00,3,123.8,4,1,8
2023-08-01 05:00:00,5,278.9,5,1,8
2023-08-01 06:00:00,6,380.6,6,1,8
2023-08-01 07:00:00,8,372.5,7,1,8
2023-08-01 08:00:00,14,584.5,8,1,8
2023-08-01 09:00:00,26,1200.6,9,1,8
2023-08-01 10:00:00,22,1014.9,10,1,8
2023-08-01 11:00:00,14,677.8,11,1,8
2023-08-01 12:00:00,22,1057.9,12,1,8
2023-08-01 13:00:00,18,986.3,13,1,8
2023-08-01 14:00:00,17,921.8,14,1,8
2023-08-01 15:00:00,22,1008.7,15,1,8
2023-08-01 16:00:00,17,723.4,16,1,8
2023-08-01 17:00:00,18,873.0,17,1,8
2023-08-01 18:00:00,16,658.5,18,1,8
2023-08-01 19:00:00,10,347.5,19,1,8
2023-08-01 20:00:00,10,434.0,20,1,8
2023-08-01 21:00:00,5,230.1,21,1,8
2023-08-01 22:00:00,4,193.0,22,1,8
2023-08-01 23:00:00,2,126.0,23,1,8
2023-08-02 00:00:00,1,28.5,0,2,8
2023-08-02 01:00:00,1,54.9,1,2,8
2023-08-02 02:00:00,2,80.6,2,2,8
2023-08-02 03:00:00,3,150.8,3,2,8
2023-08-02 04:00:00,2,84.3,4,2,8
2023-08-02 05:00:00,6,237.2,5,2,8
2023-08-02 06:00:00,11,459.4,6,2,8
2023-08-02 07:00:00,11,568.6,7,2,8
2023-08-02 08:00:00,16,883.6,8,2,8
2023-08-02 09:00:00,16,730.8,9,2,8
2023-08-02 10:00:00,16,714.9,10,2,8
2023-08-02 11:00:00,21,907.8,11,2,8
2023-08-02 12:00:00,22,961.5,12,2,8
2023-08-02 13:00:00,22,965.4,13,2,8
2023-08-02 14:00:00,15,698.7,14,2,8
2023-08-02 15:00:00,20,930.4,15,2,8
2023-08-02 16:00:00,18,783.2,16,2,8
2023-08-02 17:00:00,15,715.9,17,2,8
2023-08-02 18:00:00,10,574.6,18,2,8
2023-08-02 19:00:00,12,623.4,19,2,8
2023-08-02 20:00:00,6,242.7,20,2,8
2023-08-02 21:00:00,7,320.5,21,2,8
2023-08-02 22:00:00,4,181.1,22,2,8
2023-08-02 23:00:00,1,58.3,23,2,8
2023-08-03 00:00:00,0,0.0,0,3,8
2023-08-03 01:00:00,6,335.3,1,3,8
2023-08-03 02:00:00,4,191.6,2,3,8
2023-08-03 03:00:00,2,81.5,3,3,8
2023-08-03 04:00:00,2,69.9,4,3,8
2023-08-03 05:00:00,5,241.5,5,3,8
2023-08-03 06:00:00,9,524.8,6,3,8
2023-08-03 07:00:00,8,415.2,7,3,8
2023-08-03 08:00:00,14,727.2,8,3,8
2023-08-03 09:00:00,14,749.4,9,3,8
2023-08-03 10:00:00,16,703.3,10,3,8
2023-08-03 11:00:00,14,631.1,11,3,8
2023-08-03 12:00:00,18,835.6,12,3,8
2023-08-03 13:00:00,20,980.7,13,3,8
2023-08-03 14:00:00,15,608.6,14,3,8
2023-08-03 15:00:00,16,748.5,15,3,8
2023-08-03 16:00:00,16,744.9,16,3,8
2023-08-03 17:00:00,17,914.4,17,3,8
2023-08-03 18:00:00,15,757.2,18,3,8
2023-08-03 19:00:00,10,450.3,19,3,8
2023-08-03 20:00:00,5,271.6,20,3,8
2023-08-03 21:00:00,3,119.6,21,3,8
2023-08-03 22:00:00,1,46.4,22,3,8
2023-08-03 23:00:00,2,99.1,23,3,8
2023-08-04 00:00:00,3,96.7,0,4,8
2023-08-04 01:00:00,2,66.0,1,4,8
2023-08-04 02:00:00,3,131.1,2,4,8
2023-08-04 03:00:00,2,61.4,3,4,8
2023-08-04 04:00:00,3,109.39999999999999,4,4,8
2023-08-04 05:00:00,3,99.9,5,4,8
2023-08-04 06:00:00,6,286.9,6,4,8
2023-08-04 07:00:00,11,479.5,7,4,8
2023-08-04 08:00:00,11,482.7,8,4,8
2023-08-04 09:00:00,16,698.5,9,4,8
2023-08-04 10:00:00,15,719.2,10,4,8
2023-08-04 11:00:00,19,924.1,11,4,8
2023-08-04 12:00:00,22,1112.7,12,4,8
2023-08-04 13:00:00,23,948.2,13,4,8
2023-08-04 14:00:00,18,863.4,14,4,8
2023-08-04 15:00:00,17,813.8,15,4,8
2023-08-04 16:00:00,20,945.0,16,4,8
2023-08-04 17:00:00,9,398.9,17,4,8
2023-08-04 18:00:00,14,657.7,18,4,8
2023-08-04 19:00:00,12,544.4,19,4,8
2023-08-04 20:00:00,4,210.5,20,4,8
2023-08-04 21:00:00,6,196.5,21,4,8
2023-08-04 22:00:00,4,205.4,22,4,8
2023-08-04 23:00:00,4,229.9,23,4,8
2023-08-05 00:00:00,3,96.3,0,5,8
2023-08-05 01:00:00,3,189.5,1,5,8
2023-08-05 02:00:00,2,82.4,2,5,8
2023-08-05 03:00:00,3,115.3,3,5,8
2023-08-05 04:00:00,2,100.1,4,5,8
2023-08-05 05:00:00,3,147.7,5,5,8
2023-08-05 06:00:00,10,348.4,6,5,8
2023-08-05 07:00:00,7,316.1,7,5,8
2023-08-05 08:00:00,6,317.4,8,5,8
2023-08-05 09:00:00,13,605.1,9,5,8
2023-08-05 10:00:00,15,761.5,10,5,8
2023-08-05 11:00:00,23,1069.5,11,5,8
2023-08-05 12:00:00,16,797.5,12,5,8
2023-08-05 13:00:00,16,833.0,13,5,8
2023-08-05 14:00:00,15,701.6,14,5,8
2023-08-05 15:00:00,11,522.5,15,5,8
2023-08-05 16:00:00,19,826.3,16,5,8
2023-08-05 17:00:00,7,368.7,17,5,8
2023-08-05 18:00:00,9,442.0,18,5,8
2023-08-05 19:00:00,5,194.8,19,5,8
2023-08-05 20:00:00,8,320.5,20,5,8
2023-08-05 21:00:00,5,183.60000000000002,21,5,8
2023-08-05 22:00:00,2,58.2,22,5,8
2023-08-05 23:00:00,1,46.1,23,5,8
2023-08-06 00:00:00,0,0.0,0,6,8
2023-08-06 01:00:00,2,102.19999999999999,1,6,8
2023-08-06 02:00:00,2,65.0,2,6,8
2023-08-06 03:00:00,0,0.0,3,6,8
2023-08-06 04:00:00,4,197.4,4,6,8
2023-08-06 05:00:00,2,137.6,5,6,8
2023-08-06 06:00:00,5,213.0,6,6,8
2023-08-06 07:00:00,2,67.8,7,6,8
2023-08-06 08:00:00,6,282.2,8,6,8
2023-08-06 09:00:00,16,749.9,9,6,8
2023-08-06 10:00:00,9,456.1,10,6,8
2023-08-06 11:00:00,9,465.40000000000003,11,6,8
2023-08-06 12:00:00,22,1117.3,12,6,8
2023-08-06 13:00:00,15,720.0,13,6,8
2023-08-06 14:00:00,15,588.9,14,6,8
2023-08-06 15:00:00,11,428.6,15,6,8
2023-08-06 16:00:00,15,648.5,16,6,8
2023-08-06 17:00:00,17,883.4,17,6,8
2023-08-06 18:00:00,9,380.7,18,6,8
2023-08-06 19:00:00,10,456.4,19,6,8
2023-08-06 20:00:00,7,360.6,20,6,8
2023-08-06 21:00:00,4,149.1,21,6,8
2023-08-06 22:00:00,2,99.3,22,6,8
2023-08-06 23:00:00,0,0.0,23,6,8
2023-08-07 00:00:00,1,30.4,0,0,8
2023-08-07 01:00:00,2,115.5,1,0,8
2023-08-07 02:00:00,4,136.5,2,0,8
2023-08-07 03:00:00,4,219.5,3,0,8
2023-08-07 04:00:00,2,69.5,4,0,8
2023-08-07 05:00:00,2,126.9,5,0,8
2023-08-07 06:00:00,5,245.1,6,0,8
2023-08-07 07:00:00,11,505.1,7,0,8
2023-08-07 08:00:00,18,762.4,8,0,8
2023-08-07 09:00:00,18,856.2,9,0,8
2023-08-07 10:00:00,25,1124.5,10,0,8
2023-08-07 11:00:00,30,1414.1,11,0,8
2023-08-07 12:00:00,10,469.5,12,0,8
2023-08-07 13:00:00,24,1117.7,13,0,8
2023-08-07 14:00:00,19,889.5,14,0,8
2023-08-07 15:00:00,24,1103.6,15,0,8
2023-08-07 16:00:00,16,853.8,16,0,8
2023-08-07 17:00:00,14,663.8,17,0,8
2023-08-07 18:00:00,4,152.1,18,0,8
2023-08-07 19:00:00,6,298.9,19,0,8
2023-08-07 20:00:00,5,257.4,20,0,8
2023-08-07 21:00:00,3,194.8,21,0,8
2023-08-07 22:00:00,4,228.0,22,0,8
2023-08-07 23:00:00,1,42.7,23,0,8
2023-08-08 00:00:00,1,53.8,0,1,8
2023-08-08 01:00:00,2,136.2,1,1,8
2023-08-08 02:00:00,4,241.2,2,1,8
2023-08-08 03:00:00,3,118.9,3,1,8
2023-08-08 04:00:00,3,176.1,4,1,8
2023-08-08 05:00:00,2,60.6,5,1,8
2023-08-08 06:00:00,8,433.2,6,1,8
2023-08-08 07:00:00,14,628.6,7,1,8
2023-08-08 08:00:00,8,396.29999999999995,8,1,8
2023-08-08 09:00:00,12,654.6,9,1,8
2023-08-08 10:00:00,25,1225.4,10,1,8
2023-08-08 11:00:00,16,668.9,11,1,8
2023-08-08 12:00:00,23,1048.6,12,1,8
2023-08-08 13:00:00,25,1050.6,13,1,8
2023-08-08 14:00:00,20,1086.4,14,1,8
2023-08-08 15:00:00,18,743.4,15,1,8
2023-08-08 16:00:00,8,438.1,16,1,8
2023-08-08 17:00:00,15,602.2,17,1,8
2023-08-08 18:00:00,5,177.1,18,1,8
2023-08-08 19:00:00,6,282.3,19,1,8
2023-08-08 20:00:00,7,367.6,20,1,8
2023-08-08 21:00:00,3,176.6,21,1,8
2023-08-08 22:00:00,2,145.8,22,1,8
2023-08-08 23:00:00,6,299.3,23,1,8
2023-08-09 00:00:00,1,44.4,0,2,8
2023-08-09 01:00:00,2,67.1,1,2,8
2023-08-09 02:00:00,0,0.0,2,2,8
2023-08-09 03:00:00,1,49.6,3,2,8
2023-08-09 04:00:00,2,64.6,4,2,8
2023-08-09 05:00:00,4,166.4,5,2,8
2023-08-09 06:00:00,8,391.3,6,2,8
2023-08-09 07:00:00,10,486.4,7,2,8
2023-08-09 08:00:00,15,687.1,8,2,8
2023-08-09 09:00:00,18,852.5,9,2,8
2023-08-09 10:00:00,19,803.3000000000001,10,2,8
2023-08-09 11:00:00,17,763.3,11,2,8
2023-08-09 12:00:00,28,1283.5,12,2,8
2023-08-09 13:00:00,21,1085.5,13,2,8
2023-08-09 14:00:00,19,840.7,14,2,8
2023-08-09 15:00:00,22,1060.0,15,2,8
2023-08-09 16:00:00,18,821.9,16,2,8
2023-08-09 17:00:00,15,683.0,17,2,8
2023-08-09 18:00:00,7,310.2,18,2,8
2023-08-09 19:00:00,6,284.4,19,2,8
2023-08-09 20:00:00,9,420.8,20,2,8
2023-08-09 21:00:00,3,192.3,21,2,8
2023-08-09 22:00:00,5,234.1,22,2,8
2023-08-09 23:00:00,0,0.0,23,2,8
2023-08-10 00:00:00,4,184.8,0,3,8
2023-08-10 01:00:00,3,100.5,1,3,8
2023-08-10 02:00:00,1,34.8,2,3,8
2023-08-10 03:00:00,4,178.7,3,3,8
2023-08-10 04:00:00,1,37.2,4,3,8
2023-08-10 05:00:00,7,356.1,5,3,8
2023-08-10 06:00:00,5,256.5,6,3,8
2023-08-10 07:00:00,13,522.7,7,3,8
2023-08-10 08:00:00,12,579.9,8,3,8
2023-08-10 09:00:00,26,1183.3,9,3,8
2023-08-10 10:00:00,24,1160.9,10,3,8
2023-08-10 11:00:00,28,1292.4,11,3,8
2023-08-10 12:00:00,19,847.9,12,3,8
2023-08-10 13:00:00,24,1238.6,13,3,8
2023-08-10 14:00:00,16,744.5,14,3,8
2023-08-10 15:00:00,19,920.8,15,3,8
2023-08-10 16:00:00,19,863.3,16,3,8
2023-08-10 17:00:00,7,312.2,17,3,8
2023-08-10 18:00:00,11,507.1,18,3,8
2023-08-10 19:00:00,9,439.3,19,3,8
2023-08-10 20:00:00,6,229.7,20,3,8
2023-08-10 21:00:00,2,115.3,21,3,8
2023-08-10 22:00:00,3,187.2,22,3,8
2023-08-10 23:00:00,1,32.5,23,3,8
2023-08-11 00:00:00,3,147.6,0,4,8
2023-08-11 01:00:00,2,112.5,1,4,8
2023-08-11 02:00:00,2,67.1,2,4,8
2023-08-11 03:00:00,1,36.6,3,4,8
2023-08-11 04:00:00,2,115.5,4,4,8
2023-08-11 05:00:00,5,204.7,5,4,8
2023-08-11 06:00:00,5,170.7,6,4,8
2023-08-11 07:00:00,4,232.6,7,4,8
2023-08-11 08:00:00,17,654.6,8,4,8
2023-08-11 09:00:00,22,1064.6,9,4,8
2023-08-11 10:00:00,19,937.9,10,4,8
2023-08-11 11:00:00,24,968.8,11,4,8
2023-08-11 12:00:00,25,1112.7,12,4,8
2023-08-11 13:00:00,22,1060.5,13,4,8
2023-08-11 14:00:00,14,642.7,14,4,8
2023-08-11 15:00:00,20,975.4,15,4,8
2023-08-11 16:00:00,16,696.6,16,4,8
2023-08-11 17:00:00,17,791.7,17,4,8
2023-08-11 18:00:00,18,737.1,18,4,8
2023-08-11 19:00:00,12,627.4,19,4,8
2023-08-11 20:00:00,7,335.4,20,4,8
2023-08-11 21:00:00,8,391.4,21,4,8
2023-08-11 22:00:00,1,70.9,22,4,8
2023-08-11 23:00:00,2,67.2,23,4,8
2023-08-12 00:00:00,1,37.2,0,5,8
2023-08-12 01:00:00,0,0.0,1,5,8
2023-08-12 02:00:00,3,160.9,2,5,8
2023-08-12 03:00:00,2,120.19999999999999,3,5,8
2023-08-12 04:00:00,2,113.8,4,5,8
2023-08-12 05:00:00,5,248.79999999999998,5,5,8
2023-08-12 06:00:00,6,302.4,6,5,8
2023-08-12 07:00:00,5,301.3,7,5,8
2023-08-12 08:00:00,17,769.8,8,5,8
2023-08-12 09:00:00,9,417.8,9,5,8
2023-08-12 10:00:00,14,718.3,10,5,8
2023-08-12 11:00:00,18,755.8000000000001,11,5,8
2023-08-12 12:00:00,12,644.4,12,5,8
2023-08-12 13:00:00,20,886.3,13,5,8
2023-08-12 14:00:00,20,940.0,14,5,8
2023-08-12 15:00:00,15,616.7,15,5,8
2023-08-12 16:00:00,12,556.7,16,5,8
2023-08-12 17:00:00,10,510.9,17,5,8
2023-08-12 18:00:00,8,418.2,18,5,8
2023-08-12 19:00:00,6,258.6,19,5,8
2023-08-12 20:00:00,3,198.4,20,5,8
2023-08-12 21:00:00,4,216.0,21,5,8
2023-08-12 22:00:00,1,55.2,22,5,8
2023-08-12 23:00:00,4,264.6,23,5,8
2023-08-13 00:00:00,2,123.2,0,6,8
2023-08-13 01:00:00,2,101.4,1,6,8
2023-08-13 02:00:00,0,0.0,2,6,8
2023-08-13 03:00:00,2,105.1,3,6,8
2023-08-13 04:00:00,1,52.5,4,6,8
2023-08-13 05:00:00,7,386.7,5,6,8
2023-08-13 06:00:00,0,0.0,6,6,8
2023-08-13 07:00:00,5,223.5,7,6,8
2023-08-13 08:00:00,11,515.5,8,6,8
2023-08-13 09:00:00,13,634.8,9,6,8
2023-08-13 10:00:00,15,664.6,10,6,8
2023-08-13 11:00:00,23,1046.1,11,6,8
2023-08-13 12:00:00,19,1060.9,12,6,8
2023-08-13 13:00:00,20,883.9,13,6,8
2023-08-13 14:00:00,19,782.7,14,6,8
2023-08-13 15:00:00,14,773.2,15,6,8
2023-08-13 16:00:00,13,623.2,16,6,8
2023-08-13 17:00:00,10,520.8,17,6,8
2023-08-13 18:00:00,9,446.8,18,6,8
2023-08-13 19:00:00,10,444.6,19,6,8
2023-08-13 20:00:00,5,266.7,20,6,8
2023-08-13 21:00:00,5,193.6,21,6,8
2023-08-13 22:00:00,3,188.0,22,6,8
2023-08-13 23:00:00,2,160.0,23,6,8
2023-08-14 00:00:00,2,100.8,0,0,8
2023-08-14 01:00:00,2,66.7,1,0,8
2023-08-14 02:00:00,3,144.9,2,0,8
2023-08-14 03:00:00,4,171.1,3,0,8
2023-08-14 04:00:00,2,121.5,4,0,8
2023-08-14 05:00:00,4,235.79999999999998,5,0,8
2023-08-14 06:00:00,4,183.6,6,0,8
2023-08-14 07:00:00,10,501.79999999999995,7,0,8
2023-08-14 08:00:00,12,534.3,8,0,8
2023-08-14 09:00:00,19,883.4,9,0,8
2023-08-14 10:00:00,20,807.6,10,0,8
2023-08-14 11:00:00,22,1046.0,11,0,8
2023-08-14 12:00:00,13,610.8,12,0,8
2023-08-14 13:00:00,21,1010.0,13,0,8
2023-08-14 14:00:00,17,816.8,14,0,8
2023-08-14 15:00:00,25,1231.2,15,0,8
2023-08-14 16:00:00,14,703.0,16,0,8
2023-08-14 17:00:00,16,828.4,17,0,8
2023-08-14 18:00:00,8,343.20000000000005,18,0,8
2023-08-14 19:00:00,7,363.8,19,0,8
2023-08-14 20:00:00,5,231.8,20,0,8
2023-08-14 21:00:00,5,226.6,21,0,8
2023-08-14 22:00:00,1,33.0,22,0,8
2023-08-14 23:00:00,3,111.80000000000001,23,0,8
2023-08-15 00:00:00,3,118.1,0,1,8
2023-08-15 01:00:00,2,112.2,1,1,8
2023-08-15 02:00:00,3,102.4,2,1,8
2023-08-15 03:00:00,4,213.9,3,1,8
2023-08-15 04:00:00,2,116.4,4,1,8
2023-08-15 05:00:00,4,201.7,5,1,8
2023-08-15 06:00:00,7,463.1,6,1,8
2023-08-15 07:00:00,7,357.7,7,1,8
2023-08-15 08:00:00,14,706.7,8,1,8
2023-08-15 09:00:00,21,966.2,9,1,8
2023-08-15 10:00:00,17,766.2,10,1,8
2023-08-15 11:00:00,17,845.6,11,1,8
2023-08-15 12:00:00,25,1029.5,12,1,8
2023-08-15 13:00:00,20,995.6,13,1,8
2023-08-15 14:00:00,21,1117.3,14,1,8
2023-08-15 15:00:00,14,728.1,15,1,8
2023-08-15 16:00:00,15,663.5,16,1,8
2023-08-15 17:00:00,18,942.2,17,1,8
2023-08-15 18:00:00,5,205.0,18,1,8
2023-08-15 19:00:00,7,360.3,19,1,8
2023-08-15 20:00:00,9,332.9,20,1,8
2023-08-15 21:00:00,5,202.2,21,1,8
2023-08-15 22:00:00,4,239.0,22,1,8
2023-08-15 23:00:00,0,0.0,23,1,8
2023-08-16 00:00:00,0,0.0,0,2,8
2023-08-16 01:00:00,3,231.9,1,2,8
2023-08-16 02:00:00,5,250.60000000000002,2,2,8
2023-08-16 03:00:00,2,63.4,3,2,8
2023-08-16 04:00:00,1,60.8,4,2,8
2023-08-16 05:00:00,3,182.8,5,2,8
2023-08-16 06:00:00,5,163.2,6,2,8
2023-08-16 07:00:00,6,301.7,7,2,8
2023-08-16 08:00:00,9,467.9,8,2,8
2023-08-16 09:00:00,25,1238.4,9,2,8
2023-08-16 10:00:00,12,563.8,10,2,8
2023-08-16 11:00:00,18,806.7,11,2,8
2023-08-16 12:00:00,19,925.6,12,2,8
2023-08-16 13:00:00,23,1087.3,13,2,8
2023-08-16 14:00:00,26,1238.3,14,2,8
2023-08-16 15:00:00,17,756.1,15,2,8
2023-08-16 16:00:00,13,658.9,16,2,8
2023-08-16 17:00:00,9,454.9,17,2,8
2023-08-16 18:00:00,15,724.0,18,2,8
2023-08-16 19:00:00,7,381.5,19,2,8
2023-08-16 20:00:00,5,217.5,20,2,8
2023-08-16 21:00:00,5,209.4,21,2,8
2023-08-16 22:00:00,8,377.8,22,2,8
2023-08-16 23:00:00,2,132.5,23,2,8
2023-08-17 00:00:00,2,83.1,0,3,8
2023-08-17 01:00:00,4,267.8,1,3,8
2023-08-17 02:00:00,4,188.8,2,3,8
2023-08-17 03:00:00,2,90.1,3,3,8
2023-08-17 04:00:00,3,96.6,4,3,8
2023-08-17 05:00:00,4,227.6,5,3,8
2023-08-17 06:00:00,11,476.6,6,3,8
2023-08-17 07:00:00,6,287.5,7,3,8
2023-08-17 08:00:00,10,357.1,8,3,8
2023-08-17 09:00:00,22,939.1,9,3,8
2023-08-17 10:00:00,16,625.6,10,3,8
2023-08-17 11:00:00,14,541.5,11,3,8
2023-08-17 12:00:00,22,1054.0,12,3,8
2023-08-17 13:00:00,20,857.6,13,3,8
2023-08-17 14:00:00,23,975.6,14,3,8
2023-08-17 15:00:00,24,1059.5,15,3,8
2023-08-17 16:00:00,17,832.9,16,3,8
2023-08-17 17:00:00,19,958.1,17,3,8
2023-08-17 18:00:00,14,663.4,18,3,8
2023-08-17 19:00:00,4,209.70000000000002,19,3,8
2023-08-17 20:00:00,4,257.9,20,3,8
2023-08-17 21:00:00,2,71.0,21,3,8
2023-08-17 22:00:00,2,125.6,22,3,8
2023-08-17 23:00:00,2,94.6,23,3,8
2023-08-18 00:00:00,1,32.7,0,4,8
2023-08-18 01:00:00,1,48.4,1,4,8
2023-08-18 02:00:00,2,66.0,2,4,8
2023-08-18 03:00:00,2,122.5,3,4,8
2023-08-18 04:00:00,1,34.6,4,4,8
2023-08-18 05:00:00,6,320.40000000000003,5,4,8
2023-08-18 06:00:00,6,309.9,6,4,8
2023-08-18 07:00:00,4,172.2,7,4,8
2023-08-18 08:00:00,11,501.1,8,4,8
2023-08-18 09:00:00,18,953.2,9,4,8
2023-08-18 10:00:00,19,944.4,10,4,8
2023-08-18 11:00:00,14,686.1,11,4,8
2023-08-18 12:00:00,15,719.8,12,4,8
2023-08-18 13:00:00,26,1086.6,13,4,8
2023-08-18 14:00:00,19,866.2,14,4,8
2023-08-18 15:00:00,19,840.5,15,4,8
2023-08-18 16:00:00,17,815.1,16,4,8
2023-08-18 17:00:00,14,724.2,17,4,8
2023-08-18 18:00:00,10,437.9,18,4,8
2023-08-18 19:00:00,10,515.4,19,4,8
2023-08-18 20:00:00,6,238.9,20,4,8
2023-08-18 21:00:00,5,172.7,21,4,8
2023-08-18 22:00:00,0,0.0,22,4,8
2023-08-18 23:00:00,3,174.5,23,4,8
2023-08-19 00:00:00,1,49.4,0,5,8
2023-08-19 01:00:00,1,58.5,1,5,8
2023-08-19 02:00:00,3,112.4,2,5,8
2023-08-19 03:00:00,1,31.6,3,5,8
2023-08-19 04:00:00,2,86.4,4,5,8
2023-08-19 05:00:00,1,54.1,5,5,8
2023-08-19 06:00:00,4,219.8,6,5,8
2023-08-19 07:00:00,5,202.7,7,5,8
2023-08-19 08:00:00,11,525.7,8,5,8
2023-08-19 09:00:00,15,702.5,9,5,8
2023-08-19 10:00:00,16,774.7,10,5,8
2023-08-19 11:00:00,23,986.1,11,5,8
2023-08-19 12:00:00,14,626.0,12,5,8
2023-08-19 13:00:00,14,742.1999999999999,13,5,8
2023-08-19 14:00:00,11,546.1,14,5,8
2023-08-19 15:00:00,16,677.5,15,5,8
2023-08-19 16:00:00,15,717.5,16,5,8
2023-08-19 17:00:00,13,630.3,17,5,8
2023-08-19 18:00:00,4,235.4,18,5,8
2023-08-19 19:00:00,7,250.4,19,5,8
2023-08-19 20:00:00,6,291.8,20,5,8
2023-08-19 21:00:00,3,164.2,21,5,8
2023-08-19 22:00:00,5,200.0,22,5,8
2023-08-19 23:00:00,2,109.4,23,5,8
2023-08-20 00:00:00,3,116.5,0,6,8
2023-08-20 01:00:00,2,76.9,1,6,8
2023-08-20 02:00:00,1,38.1,2,6,8
2023-08-20 03:00:00,1,27.1,3,6,8
2023-08-20 04:00:00,0,0.0,4,6,8
2023-08-20 05:00:00,8,379.5,5,6,8
2023-08-20 06:00:00,8,316.4,6,6,8
2023-08-20 07:00:00,7,374.1,7,6,8
2023-08-20 08:00:00,11,427.8,8,6,8
2023-08-20 09:00:00,7,296.5,9,6,8
2023-08-20 10:00:00,16,784.2,10,6,8
2023-08-20 11:00:00,21,990.3,11,6,8
2023-08-20 12:00:00,11,516.9,12,6,8
2023-08-20 13:00:00,19,920.6,13,6,8
2023-08-20 14:00:00,17,749.4,14,6,8
2023-08-20 15:00:00,13,572.5,15,6,8
2023-08-20 16:00:00,12,515.2,16,6,8
2023-08-20 17:00:00,8,349.4,17,6,8
2023-08-20 18:00:00,6,342.2,18,6,8
2023-08-20 19:00:00,4,233.2,19,6,8
2023-08-20 20:00:00,7,332.0,20,6,8
2023-08-20 21:00:00,2,68.4,21,6,8
2023-08-20 22:00:00,1,33.3,22,6,8
2023-08-20 23:00:00,1,75.5,23,6,8
2023-08-21 00:00:00,3,158.5,0,0,8
2023-08-21 01:00:00,1,45.0,1,0,8
2023-08-21 02:00:00,2,124.10000000000001,2,0,8
2023-08-21 03:00:00,4,159.5,3,0,8
2023-08-21 04:00:00,3,178.5,4,0,8
2023-08-21 05:00:00,7,307.6,5,0,8
2023-08-21 06:00:00,8,470.8,6,0,8
2023-08-21 07:00:00,9,301.3,7,0,8
2023-08-21 08:00:00,10,419.0,8,0,8
2023-08-21 09:00:00,15,749.2,9,0,8
2023-08-21 10:00:00,21,1121.7,10,0,8
2023-08-21 11:00:00,26,1237.8,11,0,8
2023-08-21 12:00:00,17,857.2,12,0,8
2023-08-21 13:00:00,12,474.2,13,0,8
2023-08-21 14:00:00,26,1192.3,14,0,8
2023-08-21 15:00:00,11,506.20000000000005,15,0,8
2023-08-21 16:00:00,18,836.9,16,0,8
2023-08-21 17:00:00,10,486.6,17,0,8
2023-08-21 18:00:00,13,482.9,18,0,8
2023-08-21 19:00:00,13,599.4,19,0,8
2023-08-21 20:00:00,17,822.3,20,0,8
2023-08-21 21:00:00,3,115.9,21,0,8
2023-08-21 22:00:00,0,0.0,22,0,8
2023-08-21 23:00:00,2,70.30000000000001,23,0,8
2023-08-22 00:00:00,5,236.9,0,1,8
2023-08-22 01:00:00,7,308.0,1,1,8
2023-08-22 02:00:00,1,32.9,2,1,8
2023-08-22 03:00:00,2,156.6,3,1,8
2023-08-22 04:00:00,4,153.8,4,1,8
2023-08-22 05:00:00,2,63.8,5,1,8
2023-08-22 06:00:00,7,347.09999999999997,6,1,8
2023-08-22 07:00:00,11,519.1,7,1,8
2023-08-22 08:00:00,10,476.90000000000003,8,1,8
2023-08-22 09:00:00,24,1044.3,9,1,8
2023-08-22 10:00:00,23,982.4,10,1,8
2023-08-22 11:00:00,23,948.9,11,1,8
2023-08-22 12:00:00,30,1464.8,12,1,8
2023-08-22 13:00:00,15,714.0,13,1,8
2023-08-22 14:00:00,24,1030.5,14,1,8
2023-08-22 15:00:00,11,520.8,15,1,8
2023-08-22 16:00:00,19,873.2,16,1,8
2023-08-22 17:00:00,19,830.7,17,1,8
2023-08-22 18:00:00,14,630.5,18,1,8
2023-08-22 19:00:00,7,329.8,19,1,8
2023-08-22 20:00:00,9,350.3,20,1,8
2023-08-22 21:00:00,6,275.1,21,1,8
2023-08-22 22:00:00,5,277.1,22,1,8
2023-08-22 23:00:00,4,209.7,23,1,8
2023-08-23 00:00:00,3,129.2,0,2,8
2023-08-23 01:00:00,3,119.6,1,2,8
2023-08-23 02:00:00,2,71.7,2,2,8
2023-08-23 03:00:00,2,123.5,3,2,8
2023-08-23 04:00:00,2,62.400000000000006,4,2,8
2023-08-23 05:00:00,5,215.5,5,2,8
2023-08-23 06:00:00,8,323.9,6,2,8
2023-08-23 07:00:00,7,337.6,7,2,8
2023-08-23 08:00:00,12,587.5,8,2,8
2023-08-23 09:00:00,16,745.1,9,2,8
2023-08-23 10:00:00,21,889.6,10,2,8
2023-08-23 11:00:00,14,795.2,11,2,8
2023-08-23 12:00:00,21,959.2,12,2,8
2023-08-23 13:00:00,17,717.6,13,2,8
2023-08-23 14:00:00,23,915.0,14,2,8
2023-08-23 15:00:00,14,665.3,15,2,8
2023-08-23 16:00:00,22,914.4,16,2,8
2023-08-23 17:00:00,18,771.5,17,2,8
2023-08-23 18:00:00,19,797.0,18,2,8
2023-08-23 19:00:00,7,316.3,19,2,8
2023-08-23 20:00:00,5,219.8,20,2,8
2023-08-23 21:00:00,5,179.6,21,2,8
2023-08-23 22:00:00,5,230.2,22,2,8
2023-08-23 23:00:00,2,67.1,23,2,8
2023-08-24 00:00:00,2,85.8,0,3,8
2023-08-24 01:00:00,0,0.0,1,3,8
2023-08-24 02:00:00,2,124.1,2,3,8
2023-08-24 03:00:00,4,273.1,3,3,8
2023-08-24 04:00:00,1,32.5,4,3,8
2023-08-24 05:00:00,2,80.6,5,3,8
2023-08-24 06:00:00,4,226.4,6,3,8
2023-08-24 07:00:00,7,337.3,7,3,8
2023-08-24 08:00:00,14,627.0,8,3,8
2023-08-24 09:00:00,22,1176.7,9,3,8
2023-08-24 10:00:00,17,830.3,10,3,8
2023-08-24 11:00:00,22,1201.4,11,3,8
2023-08-24 12:00:00,22,1084.4,12,3,8
2023-08-24 13:00:00,22,1014.0,13,3,8
2023-08-24 14:00:00,25,1087.9,14,3,8
2023-08-24 15:00:00,19,888.7,15,3,8
2023-08-24 16:00:00,20,998.3000000000001,16,3,8
2023-08-24 17:00:00,10,414.3,17,3,8
2023-08-24 18:00:00,10,432.4,18,3,8
2023-08-24 19:00:00,7,322.4,19,3,8
2023-08-24 20:00:00,14,705.1,20,3,8
2023-08-24 21:00:00,7,345.2,21,3,8
2023-08-24 22:00:00,0,0.0,22,3,8
2023-08-24 23:00:00,3,115.2,23,3,8
2023-08-25 00:00:00,1,36.3,0,4,8
2023-08-25 01:00:00,3,146.3,1,4,8
2023-08-25 02:00:00,1,80.0,2,4,8
2023-08-25 03:00:00,7,323.79999999999995,3,4,8
2023-08-25 04:00:00,7,364.7,4,4,8
2023-08-25 05:00:00,2,64.3,5,4,8
2023-08-25 06:00:00,9,489.9,6,4,8
2023-08-25 07:00:00,11,474.7,7,4,8
2023-08-25 08:00:00,9,355.3,8,4,8
2023-08-25 09:00:00,13,512.5,9,4,8
2023-08-25 10:00:00,20,865.0,10,4,8
2023-08-25 11:00:00,16,854.7,11,4,8
2023-08-25 12:00:00,33,1369.7,12,4,8
2023-08-25 13:00:00,22,1010.7,13,4,8
2023-08-25 14:00:00,20,996.6,14,4,8
2023-08-25 15:00:00,20,909.1,15,4,8
2023-08-25 16:00:00,16,740.0,16,4,8
2023-08-25 17:00:00,14,617.9,17,4,8
2023-08-25 18:00:00,6,322.4,18,4,8
2023-08-25 19:00:00,9,388.1,19,4,8
2023-08-25 20:00:00,6,242.5,20,4,8
2023-08-25 21:00:00,5,234.89999999999998,21,4,8
2023-08-25 22:00:00,4,229.3,22,4,8
2023-08-25 23:00:00,3,129.0,23,4,8
2023-08-26 00:00:00,2,77.8,0,5,8
2023-08-26 01:00:00,0,0.0,1,5,8
2023-08-26 02:00:00,2,78.5,2,5,8
2023-08-26 03:00:00,1,34.0,3,5,8
2023-08-26 04:00:00,2,157.9,4,5,8
2023-08-26 05:00:00,4,173.9,5,5,8
2023-08-26 06:00:00,8,384.1,6,5,8
2023-08-26 07:00:00,7,280.1,7,5,8
2023-08-26 08:00:00,9,432.8,8,5,8
2023-08-26 09:00:00,14,668.1,9,5,8
2023-08-26 10:00:00,12,631.1,10,5,8
2023-08-26 11:00:00,16,703.1,11,5,8
2023-08-26 12:00:00,12,559.9,12,5,8
2023-08-26 13:00:00,15,705.2,13,5,8
2023-08-26 14:00:00,10,482.9,14,5,8
2023-08-26 15:00:00,10,448.1,15,5,8
2023-08-26 16:00:00,10,412.5,16,5,8
2023-08-26 17:00:00,14,729.9,17,5,8
2023-08-26 18:00:00,13,616.0,18,5,8
2023-08-26 19:00:00,10,429.9,19,5,8
2023-08-26 20:00:00,8,366.40000000000003,20,5,8
2023-08-26 21:00:00,5,221.6,21,5,8
2023-08-26 22:00:00,3,162.60000000000002,22,5,8
2023-08-26 23:00:00,1,53.6,23,5,8
2023-08-27 00:00:00,1,55.5,0,6,8
2023-08-27 01:00:00,0,0.0,1,6,8
2023-08-27 02:00:00,4,141.7,2,6,8
2023-08-27 03:00:00,4,192.1,3,6,8
2023-08-27 04:00:00,2,85.4,4,6,8
2023-08-27 05:00:00,1,26.1,5,6,8
2023-08-27 06:00:00,3,132.39999999999998,6,6,8
2023-08-27 07:00:00,9,551.6,7,6,8
2023-08-27 08:00:00,9,395.1,8,6,8
2023-08-27 09:00:00,14,600.2,9,6,8
2023-08-27 10:00:00,14,655.8,10,6,8
2023-08-27 11:00:00,14,643.0,11,6,8
2023-08-27 12:00:00,15,684.6,12,6,8
2023-08-27 13:00:00,17,821.0,13,6,8
2023-08-27 14:00:00,17,740.3,14,6,8
2023-08-27 15:00:00,11,472.6,15,6,8
2023-08-27 16:00:00,14,643.5,16,6,8
2023-08-27 17:00:00,8,373.6,17,6,8
2023-08-27 18:00:00,8,323.8,18,6,8
2023-08-27 19:00:00,7,337.7,19,6,8
2023-08-27 20:00:00,3,235.2,20,6,8
2023-08-27 21:00:00,3,126.1,21,6,8
2023-08-27 22:00:00,3,164.10000000000002,22,6,8
2023-08-27 23:00:00,1,28.8,23,6,8
2023-08-28 00:00:00,0,0.0,0,0,8
2023-08-28 01:00:00,4,160.4,1,0,8
2023-08-28 02:00:00,4,176.6,2,0,8
2023-08-28 03:00:00,1,33.3,3,0,8
2023-08-28 04:00:00,3,175.1,4,0,8
2023-08-28 05:00:00,4,255.8,5,0,8
2023-08-28 06:00:00,5,234.1,6,0,8
2023-08-28 07:00:00,5,162.6,7,0,8
2023-08-28 08:00:00,14,628.9,8,0,8
2023-08-28 09:00:00,19,808.8,9,0,8
2023-08-28 10:00:00,25,1033.8,10,0,8
2023-08-28 11:00:00,20,936.3,11,0,8
2023-08-28 12:00:00,25,1171.1,12,0,8
2023-08-28 13:00:00,26,1323.5,13,0,8
2023-08-28 14:00:00,25,1148.2,14,0,8
2023-08-28 15:00:00,23,953.7,15,0,8
2023-08-28 16:00:00,9,528.5,16,0,8
2023-08-28 17:00:00,12,463.59999999999997,17,0,8
2023-08-28 18:00:00,11,557.8,18,0,8
2023-08-28 19:00:00,13,594.3,19,0,8
2023-08-28 20:00:00,4,184.89999999999998,20,0,8
2023-08-28 21:00:00,2,108.6,21,0,8
2023-08-28 22:00:00,1,39.5,22,0,8
2023-08-28 23:00:00,3,129.7,23,0,8
2023-08-29 00:00:00,2,88.5,0,1,8
2023-08-29 01:00:00,0,0.0,1,1,8
2023-08-29 02:00:00,4,192.6,2,1,8
2023-08-29 03:00:00,1,80.0,3,1,8
2023-08-29 04:00:00,2,71.4,4,1,8
2023-08-29 05:00:00,7,324.2,5,1,8
2023-08-29 06:00:00,7,325.2,6,1,8
2023-08-29 07:00:00,10,496.29999999999995,7,1,8
2023-08-29 08:00:00,14,654.1999999999999,8,1,8
2023-08-29 09:00:00,20,871.1,9,1,8
2023-08-29 10:00:00,21,821.7,10,1,8
2023-08-29 11:00:00,31,1512.9,11,1,8
2023-08-29 12:00:00,17,858.5,12,1,8
2023-08-29 13:00:00,18,919.2,13,1,8
2023-08-29 14:00:00,24,1000.3,14,1,8
2023-08-29 15:00:00,12,595.8,15,1,8
2023-08-29 16:00:00,18,922.7,16,1,8
2023-08-29 17:00:00,15,747.8,17,1,8
2023-08-29 18:00:00,14,680.5,18,1,8
2023-08-29 19:00:00,10,542.5,19,1,8
2023-08-29 20:00:00,10,492.4,20,1,8
2023-08-29 21:00:00,5,209.89999999999998,21,1,8
2023-08-29 22:00:00,3,115.4,22,1,8
2023-08-29 23:00:00,2,83.5,23,1,8
2023-08-30 00:00:00,2,67.5,0,2,8
2023-08-30 01:00:00,1,35.3,1,2,8
2023-08-30 02:00:00,5,170.1,2,2,8
2023-08-30 03:00:00,3,156.79999999999998,3,2,8
2023-08-30 04:00:00,3,123.3,4,2,8
2023-08-30 05:00:00,6,231.7,5,2,8
2023-08-30 06:00:00,8,382.0,6,2,8
2023-08-30 07:00:00,10,534.0,7,2,8
2023-08-30 08:00:00,21,1042.9,8,2,8
2023-08-30 09:00:00,19,859.6,9,2,8
2023-08-30 10:00:00,19,849.4,10,2,8
2023-08-30 11:00:00,24,1213.0,11,2,8
2023-08-30 12:00:00,14,699.4,12,2,8
2023-08-30 13:00:00,22,984.5,13,2,8
2023-08-30 14:00:00,26,1400.2,14,2,8
2023-08-30 15:00:00,21,1036.1,15,2,8
2023-08-30 16:00:00,11,480.5,16,2,8
2023-08-30 17:00:00,14,576.8,17,2,8
2023-08-30 18:00:00,11,448.8,18,2,8
2023-08-30 19:00:00,11,580.8,19,2,8
2023-08-30 20:00:00,8,417.8,20,2,8
2023-08-30 21:00:00,4,223.3,21,2,8
2023-08-30 22:00:00,2,111.9,22,2,8
2023-08-30 23:00:00,2,156.7,23,2,8
2023-08-31 00:00:00,2,106.4,0,3,8
2023-08-31 01:00:00,1,34.6,1,3,8
2023-08-31 02:00:00,5,213.0,2,3,8
2023-08-31 03:00:00,5,175.3,3,3,8
2023-08-31 04:00:00,1,43.6,4,3,8
2023-08-31 05:00:00,4,172.0,5,3,8
2023-08-31 06:00:00,6,312.1,6,3,8
2023-08-31 07:00:00,13,620.9,7,3,8
2023-08-31 08:00:00,13,551.9,8,3,8
2023-08-31 09:00:00,18,894.7,9,3,8
2023-08-31 10:00:00,23,1015.4,10,3,8
2023-08-31 11:00:00,29,1319.4,11,3,8
2023-08-31 12:00:00,26,1255.9,12,3,8
2023-08-31 13:00:00,22,959.3,13,3,8
2023-08-31 14:00:00,36,1582.3,14,3,8
2023-08-31 15:00:00,16,705.9,15,3,8
2023-08-31 16:00:00,11,424.6,16,3,8
2023-08-31 17:00:00,14,663.8,17,3,8
2023-08-31 18:00:00,11,546.4,18,3,8
2023-08-31 19:00:00,10,511.3,19,3,8
2023-08-31 20:00:00,7,314.4,20,3,8
2023-08-31 21:00:00,5,268.8,21,3,8
2023-08-31 22:00:00,6,266.0,22,3,8
2023-08-31 23:00:00,3,116.1,23,3,8
2023-09-01 00:00:00,3,131.9,0,4,9
2023-09-01 01:00:00,2,60.0,1,4,9
2023-09-01 02:00:00,1,37.1,2,4,9
2023-09-01 03:00:00,0,0.0,3,4,9
2023-09-01 04:00:00,4,213.5,4,4,9
2023-09-01 05:00:00,5,229.5,5,4,9
2023-09-01 06:00:00,8,322.0,6,4,9
2023-09-01 07:00:00,12,546.7,7,4,9
2023-09-01 08:00:00,12,571.3,8,4,9
2023-09-01 09:00:00,21,975.6,9,4,9
2023-09-01 10:00:00,24,1225.8,10,4,9
2023-09-01 11:00:00,15,666.8,11,4,9
2023-09-01 12:00:00,24,1177.9,12,4,9
2023-09-01 13:00:00,20,882.3,13,4,9
2023-09-01 14:00:00,21,956.8,14,4,9
2023-09-01 15:00:00,13,647.7,15,4,9
2023-09-01 16:00:00,16,767.3000000000001,16,4,9
2023-09-01 17:00:00,12,580.7,17,4,9
2023-09-01 18:00:00,10,508.4,18,4,9
2023-09-01 19:00:00,10,544.5,19,4,9
2023-09-01 20:00:00,5,332.7,20,4,9
2023-09-01 21:00:00,3,110.1,21,4,9
2023-09-01 22:00:00,4,163.6,22,4,9
2023-09-01 23:00:00,1,30.4,23,4,9
2023-09-02 00:00:00,1,33.5,0,5,9
2023-09-02 01:00:00,3,145.29999999999998,1,5,9
2023-09-02 02:00:00,2,79.5,2,5,9
2023-09-02 03:00:00,1,30.4,3,5,9
2023-09-02 04:00:00,3,129.8,4,5,9
2023-09-02 05:00:00,2,67.5,5,5,9
2023-09-02 06:00:00,2,114.7,6,5,9
2023-09-02 07:00:00,9,457.2,7,5,9
2023-09-02 08:00:00,10,514.3,8,5,9
2023-09-02 09:00:00,13,562.6,9,5,9
2023-09-02 10:00:00,20,1009.8,10,5,9
2023-09-02 11:00:00,20,835.2,11,5,9
2023-09-02 12:00:00,13,530.7,12,5,9
2023-09-02 13:00:00,14,590.6,13,5,9
2023-09-02 14:00:00,13,584.9,14,5,9
2023-09-02 15:00:00,12,582.2,15,5,9
2023-09-02 16:00:00,10,454.9,16,5,9
2023-09-02 17:00:00,9,451.2,17,5,9
2023-09-02 18:00:00,9,487.2,18,5,9
2023-09-02 19:00:00,8,384.5,19,5,9
2023-09-02 20:00:00,7,295.7,20,5,9
2023-09-02 21:00:00,5,237.0,21,5,9
2023-09-02 22:00:00,0,0.0,22,5,9
2023-09-02 23:00:00,2,119.4,23,5,9
2023-09-03 00:00:00,1,76.6,0,6,9
2023-09-03 01:00:00,0,0.0,1,6,9
2023-09-03 02:00:00,3,137.7,2,6,9
2023-09-03 03:00:00,1,59.2,3,6,9
2023-09-03 04:00:00,0,0.0,4,6,9
2023-09-03 05:00:00,3,146.5,5,6,9
2023-09-03 06:00:00,5,239.2,6,6,9
2023-09-03 07:00:00,6,283.4,7,6,9
2023-09-03 08:00:00,16,716.6,8,6,9
2023-09-03 09:00:00,11,558.1,9,6,9
2023-09-03 10:00:00,15,686.3,10,6,9
2023-09-03 11:00:00,17,852.1,11,6,9
2023-09-03 12:00:00,20,1015.5,12,6,9
2023-09-03 13:00:00,20,1010.2,13,6,9
2023-09-03 14:00:00,18,829.6,14,6,9
2023-09-03 15:00:00,12,693.8,15,6,9
2023-09-03 16:00:00,10,515.4,16,6,9
2023-09-03 17:00:00,8,413.1,17,6,9
2023-09-03 18:00:00,5,252.60000000000002,18,6,9
2023-09-03 19:00:00,7,269.5,19,6,9
2023-09-03 20:00:00,4,177.89999999999998,20,6,9
2023-09-03 21:00:00,4,203.4,21,6,9
2023-09-03 22:00:00,1,37.2,22,6,9
2023-09-03 23:00:00,1,38.7,23,6,9
2023-09-04 00:00:00,2,92.6,0,0,9
2023-09-04 01:00:00,0,0.0,1,0,9
2023-09-04 02:00:00,1,52.3,2,0,9
2023-09-04 03:00:00,1,32.5,3,0,9
2023-09-04 04:00:00,0,0.0,4,0,9
2023-09-04 05:00:00,6,239.3,5,0,9
2023-09-04 06:00:00,9,432.7,6,0,9
2023-09-04 07:00:00,8,368.70000000000005,7,0,9
2023-09-04 08:00:00,13,611.9,8,0,9
2023-09-04 09:00:00,16,589.0,9,0,9
2023-09-04 10:00:00,14,704.2,10,0,9
2023-09-04 11:00:00,18,699.7,11,0,9
2023-09-04 12:00:00,20,885.2,12,0,9
2023-09-04 13:00:00,24,1192.4,13,0,9
2023-09-04 14:00:00,24,1217.7,14,0,9
2023-09-04 15:00:00,18,760.9,15,0,9
2023-09-04 16:00:00,21,880.0,16,0,9
2023-09-04 17:00:00,12,584.0,17,0,9
2023-09-04 18:00:00,12,552.2,18,0,9
2023-09-04 19:00:00,7,433.4,19,0,9
2023-09-04 20:00:00,13,638.7,20,0,9
2023-09-04 21:00:00,4,218.3,21,0,9
2023-09-04 22:00:00,2,81.0,22,0,9
2023-09-04 23:00:00,7,347.9,23,0,9
2023-09-05 00:00:00,4,172.9,0,1,9
2023-09-05 01:00:00,2,82.80000000000001,1,1,9
2023-09-05 02:00:00,1,33.9,2,1,9
2023-09-05 03:00:00,3,179.0,3,1,9
2023-09-05 04:00:00,1,73.1,4,1,9
2023-09-05 05:00:00,3,151.4,5,1,9
2023-09-05 06:00:00,10,487.3,6,1,9
2023-09-05 07:00:00,9,484.5,7,1,9
2023-09-05 08:00:00,18,954.1,8,1,9
2023-09-05 09:00:00,20,863.3,9,1,9
2023-09-05 10:00:00,23,1065.7,10,1,9
2023-09-05 11:00:00,14,645.7,11,1,9
2023-09-05 12:00:00,26,1284.2,12,1,9
2023-09-05 13:00:00,20,855.0,13,1,9
2023-09-05 14:00:00,19,951.8,14,1,9
2023-09-05 15:00:00,23,1008.3,15,1,9
2023-09-05 16:00:00,14,628.7,16,1,9
2023-09-05 17:00:00,20,975.2,17,1,9
2023-09-05 18:00:00,11,578.4,18,1,9
2023-09-05 19:00:00,11,453.6,19,1,9
2023-09-05 20:00:00,9,362.4,20,1,9
2023-09-05 21:00:00,6,259.3,21,1,9
2023-09-05 22:00:00,1,64.6,22,1,9
2023-09-05 23:00:00,8,403.1,23,1,9
2023-09-06 00:00:00,2,106.7,0,2,9
2023-09-06 01:00:00,3,129.89999999999998,1,2,9
2023-09-06 02:00:00,0,0.0,2,2,9
2023-09-06 03:00:00,1,46.0,3,2,9
2023-09-06 04:00:00,2,115.2,4,2,9
2023-09-06 05:00:00,7,341.8,5,2,9
2023-09-06 06:00:00,6,219.1,6,2,9
2023-09-06 07:00:00,12,525.5,7,2,9
2023-09-06 08:00:00,12,555.3,8,2,9
2023-09-06 09:00:00,20,860.8,9,2,9
2023-09-06 10:00:00,17,950.7,10,2,9
2023-09-06 11:00:00,15,629.6999999999999,11,2,9
2023-09-06 12:00:00,25,1312.2,12,2,9
2023-09-06 13:00:00,17,774.4,13,2,9
2023-09-06 14:00:00,22,909.2,14,2,9
2023-09-06 15:00:00,14,855.0,15,2,9
2023-09-06 16:00:00,14,711.8,16,2,9
2023-09-06 17:00:00,18,856.1,17,2,9
2023-09-06 18:00:00,12,497.9,18,2,9
2023-09-06 19:00:00,9,376.0,19,2,9
2023-09-06 20:00:00,8,376.5,20,2,9
2023-09-06 21:00:00,4,140.8,21,2,9
2023-09-06 22:00:00,5,221.3,22,2,9
2023-09-06 23:00:00,2,126.7,23,2,9
2023-09-07 00:00:00,3,147.7,0,3,9
2023-09-07 01:00:00,1,35.5,1,3,9
2023-09-07 02:00:00,4,212.1,2,3,9
2023-09-07 03:00:00,4,200.8,3,3,9
2023-09-07 04:00:00,4,164.1,4,3,9
2023-09-07 05:00:00,1,80.0,5,3,9
2023-09-07 06:00:00,10,405.1,6,3,9
2023-09-07 07:00:00,12,488.4,7,3,9
2023-09-07 08:00:00,9,471.5,8,3,9
2023-09-07 09:00:00,19,901.7,9,3,9
2023-09-07 10:00:00,22,1108.3,10,3,9
2023-09-07 11:00:00,23,1136.1,11,3,9
2023-09-07 12:00:00,26,1269.8,12,3,9
2023-09-07 13:00:00,18,913.7,13,3,9
2023-09-07 14:00:00,18,736.3,14,3,9
2023-09-07 15:00:00,15,738.2,15,3,9
2023-09-07 16:00:00,17,789.5,16,3,9
2023-09-07 17:00:00,13,654.4,17,3,9
2023-09-07 18:00:00,8,386.2,18,3,9
2023-09-07 19:00:00,9,527.7,19,3,9
2023-09-07 20:00:00,4,222.0,20,3,9
2023-09-07 21:00:00,5,219.0,21,3,9
2023-09-07 22:00:00,3,99.4,22,3,9
2023-09-07 23:00:00,3,124.1,23,3,9
2023-09-08 00:00:00,2,82.9,0,4,9
2023-09-08 01:00:00,0,0.0,1,4,9
2023-09-08 02:00:00,0,0.0,2,4,9
2023-09-08 03:00:00,4,185.1,3,4,9
2023-09-08 04:00:00,2,79.5,4,4,9
2023-09-08 05:00:00,5,251.10000000000002,5,4,9
2023-09-08 06:00:00,7,311.5,6,4,9
2023-09-08 07:00:00,10,451.7,7,4,9
2023-09-08 08:00:00,8,328.1,8,4,9
2023-09-08 09:00:00,16,717.9,9,4,9
2023-09-08 10:00:00,26,1095.5,10,4,9
2023-09-08 11:00:00,21,1007.3,11,4,9
2023-09-08 12:00:00,30,1458.6,12,4,9
2023-09-08 13:00:00,18,923.3,13,4,9
2023-09-08 14:00:00,18,763.9,14,4,9
2023-09-08 15:00:00,21,1083.7,15,4,9
2023-09-08 16:00:00,11,602.7,16,4,9
2023-09-08 17:00:00,16,794.1,17,4,9
2023-09-08 18:00:00,11,562.5,18,4,9
2023-09-08 19:00:00,2,155.3,19,4,9
2023-09-08 20:00:00,8,474.3,20,4,9
2023-09-08 21:00:00,6,311.5,21,4,9
2023-09-08 22:00:00,3,143.3,22,4,9
2023-09-08 23:00:00,5,236.39999999999998,23,4,9
2023-09-09 00:00:00,0,0.0,0,5,9
2023-09-09 01:00:00,0,0.0,1,5,9
2023-09-09 02:00:00,0,0.0,2,5,9
2023-09-09 03:00:00,0,0.0,3,5,9
2023-09-09 04:00:00,5,211.7,4,5,9
2023-09-09 05:00:00,3,126.0,5,5,9
2023-09-09 06:00:00,8,382.4,6,5,9
2023-09-09 07:00:00,5,168.4,7,5,9
2023-09-09 08:00:00,10,387.7,8,5,9
2023-09-09 09:00:00,9,457.59999999999997,9,5,9
2023-09-09 10:00:00,16,707.0,10,5,9
2023-09-09 11:00:00,21,965.2,11,5,9
2023-09-09 12:00:00,15,667.5,12,5,9
2023-09-09 13:00:00,13,533.6,13,5,9
2023-09-09 14:00:00,19,824.3,14,5,9
2023-09-09 15:00:00,12,446.9,15,5,9
2023-09-09 16:00:00,11,486.7,16,5,9
2023-09-09 17:00:00,11,481.2,17,5,9
2023-09-09 18:00:00,8,301.3,18,5,9
2023-09-09 19:00:00,10,490.5,19,5,9
2023-09-09 20:00:00,9,423.7,20,5,9
2023-09-09 21:00:00,1,55.2,21,5,9
2023-09-09 22:00:00,4,160.5,22,5,9
2023-09-09 23:00:00,3,95.3,23,5,9
2023-09-10 00:00:00,4,158.9,0,6,9
2023-09-10 01:00:00,1,47.0,1,6,9
2023-09-10 02:00:00,0,0.0,2,6,9
2023-09-10 03:00:00,1,58.4,3,6,9
2023-09-10 04:00:00,1,46.4,4,6,9
2023-09-10 05:00:00,5,215.9,5,6,9
2023-09-10 06:00:00,8,399.7,6,6,9
2023-09-10 07:00:00,7,382.1,7,6,9
2023-09-10 08:00:00,11,562.2,8,6,9
2023-09-10 09:00:00,13,736.0,9,6,9
2023-09-10 10:00:00,14,814.8,10,6,9
2023-09-10 11:00:00,23,1031.9,11,6,9
2023-09-10 12:00:00,13,533.5,12,6,9
2023-09-10 13:00:00,17,892.8,13,6,9
2023-09-10 14:00:00,11,521.4,14,6,9
2023-09-10 15:00:00,7,311.1,15,6,9
2023-09-10 16:00:00,9,419.0,16,6,9
2023-09-10 17:00:00,12,630.6,17,6,9
2023-09-10 18:00:00,7,289.8,18,6,9
2023-09-10 19:00:00,6,222.1,19,6,9
2023-09-10 20:00:00,3,115.30000000000001,20,6,9
2023-09-10 21:00:00,4,201.89999999999998,21,6,9
2023-09-10 22:00:00,1,31.3,22,6,9
2023-09-10 23:00:00,3,128.9,23,6,9
2023-09-11 00:00:00,2,110.5,0,0,9
2023-09-11 01:00:00,1,66.1,1,0,9
2023-09-11 02:00:00,3,120.80000000000001,2,0,9
2023-09-11 03:00:00,0,0.0,3,0,9
2023-09-11 04:00:00,5,247.7,4,0,9
2023-09-11 05:00:00,6,355.40000000000003,5,0,9
2023-09-11 06:00:00,3,111.7,6,0,9
2023-09-11 07:00:00,9,361.9,7,0,9
2023-09-11 08:00:00,17,724.1,8,0,9
2023-09-11 09:00:00,16,739.2,9,0,9
2023-09-11 10:00:00,25,1228.0,10,0,9
2023-09-11 11:00:00,18,947.7,11,0,9
2023-09-11 12:00:00,21,977.8000000000001,12,0,9
2023-09-11 13:00:00,16,633.6999999999999,13,0,9
2023-09-11 14:00:00,25,1243.7,14,0,9
2023-09-11 15:00:00,15,677.7,15,0,9
2023-09-11 16:00:00,11,440.7,16,0,9
2023-09-11 17:00:00,12,618.1,17,0,9
2023-09-11 18:00:00,14,652.0,18,0,9
2023-09-11 19:00:00,9,398.9,19,0,9
2023-09-11 20:00:00,10,495.5,20,0,9
2023-09-11 21:00:00,2,99.7,21,0,9
2023-09-11 22:00:00,1,37.3,22,0,9
2023-09-11 23:00:00,2,103.9,23,0,9
2023-09-12 00:00:00,3,127.2,0,1,9
2023-09-12 01:00:00,5,274.0,1,1,9
2023-09-12 02:00:00,2,124.4,2,1,9
2023-09-12 03:00:00,1,29.7,3,1,9
2023-09-12 04:00:00,5,203.4,4,1,9
2023-09-12 05:00:00,6,325.8,5,1,9
2023-09-12 06:00:00,3,120.6,6,1,9
2023-09-12 07:00:00,7,283.9,7,1,9
2023-09-12 08:00:00,16,759.7,8,1,9
2023-09-12 09:00:00,22,1012.5,9,1,9
2023-09-12 10:00:00,25,1111.2,10,1,9
2023-09-12 11:00:00,18,875.5,11,1,9
2023-09-12 12:00:00,18,777.9,12,1,9
2023-09-12 13:00:00,21,925.3,13,1,9
2023-09-12 14:00:00,19,988.1,14,1,9
2023-09-12 15:00:00,21,978.3,15,1,9
2023-09-12 16:00:00,31,1562.2,16,1,9
2023-09-12 17:00:00,11,573.4,17,1,9
2023-09-12 18:00:00,10,366.3,18,1,9
2023-09-12 19:00:00,11,459.5,19,1,9
2023-09-12 20:00:00,7,351.8,20,1,9
2023-09-12 21:00:00,8,405.1,21,1,9
2023-09-12 22:00:00,0,0.0,22,1,9
2023-09-12 23:00:00,1,50.6,23,1,9
2023-09-13 00:00:00,3,120.4,0,2,9
2023-09-13 01:00:00,3,114.1,1,2,9
2023-09-13 02:00:00,3,110.8,2,2,9
2023-09-13 03:00:00,3,114.8,3,2,9
2023-09-13 04:00:00,4,176.0,4,2,9
2023-09-13 05:00:00,2,101.5,5,2,9
2023-09-13 06:00:00,9,498.2,6,2,9
2023-09-13 07:00:00,6,265.7,7,2,9
2023-09-13 08:00:00,17,828.6,8,2,9
2023-09-13 09:00:00,16,731.5,9,2,9
2023-09-13 10:00:00,24,1198.5,10,2,9
2023-09-13 11:00:00,21,891.8,11,2,9
2023-09-13 12:00:00,18,892.6,12,2,9
2023-09-13 13:00:00,24,1016.2,13,2,9
2023-09-13 14:00:00,26,1282.6,14,2,9
2023-09-13 15:00:00,17,845.0,15,2,9
2023-09-13 16:00:00,18,828.3,16,2,9
2023-09-13 17:00:00,12,557.8,17,2,9
2023-09-13 18:00:00,13,616.3,18,2,9
2023-09-13 19:00:00,7,315.2,19,2,9
2023-09-13 20:00:00,10,456.1,20,2,9
2023-09-13 21:00:00,3,113.30000000000001,21,2,9
2023-09-13 22:00:00,5,254.2,22,2,9
2023-09-13 23:00:00,1,51.4,23,2,9
2023-09-14 00:00:00,2,115.1,0,3,9
2023-09-14 01:00:00,4,175.8,1,3,9
2023-09-14 02:00:00,6,198.4,2,3,9
2023-09-14 03:00:00,5,235.8,3,3,9
2023-09-14 04:00:00,3,144.9,4,3,9
2023-09-14 05:00:00,3,180.7,5,3,9
2023-09-14 06:00:00,4,191.7,6,3,9
2023-09-14 07:00:00,8,358.1,7,3,9
2023-09-14 08:00:00,11,451.0,8,3,9
2023-09-14 09:00:00,17,822.3,9,3,9
2023-09-14 10:00:00,24,1198.0,10,3,9
2023-09-14 11:00:00,16,724.8,11,3,9
2023-09-14 12:00:00,14,568.1,12,3,9
2023-09-14 13:00:00,23,1102.5,13,3,9
2023-09-14 14:00:00,27,1385.0,14,3,9
2023-09-14 15:00:00,21,1093.2,15,3,9
2023-09-14 16:00:00,16,782.4,16,3,9
2023-09-14 17:00:00,15,830.8,17,3,9
2023-09-14 18:00:00,15,683.5,18,3,9
2023-09-14 19:00:00,9,397.1,19,3,9
2023-09-14 20:00:00,3,101.69999999999999,20,3,9
2023-09-14 21:00:00,6,313.0,21,3,9
2023-09-14 22:00:00,1,64.0,22,3,9
2023-09-14 23:00:00,1,31.0,23,3,9
2023-09-15 00:00:00,5,233.8,0,4,9
2023-09-15 01:00:00,2,63.6,1,4,9
2023-09-15 02:00:00,1,34.4,2,4,9
2023-09-15 03:00:00,1,80.0,3,4,9
2023-09-15 04:00:00,4,145.0,4,4,9
2023-09-15 05:00:00,6,254.7,5,4,9
2023-09-15 06:00:00,5,189.7,6,4,9
2023-09-15 07:00:00,8,373.6,7,4,9
2023-09-15 08:00:00,22,897.1,8,4,9
2023-09-15 09:00:00,13,535.8,9,4,9
2023-09-15 10:00:00,18,646.8000000000001,10,4,9
2023-09-15 11:00:00,14,610.8,11,4,9
2023-09-15 12:00:00,26,1159.7,12,4,9
2023-09-15 13:00:00,24,1193.4,13,4,9
2023-09-15 14:00:00,22,1115.1,14,4,9
2023-09-15 15:00:00,19,846.4,15,4,9
2023-09-15 16:00:00,8,418.3,16,4,9
2023-09-15 17:00:00,13,624.9,17,4,9
2023-09-15 18:00:00,12,499.5,18,4,9
2023-09-15 19:00:00,13,676.8,19,4,9
2023-09-15 20:00:00,6,271.3,20,4,9
2023-09-15 21:00:00,6,269.9,21,4,9
2023-09-15 22:00:00,5,231.9,22,4,9
2023-09-15 23:00:00,3,122.8,23,4,9
2023-09-16 00:00:00,3,140.3,0,5,9
2023-09-16 01:00:00,2,135.1,1,5,9
2023-09-16 02:00:00,2,115.9,2,5,9
2023-09-16 03:00:00,1,80.0,3,5,9
2023-09-16 04:00:00,5,274.2,4,5,9
2023-09-16 05:00:00,2,118.5,5,5,9
2023-09-16 06:00:00,4,243.5,6,5,9
2023-09-16 07:00:00,6,306.3,7,5,9
2023-09-16 08:00:00,10,507.2,8,5,9
2023-09-16 09:00:00,6,320.8,9,5,9
2023-09-16 10:00:00,23,1240.6,10,5,9
2023-09-16 11:00:00,16,751.5,11,5,9
2023-09-16 12:00:00,12,469.1,12,5,9
2023-09-16 13:00:00,16,781.0,13,5,9
2023-09-16 14:00:00,14,596.5,14,5,9
2023-09-16 15:00:00,19,1001.5,15,5,9
2023-09-16 16:00:00,12,604.9,16,5,9
2023-09-16 17:00:00,6,360.6,17,5,9
2023-09-16 18:00:00,9,458.9,18,5,9
2023-09-16 19:00:00,9,431.2,19,5,9
2023-09-16 20:00:00,5,265.5,20,5,9
2023-09-16 21:00:00,4,135.9,21,5,9
2023-09-16 22:00:00,2,77.9,22,5,9
2023-09-16 23:00:00,2,105.1,23,5,9
2023-09-17 00:00:00,2,91.8,0,6,9
2023-09-17 01:00:00,0,0.0,1,6,9
2023-09-17 02:00:00,0,0.0,2,6,9
2023-09-17 03:00:00,1,80.0,3,6,9
2023-09-17 04:00:00,1,31.9,4,6,9
2023-09-17 05:00:00,4,184.7,5,6,9
2023-09-17 06:00:00,3,164.7,6,6,9
2023-09-17 07:00:00,5,258.9,7,6,9
2023-09-17 08:00:00,10,517.1,8,6,9
2023-09-17 09:00:00,15,741.5,9,6,9
2023-09-17 10:00:00,16,829.2,10,6,9
2023-09-17 11:00:00,12,535.3,11,6,9
2023-09-17 12:00:00,19,975.1,12,6,9
2023-09-17 13:00:00,15,723.9,13,6,9
2023-09-17 14:00:00,12,563.1,14,6,9
2023-09-17 15:00:00,10,435.4,15,6,9
2023-09-17 16:00:00,17,833.1999999999999,16,6,9
2023-09-17 17:00:00,11,540.5,17,6,9
2023-09-17 18:00:00,11,600.1,18,6,9
2023-09-17 19:00:00,5,221.8,19,6,9
2023-09-17 20:00:00,4,183.8,20,6,9
2023-09-17 21:00:00,4,236.8,21,6,9
2023-09-17 22:00:00,1,29.4,22,6,9
2023-09-17 23:00:00,5,183.6,23,6,9
2023-09-18 00:00:00,2,87.1,0,0,9
2023-09-18 01:00:00,5,204.2,1,0,9
2023-09-18 02:00:00,1,31.8,2,0,9
2023-09-18 03:00:00,1,52.0,3,0,9
2023-09-18 04:00:00,5,285.5,4,0,9
2023-09-18 05:00:00,3,106.69999999999999,5,0,9
2023-09-18 06:00:00,5,205.8,6,0,9
2023-09-18 07:00:00,11,579.0,7,0,9
2023-09-18 08:00:00,16,829.0,8,0,9
2023-09-18 09:00:00,24,1201.5,9,0,9
2023-09-18 10:00:00,28,1233.8999999999999,10,0,9
2023-09-18 11:00:00,24,1120.6,11,0,9
2023-09-18 12:00:00,21,1043.5,12,0,9
2023-09-18 13:00:00,17,866.7,13,0,9
2023-09-18 14:00:00,16,877.6,14,0,9
2023-09-18 15:00:00,17,712.4,15,0,9
2023-09-18 16:00:00,10,459.6,16,0,9
2023-09-18 17:00:00,14,584.9,17,0,9
2023-09-18 18:00:00,14,599.5,18,0,9
2023-09-18 19:00:00,9,449.09999999999997,19,0,9
2023-09-18 20:00:00,9,456.1,20,0,9
2023-09-18 21:00:00,6,249.39999999999998,21,0,9
2023-09-18 22:00:00,3,190.6,22,0,9
2023-09-18 23:00:00,2,143.0,23,0,9
2023-09-19 00:00:00,2,104.7,0,1,9
2023-09-19 01:00:00,2,111.0,1,1,9
2023-09-19 02:00:00,1,38.4,2,1,9
2023-09-19 03:00:00,3,172.2,3,1,9
2023-09-19 04:00:00,0,0.0,4,1,9
2023-09-19 05:00:00,6,291.9,5,1,9
2023-09-19 06:00:00,1,30.2,6,1,9
2023-09-19 07:00:00,7,272.9,7,1,9
2023-09-19 08:00:00,18,851.3,8,1,9
2023-09-19 09:00:00,12,468.3,9,1,9
2023-09-19 10:00:00,18,712.6,10,1,9
2023-09-19 11:00:00,27,1211.6,11,1,9
2023-09-19 12:00:00,15,619.4,12,1,9
2023-09-19 13:00:00,21,989.8000000000001,13,1,9
2023-09-19 14:00:00,22,933.6,14,1,9
2023-09-19 15:00:00,20,860.4,15,1,9
2023-09-19 16:00:00,25,1104.2,16,1,9
2023-09-19 17:00:00,10,454.9,17,1,9
2023-09-19 18:00:00,5,256.3,18,1,9
2023-09-19 19:00:00,10,476.4,19,1,9
2023-09-19 20:00:00,5,214.2,20,1,9
2023-09-19 21:00:00,1,54.6,21,1,9
2023-09-19 22:00:00,1,34.9,22,1,9
2023-09-19 23:00:00,1,37.6,23,1,9
2023-09-20 00:00:00,1,49.7,0,2,9
2023-09-20 01:00:00,1,27.9,1,2,9
2023-09-20 02:00:00,2,124.6,2,2,9
2023-09-20 03:00:00,3,135.5,3,2,9
2023-09-20 04:00:00,3,108.6,4,2,9
2023-09-20 05:00:00,2,85.3,5,2,9
2023-09-20 06:00:00,13,620.5,6,2,9
2023-09-20 07:00:00,10,490.2,7,2,9
2023-09-20 08:00:00,7,295.5,8,2,9
2023-09-20 09:00:00,16,755.7,9,2,9
2023-09-20 10:00:00,19,904.7,10,2,9
2023-09-20 11:00:00,26,1121.6,11,2,9
2023-09-20 12:00:00,18,838.0,12,2,9
2023-09-20 13:00:00,26,1283.4,13,2,9
2023-09-20 14:00:00,15,731.3,14,2,9
2023-09-20 15:00:00,14,696.1,15,2,9
2023-09-20 16:00:00,15,819.2,16,2,9
2023-09-20 17:00:00,8,321.3,17,2,9
2023-09-20 18:00:00,9,403.0,18,2,9
2023-09-20 19:00:00,5,191.8,19,2,9
2023-09-20 20:00:00,13,604.9,20,2,9
2023-09-20 21:00:00,2,137.9,21,2,9
2023-09-20 22:00:00,2,115.0,22,2,9
2023-09-20 23:00:00,0,0.0,23,2,9
2023-09-21 00:00:00,1,31.0,0,3,9
2023-09-21 01:00:00,2,64.1,1,3,9
2023-09-21 02:00:00,4,187.9,2,3,9
2023-09-21 03:00:00,2,82.4,3,3,9
2023-09-21 04:00:00,4,288.6,4,3,9
2023-09-21 05:00:00,3,116.6,5,3,9
2023-09-21 06:00:00,7,303.9,6,3,9
2023-09-21 07:00:00,11,513.3,7,3,9
2023-09-21 08:00:00,19,848.5,8,3,9
2023-09-21 09:00:00,26,1099.3,9,3,9
2023-09-21 10:00:00,18,863.5,10,3,9
2023-09-21 11:00:00,21,1133.3,11,3,9
2023-09-21 12:00:00,18,893.2,12,3,9
2023-09-21 13:00:00,15,654.5,13,3,9
2023-09-21 14:00:00,28,1448.1,14,3,9
2023-09-21 15:00:00,18,813.1,15,3,9
2023-09-21 16:00:00,18,988.0,16,3,9
2023-09-21 17:00:00,9,373.4,17,3,9
2023-09-21 18:00:00,12,567.3,18,3,9
2023-09-21 19:00:00,6,302.2,19,3,9
2023-09-21 20:00:00,5,220.3,20,3,9
2023-09-21 21:00:00,7,325.1,21,3,9
2023-09-21 22:00:00,3,107.6,22,3,9
2023-09-21 23:00:00,4,163.0,23,3,9
2023-09-22 00:00:00,1,34.4,0,4,9
2023-09-22 01:00:00,1,40.8,1,4,9
2023-09-22 02:00:00,2,124.4,2,4,9
2023-09-22 03:00:00,1,37.7,3,4,9
2023-09-22 04:00:00,4,153.1,4,4,9
2023-09-22 05:00:00,4,162.2,5,4,9
2023-09-22 06:00:00,4,203.2,6,4,9
2023-09-22 07:00:00,7,309.1,7,4,9
2023-09-22 08:00:00,16,652.6,8,4,9
2023-09-22 09:00:00,17,783.0,9,4,9
2023-09-22 10:00:00,17,781.9,10,4,9
2023-09-22 11:00:00,25,1041.2,11,4,9
2023-09-22 12:00:00,16,764.2,12,4,9
2023-09-22 13:00:00,22,1080.0,13,4,9
2023-09-22 14:00:00,25,1116.6,14,4,9
2023-09-22 15:00:00,18,982.4,15,4,9
2023-09-22 16:00:00,15,722.9,16,4,9
2023-09-22 17:00:00,17,824.1,17,4,9
2023-09-22 18:00:00,12,550.6,18,4,9
2023-09-22 19:00:00,9,449.2,19,4,9
2023-09-22 20:00:00,2,109.6,20,4,9
2023-09-22 21:00:00,9,470.8,21,4,9
2023-09-22 22:00:00,3,103.5,22,4,9
2023-09-22 23:00:00,1,66.9,23,4,9
2023-09-23 00:00:00,0,0.0,0,5,9
2023-09-23 01:00:00,0,0.0,1,5,9
2023-09-23 02:00:00,1,45.8,2,5,9
2023-09-23 03:00:00,3,125.5,3,5,9
2023-09-23 04:00:00,2,115.5,4,5,9
2023-09-23 05:00:00,5,192.2,5,5,9
2023-09-23 06:00:00,4,217.0,6,5,9
2023-09-23 07:00:00,6,212.5,7,5,9
2023-09-23 08:00:00,8,350.0,8,5,9
2023-09-23 09:00:00,19,795.8,9,5,9
2023-09-23 10:00:00,15,691.7,10,5,9
2023-09-23 11:00:00,13,563.8,11,5,9
2023-09-23 12:00:00,12,552.0,12,5,9
2023-09-23 13:00:00,21,947.7,13,5,9
2023-09-23 14:00:00,17,796.9,14,5,9
2023-09-23 15:00:00,14,600.5,15,5,9
2023-09-23 16:00:00,9,460.9,16,5,9
2023-09-23 17:00:00,5,236.7,17,5,9
2023-09-23 18:00:00,5,191.2,18,5,9
2023-09-23 19:00:00,6,265.8,19,5,9
2023-09-23 20:00:00,6,255.0,20,5,9
2023-09-23 21:00:00,2,104.6,21,5,9
2023-09-23 22:00:00,2,82.7,22,5,9
2023-09-23 23:00:00,5,198.6,23,5,9
2023-09-24 00:00:00,2,136.0,0,6,9
2023-09-24 01:00:00,1,53.7,1,6,9
2023-09-24 02:00:00,1,33.1,2,6,9
2023-09-24 03:00:00,3,153.2,3,6,9
2023-09-24 04:00:00,0,0.0,4,6,9
2023-09-24 05:00:00,1,63.5,5,6,9
2023-09-24 06:00:00,5,272.1,6,6,9
2023-09-24 07:00:00,7,381.1,7,6,9
2023-09-24 08:00:00,12,568.4,8,6,9
2023-09-24 09:00:00,17,783.8000000000001,9,6,9
2023-09-24 10:00:00,19,882.5,10,6,9
2023-09-24 11:00:00,16,703.9,11,6,9
2023-09-24 12:00:00,17,853.2,12,6,9
2023-09-24 13:00:00,24,1097.4,13,6,9
2023-09-24 14:00:00,17,1024.7,14,6,9
2023-09-24 15:00:00,10,597.3,15,6,9
2023-09-24 16:00:00,13,582.2,16,6,9
2023-09-24 17:00:00,14,613.8,17,6,9
2023-09-24 18:00:00,9,481.6,18,6,9
2023-09-24 19:00:00,6,276.9,19,6,9
2023-09-24 20:00:00,5,229.4,20,6,9
2023-09-24 21:00:00,5,275.3,21,6,9
2023-09-24 22:00:00,2,54.2,22,6,9
2023-09-24 23:00:00,1,49.4,23,6,9
2023-09-25 00:00:00,3,159.5,0,0,9
2023-09-25 01:00:00,7,302.2,1,0,9
2023-09-25 02:00:00,4,146.9,2,0,9
2023-09-25 03:00:00,5,181.60000000000002,3,0,9
2023-09-25 04:00:00,1,50.8,4,0,9
2023-09-25 05:00:00,5,211.3,5,0,9
2023-09-25 06:00:00,4,202.7,6,0,9
2023-09-25 07:00:00,6,265.2,7,0,9
2023-09-25 08:00:00,12,563.3,8,0,9
2023-09-25 09:00:00,15,739.4,9,0,9
2023-09-25 10:00:00,23,1083.2,10,0,9
2023-09-25 11:00:00,25,1167.0,11,0,9
2023-09-25 12:00:00,24,1110.2,12,0,9
2023-09-25 13:00:00,25,1147.4,13,0,9
2023-09-25 14:00:00,16,821.1,14,0,9
2023-09-25 15:00:00,10,521.2,15,0,9
2023-09-25 16:00:00,24,1141.9,16,0,9
2023-09-25 17:00:00,10,486.9,17,0,9
2023-09-25 18:00:00,14,703.5,18,0,9
2023-09-25 19:00:00,15,631.6,19,0,9
2023-09-25 20:00:00,9,401.2,20,0,9
2023-09-25 21:00:00,8,311.7,21,0,9
2023-09-25 22:00:00,1,50.1,22,0,9
2023-09-25 23:00:00,2,114.1,23,0,9
2023-09-26 00:00:00,3,117.2,0,1,9
2023-09-26 01:00:00,2,80.1,1,1,9
2023-09-26 02:00:00,2,86.0,2,1,9
2023-09-26 03:00:00,2,62.1,3,1,9
2023-09-26 04:00:00,3,115.8,4,1,9
2023-09-26 05:00:00,3,149.1,5,1,9
2023-09-26 06:00:00,8,409.29999999999995,6,1,9
2023-09-26 07:00:00,9,433.2,7,1,9
2023-09-26 08:00:00,14,682.9,8,1,9
2023-09-26 09:00:00,16,721.3,9,1,9
2023-09-26 10:00:00,23,1209.4,10,1,9
2023-09-26 11:00:00,21,1087.6,11,1,9
2023-09-26 12:00:00,22,1066.2,12,1,9
2023-09-26 13:00:00,29,1369.3,13,1,9
2023-09-26 14:00:00,22,1196.1,14,1,9
2023-09-26 15:00:00,7,363.7,15,1,9
2023-09-26 16:00:00,18,967.2,16,1,9
2023-09-26 17:00:00,13,597.0,17,1,9
2023-09-26 18:00:00,13,628.4,18,1,9
2023-09-26 19:00:00,5,224.3,19,1,9
2023-09-26 20:00:00,4,195.39999999999998,20,1,9
2023-09-26 21:00:00,6,316.0,21,1,9
2023-09-26 22:00:00,3,145.7,22,1,9
2023-09-26 23:00:00,0,0.0,23,1,9
2023-09-27 00:00:00,4,205.9,0,2,9
2023-09-27 01:00:00,0,0.0,1,2,9
2023-09-27 02:00:00,0,0.0,2,2,9
2023-09-27 03:00:00,2,106.2,3,2,9
2023-09-27 04:00:00,4,202.2,4,2,9
2023-09-27 05:00:00,7,273.5,5,2,9
2023-09-27 06:00:00,8,398.9,6,2,9
2023-09-27 07:00:00,5,170.6,7,2,9
2023-09-27 08:00:00,14,603.3,8,2,9
2023-09-27 09:00:00,17,822.3,9,2,9
2023-09-27 10:00:00,22,1020.9,10,2,9
2023-09-27 11:00:00,18,878.1,11,2,9
2023-09-27 12:00:00,19,892.4,12,2,9
2023-09-27 13:00:00,26,1171.5,13,2,9
2023-09-27 14:00:00,21,1035.4,14,2,9
2023-09-27 15:00:00,20,841.9,15,2,9
2023-09-27 16:00:00,19,879.8000000000001,16,2,9
2023-09-27 17:00:00,21,956.3,17,2,9
2023-09-27 18:00:00,9,510.3,18,2,9
2023-09-27 19:00:00,12,513.3,19,2,9
2023-09-27 20:00:00,8,396.3,20,2,9
2023-09-27 21:00:00,6,341.6,21,2,9
2023-09-27 22:00:00,5,256.2,22,2,9
2023-09-27 23:00:00,4,255.6,23,2,9
2023-09-28 00:00:00,2,160.0,0,3,9
2023-09-28 01:00:00,3,158.9,1,3,9
2023-09-28 02:00:00,0,0.0,2,3,9
2023-09-28 03:00:00,4,128.3,3,3,9
2023-09-28 04:00:00,2,70.30000000000001,4,3,9
2023-09-28 05:00:00,11,489.3,5,3,9
2023-09-28 06:00:00,0,0.0,6,3,9
2023-09-28 07:00:00,8,413.0,7,3,9
2023-09-28 08:00:00,6,354.7,8,3,9
2023-09-28 09:00:00,16,788.4,9,3,9
2023-09-28 10:00:00,29,1392.9,10,3,9
2023-09-28 11:00:00,22,1078.5,11,3,9
2023-09-28 12:00:00,23,1106.0,12,3,9
2023-09-28 13:00:00,25,1063.5,13,3,9
2023-09-28 14:00:00,15,669.9,14,3,9
2023-09-28 15:00:00,14,727.1,15,3,9
2023-09-28 16:00:00,24,1365.4,16,3,9
2023-09-28 17:00:00,13,612.0,17,3,9
2023-09-28 18:00:00,16,771.1,18,3,9
2023-09-28 19:00:00,9,373.3,19,3,9
2023-09-28 20:00:00,10,490.5,20,3,9
2023-09-28 21:00:00,5,211.5,21,3,9
2023-09-28 22:00:00,5,228.7,22,3,9
2023-09-28 23:00:00,2,86.4,23,3,9
2023-09-29 00:00:00,3,161.6,0,4,9
2023-09-29 01:00:00,5,192.5,1,4,9
2023-09-29 02:00:00,5,208.7,2,4,9
2023-09-29 03:00:00,1,77.7,3,4,9
2023-09-29 04:00:00,0,0.0,4,4,9
2023-09-29 05:00:00,9,428.1,5,4,9
2023-09-29 06:00:00,5,181.9,6,4,9
2023-09-29 07:00:00,9,370.6,7,4,9
2023-09-29 08:00:00,19,943.7,8,4,9
2023-09-29 09:00:00,18,836.6,9,4,9
2023-09-29 10:00:00,18,880.8,10,4,9
2023-09-29 11:00:00,19,870.8,11,4,9
2023-09-29 12:00:00,22,898.1,12,4,9
2023-09-29 13:00:00,15,642.9,13,4,9
2023-09-29 14:00:00,15,648.0,14,4,9
2023-09-29 15:00:00,12,472.0,15,4,9
2023-09-29 16:00:00,11,541.3,16,4,9
2023-09-29 17:00:00,23,1075.4,17,4,9
2023-09-29 18:00:00,14,588.8,18,4,9
2023-09-29 19:00:00,13,642.3,19,4,9
2023-09-29 20:00:00,6,308.09999999999997,20,4,9
2023-09-29 21:00:00,4,154.9,21,4,9
2023-09-29 22:00:00,1,30.1,22,4,9
2023-09-29 23:00:00,3,93.8,23,4,9
2023-09-30 00:00:00,2,66.1,0,5,9
2023-09-30 01:00:00,2,70.69999999999999,1,5,9
2023-09-30 02:00:00,1,77.8,2,5,9
2023-09-30 03:00:00,1,33.3,3,5,9
2023-09-30 04:00:00,0,0.0,4,5,9
2023-09-30 05:00:00,2,66.9,5,5,9
2023-09-30 06:00:00,7,285.8,6,5,9
2023-09-30 07:00:00,7,345.1,7,5,9
2023-09-30 08:00:00,7,301.0,8,5,9
2023-09-30 09:00:00,13,641.8,9,5,9
2023-09-30 10:00:00,17,902.0,10,5,9
2023-09-30 11:00:00,18,796.1,11,5,9
2023-09-30 12:00:00,14,630.4,12,5,9
2023-09-30 13:00:00,12,551.8,13,5,9
2023-09-30 14:00:00,18,774.4,14,5,9
2023-09-30 15:00:00,11,499.0,15,5,9
2023-09-30 16:00:00,13,620.2,16,5,9
2023-09-30 17:00:00,6,289.9,17,5,9
2023-09-30 18:00:00,10,415.8,18,5,9
2023-09-30 19:00:00,7,230.10000000000002,19,5,9
2023-09-30 20:00:00,6,321.3,20,5,9
2023-09-30 21:00:00,3,161.5,21,5,9
2023-09-30 22:00:00,2,106.0,22,5,9
2023-09-30 23:00:00,1,77.0,23,5,9
2023-10-01 00:00:00,0,0.0,0,6,10
2023-10-01 01:00:00,0,0.0,1,6,10
2023-10-01 02:00:00,2,127.7,2,6,10
2023-10-01 03:00:00,1,28.0,3,6,10
2023-10-01 04:00:00,1,29.8,4,6,10
2023-10-01 05:00:00,5,213.0,5,6,10
2023-10-01 06:00:00,7,344.0,6,6,10
2023-10-01 07:00:00,5,235.0,7,6,10
2023-10-01 08:00:00,9,346.1,8,6,10
2023-10-01 09:00:00,19,1018.1,9,6,10
2023-10-01 10:00:00,19,866.6,10,6,10
2023-10-01 11:00:00,12,579.7,11,6,10
2023-10-01 12:00:00,19,848.8,12,6,10
2023-10-01 13:00:00,13,572.4,13,6,10
2023-10-01 14:00:00,19,908.3,14,6,10
2023-10-01 15:00:00,14,606.9,15,6,10
2023-10-01 16:00:00,10,569.9,16,6,10
2023-10-01 17:00:00,11,448.9,17,6,10
2023-10-01 18:00:00,7,285.0,18,6,10
2023-10-01 19:00:00,6,278.2,19,6,10
2023-10-01 20:00:00,4,148.4,20,6,10
2023-10-01 21:00:00,4,249.6,21,6,10
2023-10-01 22:00:00,1,30.6,22,6,10
2023-10-01 23:00:00,1,33.2,23,6,10
2023-10-02 00:00:00,4,149.5,0,0,10
2023-10-02 01:00:00,2,76.4,1,0,10
2023-10-02 02:00:00,2,79.4,2,0,10
2023-10-02 03:00:00,2,84.9,3,0,10
2023-10-02 04:00:00,2,80.6,4,0,10
2023-10-02 05:00:00,7,309.1,5,0,10
2023-10-02 06:00:00,10,480.7,6,0,10
2023-10-02 07:00:00,9,399.1,7,0,10
2023-10-02 08:00:00,18,920.5,8,0,10
2023-10-02 09:00:00,18,797.8,9,0,10
2023-10-02 10:00:00,24,1191.9,10,0,10
2023-10-02 11:00:00,14,765.8,11,0,10
2023-10-02 12:00:00,14,683.0,12,0,10
2023-10-02 13:00:00,24,998.3,13,0,10
2023-10-02 14:00:00,28,1492.3,14,0,10
2023-10-02 15:00:00,21,975.0,15,0,10
2023-10-02 16:00:00,16,740.4,16,0,10
2023-10-02 17:00:00,9,425.0,17,0,10
2023-10-02 18:00:00,10,430.2,18,0,10
2023-10-02 19:00:00,11,562.9,19,0,10
2023-10-02 20:00:00,8,337.2,20,0,10
2023-10-02 21:00:00,1,51.7,21,0,10
2023-10-02 22:00:00,1,75.4,22,0,10
2023-10-02 23:00:00,4,177.70000000000002,23,0,10
2023-10-03 00:00:00,1,43.1,0,1,10
2023-10-03 01:00:00,2,131.8,1,1,10
2023-10-03 02:00:00,2,122.7,2,1,10
2023-10-03 03:00:00,1,48.6,3,1,10
2023-10-03 04:00:00,7,289.9,4,1,10
2023-10-03 05:00:00,3,115.89999999999999,5,1,10
2023-10-03 06:00:00,6,218.9,6,1,10
2023-10-03 07:00:00,7,286.0,7,1,10
2023-10-03 08:00:00,12,559.9,8,1,10
2023-10-03 09:00:00,13,575.6,9,1,10
2023-10-03 10:00:00,14,686.9,10,1,10
2023-10-03 11:00:00,25,987.2,11,1,10
2023-10-03 12:00:00,20,867.7,12,1,10
2023-10-03 13:00:00,15,602.9,13,1,10
2023-10-03 14:00:00,30,1443.0,14,1,10
2023-10-03 15:00:00,11,422.2,15,1,10
2023-10-03 16:00:00,16,813.9,16,1,10
2023-10-03 17:00:00,13,569.0,17,1,10
2023-10-03 18:00:00,17,829.9000000000001,18,1,10
2023-10-03 19:00:00,18,739.6,19,1,10
2023-10-03 20:00:00,7,428.0,20,1,10
2023-10-03 21:00:00,8,447.5,21,1,10
2023-10-03 22:00:00,3,95.10000000000001,22,1,10
2023-10-03 23:00:00,0,0.0,23,1,10
2023-10-04 00:00:00,0,0.0,0,2,10
2023-10-04 01:00:00,1,35.4,1,2,10
2023-10-04 02:00:00,5,182.6,2,2,10
2023-10-04 03:00:00,2,112.1,3,2,10
2023-10-04 04:00:00,4,159.5,4,2,10
2023-10-04 05:00:00,4,236.5,5,2,10
2023-10-04 06:00:00,6,290.4,6,2,10
2023-10-04 07:00:00,9,516.3,7,2,10
2023-10-04 08:00:00,15,740.4,8,2,10
2023-10-04 09:00:00,19,885.4,9,2,10
2023-10-04 10:00:00,21,918.2,10,2,10
2023-10-04 11:00:00,29,1480.8,11,2,10
2023-10-04 12:00:00,27,1219.3,12,2,10
2023-10-04 13:00:00,13,602.0,13,2,10
2023-10-04 14:00:00,17,739.7,14,2,10
2023-10-04 15:00:00,23,1110.1,15,2,10
2023-10-04 16:00:00,17,737.8,16,2,10
2023-10-04 17:00:00,5,247.6,17,2,10
2023-10-04 18:00:00,13,632.9,18,2,10
2023-10-04 19:00:00,9,467.8,19,2,10
2023-10-04 20:00:00,7,337.1,20,2,10
2023-10-04 21:00:00,4,190.5,21,2,10
2023-10-04 22:00:00,3,181.0,22,2,10
2023-10-04 23:00:00,3,138.79999999999998,23,2,10
2023-10-05 00:00:00,2,71.7,0,3,10
2023-10-05 01:00:00,3,154.1,1,3,10
2023-10-05 02:00:00,1,31.2,2,3,10
2023-10-05 03:00:00,1,47.0,3,3,10
2023-10-05 04:00:00,1,28.4,4,3,10
2023-10-05 05:00:00,3,133.4,5,3,10
2023-10-05 06:00:00,3,129.6,6,3,10
2023-10-05 07:00:00,11,524.1,7,3,10
2023-10-05 08:00:00,16,743.6,8,3,10
2023-10-05 09:00:00,16,824.3,9,3,10
2023-10-05 10:00:00,19,848.8,10,3,10
2023-10-05 11:00:00,24,1251.8,11,3,10
2023-10-05 12:00:00,16,812.6,12,3,10
2023-10-05 13:00:00,15,690.8,13,3,10
2023-10-05 14:00:00,16,834.5,14,3,10
2023-10-05 15:00:00,16,744.4,15,3,10
2023-10-05 16:00:00,11,489.1,16,3,10
2023-10-05 17:00:00,11,584.7,17,3,10
2023-10-05 18:00:00,12,628.2,18,3,10
2023-10-05 19:00:00,13,578.0,19,3,10
2023-10-05 20:00:00,8,400.59999999999997,20,3,10
2023-10-05 21:00:00,1,48.1,21,3,10
2023-10-05 22:00:00,1,38.4,22,3,10
2023-10-05 23:00:00,1,34.4,23,3,10
2023-10-06 00:00:00,1,28.2,0,4,10
2023-10-06 01:00:00,1,80.0,1,4,10
2023-10-06 02:00:00,2,69.4,2,4,10
2023-10-06 03:00:00,1,56.2,3,4,10
2023-10-06 04:00:00,3,147.7,4,4,10
2023-10-06 05:00:00,6,298.4,5,4,10
2023-10-06 06:00:00,4,191.60000000000002,6,4,10
2023-10-06 07:00:00,13,649.1,7,4,10
2023-10-06 08:00:00,9,475.3,8,4,10
2023-10-06 09:00:00,15,641.5,9,4,10
2023-10-06 10:00:00,17,738.9,10,4,10
2023-10-06 11:00:00,26,1174.3,11,4,10
2023-10-06 12:00:00,23,1086.1,12,4,10
2023-10-06 13:00:00,16,718.7,13,4,10
2023-10-06 14:00:00,16,674.1,14,4,10
2023-10-06 15:00:00,12,646.0,15,4,10
2023-10-06 16:00:00,14,679.4,16,4,10
2023-10-06 17:00:00,12,525.9,17,4,10
2023-10-06 18:00:00,7,289.9,18,4,10
2023-10-06 19:00:00,4,202.5,19,4,10
2023-10-06 20:00:00,5,272.5,20,4,10
2023-10-06 21:00:00,4,186.1,21,4,10
2023-10-06 22:00:00,4,236.4,22,4,10
2023-10-06 23:00:00,2,72.2,23,4,10
2023-10-07 00:00:00,2,115.2,0,5,10
2023-10-07 01:00:00,0,0.0,1,5,10
2023-10-07 02:00:00,0,0.0,2,5,10
2023-10-07 03:00:00,6,236.2,3,5,10
2023-10-07 04:00:00,2,121.9,4,5,10
2023-10-07 05:00:00,1,72.7,5,5,10
2023-10-07 06:00:00,5,270.3,6,5,10
2023-10-07 07:00:00,7,249.6,7,5,10
2023-10-07 08:00:00,7,391.4,8,5,10
2023-10-07 09:00:00,20,1013.1,9,5,10
2023-10-07 10:00:00,20,797.3,10,5,10
2023-10-07 11:00:00,11,530.0,11,5,10
2023-10-07 12:00:00,19,1040.5,12,5,10
2023-10-07 13:00:00,17,779.3,13,5,10
2023-10-07 14:00:00,13,594.6999999999999,14,5,10
2023-10-07 15:00:00,12,507.4,15,5,10
2023-10-07 16:00:00,16,702.9,16,5,10
2023-10-07 17:00:00,8,337.4,17,5,10
2023-10-07 18:00:00,9,478.0,18,5,10
2023-10-07 19:00:00,7,292.3,19,5,10
2023-10-07 20:00:00,5,244.2,20,5,10
2023-10-07 21:00:00,1,78.3,21,5,10
2023-10-07 22:00:00,1,40.3,22,5,10
2023-10-07 23:00:00,4,226.2,23,5,10
2023-10-08 00:00:00,1,67.6,0,6,10
2023-10-08 01:00:00,0,0.0,1,6,10
2023-10-08 02:00:00,1,55.1,2,6,10
2023-10-08 03:00:00,1,48.2,3,6,10
2023-10-08 04:00:00,5,284.6,4,6,10
2023-10-08 05:00:00,4,224.7,5,6,10
2023-10-08 06:00:00,3,133.1,6,6,10
2023-10-08 07:00:00,6,339.0,7,6,10
2023-10-08 08:00:00,17,831.2,8,6,10
2023-10-08 09:00:00,11,532.0,9,6,10
2023-10-08 10:00:00,17,856.2,10,6,10
2023-10-08 11:00:00,19,957.5,11,6,10
2023-10-08 12:00:00,14,616.7,12,6,10
2023-10-08 13:00:00,15,709.6,13,6,10
2023-10-08 14:00:00,14,620.3,14,6,10
2023-10-08 15:00:00,13,604.3,15,6,10
2023-10-08 16:00:00,16,701.3,16,6,10
2023-10-08 17:00:00,9,350.5,17,6,10
2023-10-08 18:00:00,9,502.70000000000005,18,6,10
2023-10-08 19:00:00,5,241.0,19,6,10
2023-10-08 20:00:00,3,110.0,20,6,10
2023-10-08 21:00:00,5,301.9,21,6,10
2023-10-08 22:00:00,1,32.4,22,6,10
2023-10-08 23:00:00,2,65.30000000000001,23,6,10
2023-10-09 00:00:00,2,70.0,0,0,10
2023-10-09 01:00:00,3,135.2,1,0,10
2023-10-09 02:00:00,1,73.1,2,0,10
2023-10-09 03:00:00,1,35.3,3,0,10
2023-10-09 04:00:00,1,51.0,4,0,10
2023-10-09 05:00:00,8,425.4,5,0,10
2023-10-09 06:00:00,6,331.7,6,0,10
2023-10-09 07:00:00,9,376.3,7,0,10
2023-10-09 08:00:00,16,825.1,8,0,10
2023-10-09 09:00:00,19,915.3,9,0,10
2023-10-09 10:00:00,11,491.4,10,0,10
2023-10-09 11:00:00,17,774.9,11,0,10
2023-10-09 12:00:00,16,638.3,12,0,10
2023-10-09 13:00:00,27,1150.8,13,0,10
2023-10-09 14:00:00,27,1247.8,14,0,10
2023-10-09 15:00:00,17,838.5,15,0,10
2023-10-09 16:00:00,16,770.1,16,0,10
2023-10-09 17:00:00,18,775.1,17,0,10
2023-10-09 18:00:00,9,362.90000000000003,18,0,10
2023-10-09 19:00:00,8,444.0,19,0,10
2023-10-09 20:00:00,8,411.7,20,0,10
2023-10-09 21:00:00,12,516.2,21,0,10
2023-10-09 22:00:00,1,52.3,22,0,10
2023-10-09 23:00:00,2,110.7,23,0,10
2023-10-10 00:00:00,4,130.7,0,1,10
2023-10-10 01:00:00,5,307.59999999999997,1,1,10
2023-10-10 02:00:00,1,52.9,2,1,10
2023-10-10 03:00:00,2,73.3,3,1,10
2023-10-10 04:00:00,5,236.60000000000002,4,1,10
2023-10-10 05:00:00,6,328.8,5,1,10
2023-10-10 06:00:00,7,369.2,6,1,10
2023-10-10 07:00:00,8,305.6,7,1,10
2023-10-10 08:00:00,7,312.9,8,1,10
2023-10-10 09:00:00,17,854.6,9,1,10
2023-10-10 10:00:00,22,1127.3,10,1,10
2023-10-10 11:00:00,17,811.6,11,1,10
2023-10-10 12:00:00,25,1122.8,12,1,10
2023-10-10 13:00:00,17,678.9,13,1,10
2023-10-10 14:00:00,24,1184.8,14,1,10
2023-10-10 15:00:00,13,710.5,15,1,10
2023-10-10 16:00:00,17,744.9,16,1,10
2023-10-10 17:00:00,17,809.7,17,1,10
2023-10-10 18:00:00,16,740.9,18,1,10
2023-10-10 19:00:00,9,453.3,19,1,10
2023-10-10 20:00:00,7,301.0,20,1,10
2023-10-10 21:00:00,9,362.1,21,1,10
2023-10-10 22:00:00,3,113.1,22,1,10
2023-10-10 23:00:00,4,238.20000000000002,23,1,10
2023-10-11 00:00:00,3,165.3,0,2,10
2023-10-11 01:00:00,2,64.6,1,2,10
2023-10-11 02:00:00,1,75.1,2,2,10
2023-10-11 03:00:00,4,189.7,3,2,10
2023-10-11 04:00:00,2,103.0,4,2,10
2023-10-11 05:00:00,4,215.3,5,2,10
2023-10-11 06:00:00,7,257.1,6,2,10
2023-10-11 07:00:00,12,487.70000000000005,7,2,10
2023-10-11 08:00:00,12,662.1,8,2,10
2023-10-11 09:00:00,19,1005.6,9,2,10
2023-10-11 10:00:00,24,1088.7,10,2,10
2023-10-11 11:00:00,26,1084.2,11,2,10
2023-10-11 12:00:00,19,838.2,12,2,10
2023-10-11 13:00:00,16,810.8,13,2,10
2023-10-11 14:00:00,24,1155.4,14,2,10
2023-10-11 15:00:00,20,878.5,15,2,10
2023-10-11 16:00:00,19,873.9,16,2,10
2023-10-11 17:00:00,9,406.6,17,2,10
2023-10-11 18:00:00,8,270.2,18,2,10
2023-10-11 19:00:00,4,177.60000000000002,19,2,10
2023-10-11 20:00:00,8,366.9,20,2,10
2023-10-11 21:00:00,7,285.0,21,2,10
2023-10-11 22:00:00,3,124.30000000000001,22,2,10
2023-10-11 23:00:00,6,273.7,23,2,10
2023-10-12 00:00:00,3,115.30000000000001,0,3,10
2023-10-12 01:00:00,1,70.2,1,3,10
2023-10-12 02:00:00,2,77.3,2,3,10
2023-10-12 03:00:00,1,70.5,3,3,10
2023-10-12 04:00:00,1,72.2,4,3,10
2023-10-12 05:00:00,4,143.9,5,3,10
2023-10-12 06:00:00,4,145.0,6,3,10
2023-10-12 07:00:00,14,582.9,7,3,10
2023-10-12 08:00:00,12,428.7,8,3,10
2023-10-12 09:00:00,16,877.7,9,3,10
2023-10-12 10:00:00,17,926.4,10,3,10
2023-10-12 11:00:00,26,1145.9,11,3,10
2023-10-12 12:00:00,17,925.0,12,3,10
2023-10-12 13:00:00,20,893.5,13,3,10
2023-10-12 14:00:00,16,853.8,14,3,10
2023-10-12 15:00:00,20,871.6,15,3,10
2023-10-12 16:00:00,10,486.1,16,3,10
2023-10-12 17:00:00,13,626.9,17,3,10
2023-10-12 18:00:00,10,484.1,18,3,10
2023-10-12 19:00:00,5,223.1,19,3,10
2023-10-12 20:00:00,5,233.6,20,3,10
2023-10-12 21:00:00,1,75.3,21,3,10
2023-10-12 22:00:00,6,351.70000000000005,22,3,10
2023-10-12 23:00:00,1,32.9,23,3,10
2023-10-13 00:00:00,1,48.6,0,4,10
2023-10-13 01:00:00,4,189.2,1,4,10
2023-10-13 02:00:00,4,185.1,2,4,10
2023-10-13 03:00:00,2,79.0,3,4,10
2023-10-13 04:00:00,0,0.0,4,4,10
2023-10-13 05:00:00,4,154.1,5,4,10
2023-10-13 06:00:00,13,642.5,6,4,10
2023-10-13 07:00:00,11,471.0,7,4,10
2023-10-13 08:00:00,8,413.7,8,4,10
2023-10-13 09:00:00,25,1015.7,9,4,10
2023-10-13 10:00:00,17,823.7,10,4,10
2023-10-13 11:00:00,19,914.1999999999999,11,4,10
2023-10-13 12:00:00,23,989.9,12,4,10
2023-10-13 13:00:00,19,871.8,13,4,10
2023-10-13 14:00:00,14,812.0,14,4,10
2023-10-13 15:00:00,14,678.1999999999999,15,4,10
2023-10-13 16:00:00,14,604.5,16,4,10
2023-10-13 17:00:00,19,921.4,17,4,10
2023-10-13 18:00:00,12,610.0,18,4,10
2023-10-13 19:00:00,11,578.0,19,4,10
2023-10-13 20:00:00,5,249.79999999999998,20,4,10
2023-10-13 21:00:00,3,98.0,21,4,10
2023-10-13 22:00:00,2,160.0,22,4,10
2023-10-13 23:00:00,3,155.0,23,4,10
2023-10-14 00:00:00,0,0.0,0,5,10
2023-10-14 01:00:00,3,97.5,1,5,10
2023-10-14 02:00:00,3,185.5,2,5,10
2023-10-14 03:00:00,2,81.80000000000001,3,5,10
2023-10-14 04:00:00,4,158.0,4,5,10
2023-10-14 05:00:00,1,78.4,5,5,10
2023-10-14 06:00:00,3,183.8,6,5,10
2023-10-14 07:00:00,10,469.3,7,5,10
2023-10-14 08:00:00,11,546.2,8,5,10
2023-10-14 09:00:00,14,643.0,9,5,10
2023-10-14 10:00:00,13,572.1,10,5,10
2023-10-14 11:00:00,13,583.9,11,5,10
2023-10-14 12:00:00,21,910.6,12,5,10
2023-10-14 13:00:00,16,770.7,13,5,10
2023-10-14 14:00:00,9,373.7,14,5,10
2023-10-14 15:00:00,22,1092.4,15,5,10
2023-10-14 16:00:00,11,530.0,16,5,10
2023-10-14 17:00:00,8,410.5,17,5,10
2023-10-14 18:00:00,8,270.4,18,5,10
2023-10-14 19:00:00,8,332.9,19,5,10
2023-10-14 20:00:00,4,185.2,20,5,10
2023-10-14 21:00:00,3,166.2,21,5,10
2023-10-14 22:00:00,3,115.2,22,5,10
2023-10-14 23:00:00,0,0.0,23,5,10
2023-10-15 00:00:00,0,0.0,0,6,10
2023-10-15 01:00:00,2,102.4,1,6,10
2023-10-15 02:00:00,3,109.80000000000001,2,6,10
2023-10-15 03:00:00,0,0.0,3,6,10
2023-10-15 04:00:00,0,0.0,4,6,10
2023-10-15 05:00:00,1,27.8,5,6,10
2023-10-15 06:00:00,6,206.1,6,6,10
2023-10-15 07:00:00,14,701.9,7,6,10
2023-10-15 08:00:00,7,293.5,8,6,10
2023-10-15 09:00:00,6,294.3,9,6,10
2023-10-15 10:00:00,19,1003.1,10,6,10
2023-10-15 11:00:00,14,654.8,11,6,10
2023-10-15 12:00:00,14,693.6,12,6,10
2023-10-15 13:00:00,19,916.3,13,6,10
2023-10-15 14:00:00,17,755.0,14,6,10
2023-10-15 15:00:00,10,472.6,15,6,10
2023-10-15 16:00:00,9,363.4,16,6,10
2023-10-15 17:00:00,12,542.8,17,6,10
2023-10-15 18:00:00,7,366.2,18,6,10
2023-10-15 19:00:00,7,284.3,19,6,10
2023-10-15 20:00:00,4,194.4,20,6,10
2023-10-15 21:00:00,2,81.2,21,6,10
2023-10-15 22:00:00,2,107.5,22,6,10
2023-10-15 23:00:00,2,83.0,23,6,10
2023-10-16 00:00:00,4,236.2,0,0,10
2023-10-16 01:00:00,0,0.0,1,0,10
2023-10-16 02:00:00,1,79.6,2,0,10
2023-10-16 03:00:00,1,53.5,3,0,10
2023-10-16 04:00:00,3,101.0,4,0,10
2023-10-16 05:00:00,6,285.1,5,0,10
2023-10-16 06:00:00,14,642.3,6,0,10
2023-10-16 07:00:00,10,459.6,7,0,10
2023-10-16 08:00:00,19,936.9,8,0,10
2023-10-16 09:00:00,20,991.8,9,0,10
2023-10-16 10:00:00,25,1170.0,10,0,10
2023-10-16 11:00:00,17,798.2,11,0,10
2023-10-16 12:00:00,19,884.4,12,0,10
2023-10-16 13:00:00,21,869.7,13,0,10
2023-10-16 14:00:00,19,808.3,14,0,10
2023-10-16 15:00:00,12,574.3,15,0,10
2023-10-16 16:00:00,11,588.3,16,0,10
2023-10-16 17:00:00,10,457.20000000000005,17,0,10
2023-10-16 18:00:00,9,444.6,18,0,10
2023-10-16 19:00:00,7,380.1,19,0,10
2023-10-16 20:00:00,9,427.90000000000003,20,0,10
2023-10-16 21:00:00,2,117.9,21,0,10
2023-10-16 22:00:00,2,123.5,22,0,10
2023-10-16 23:00:00,4,220.2,23,0,10
2023-10-17 00:00:00,3,155.4,0,1,10
2023-10-17 01:00:00,3,114.9,1,1,10
2023-10-17 02:00:00,5,177.7,2,1,10
2023-10-17 03:00:00,0,0.0,3,1,10
2023-10-17 04:00:00,2,78.69999999999999,4,1,10
2023-10-17 05:00:00,2,64.80000000000001,5,1,10
2023-10-17 06:00:00,8,434.5,6,1,10
2023-10-17 07:00:00,4,190.1,7,1,10
2023-10-17 08:00:00,11,530.5,8,1,10
2023-10-17 09:00:00,19,829.3,9,1,10
2023-10-17 10:00:00,21,1023.9,10,1,10
2023-10-17 11:00:00,20,926.3,11,1,10
2023-10-17 12:00:00,25,1201.4,12,1,10
2023-10-17 13:00:00,22,991.3,13,1,10
2023-10-17 14:00:00,24,1072.0,14,1,10
2023-10-17 15:00:00,13,546.8,15,1,10
2023-10-17 16:00:00,16,674.7,16,1,10
2023-10-17 17:00:00,11,495.5,17,1,10
2023-10-17 18:00:00,16,749.6,18,1,10
2023-10-17 19:00:00,11,515.7,19,1,10
2023-10-17 20:00:00,9,482.2,20,1,10
2023-10-17 21:00:00,7,250.89999999999998,21,1,10
2023-10-17 22:00:00,3,105.6,22,1,10
2023-10-17 23:00:00,1,38.2,23,1,10
2023-10-18 00:00:00,4,205.4,0,2,10
2023-10-18 01:00:00,4,133.89999999999998,1,2,10
2023-10-18 02:00:00,2,91.1,2,2,10
2023-10-18 03:00:00,3,110.30000000000001,3,2,10
2023-10-18 04:00:00,2,156.7,4,2,10
2023-10-18 05:00:00,2,87.4,5,2,10
2023-10-18 06:00:00,5,241.60000000000002,6,2,10
2023-10-18 07:00:00,12,508.5,7,2,10
2023-10-18 08:00:00,10,423.7,8,2,10
2023-10-18 09:00:00,22,933.1,9,2,10
2023-10-18 10:00:00,14,691.5,10,2,10
2023-10-18 11:00:00,17,850.7,11,2,10
2023-10-18 12:00:00,25,1132.2,12,2,10
2023-10-18 13:00:00,18,849.5,13,2,10
2023-10-18 14:00:00,21,970.9,14,2,10
2023-10-18 15:00:00,9,504.0,15,2,10
2023-10-18 16:00:00,11,490.7,16,2,10
2023-10-18 17:00:00,13,711.1,17,2,10
2023-10-18 18:00:00,12,521.1,18,2,10
2023-10-18 19:00:00,7,262.09999999999997,19,2,10
2023-10-18 20:00:00,6,365.5,20,2,10
2023-10-18 21:00:00,3,138.1,21,2,10
2023-10-18 22:00:00,3,131.2,22,2,10
2023-10-18 23:00:00,0,0.0,23,2,10
2023-10-19 00:00:00,0,0.0,0,3,10
2023-10-19 01:00:00,3,159.9,1,3,10
2023-10-19 02:00:00,1,48.6,2,3,10
2023-10-19 03:00:00,3,141.60000000000002,3,3,10
2023-10-19 04:00:00,5,248.8,4,3,10
2023-10-19 05:00:00,3,112.6,5,3,10
2023-10-19 06:00:00,8,288.6,6,3,10
2023-10-19 07:00:00,7,340.3,7,3,10
2023-10-19 08:00:00,17,729.6,8,3,10
2023-10-19 09:00:00,36,1609.0,9,3,10
2023-10-19 10:00:00,22,1005.9,10,3,10
2023-10-19 11:00:00,17,756.8,11,3,10
2023-10-19 12:00:00,23,1002.5,12,3,10
2023-10-19 13:00:00,30,1467.1,13,3,10
2023-10-19 14:00:00,19,940.2,14,3,10
2023-10-19 15:00:00,15,709.5,15,3,10
2023-10-19 16:00:00,16,767.3,16,3,10
2023-10-19 17:00:00,12,497.5,17,3,10
2023-10-19 18:00:00,10,492.90000000000003,18,3,10
2023-10-19 19:00:00,8,367.0,19,3,10
2023-10-19 20:00:00,4,177.10000000000002,20,3,10
2023-10-19 21:00:00,7,291.7,21,3,10
2023-10-19 22:00:00,0,0.0,22,3,10
2023-10-19 23:00:00,4,214.7,23,3,10
2023-10-20 00:00:00,4,234.0,0,4,10
2023-10-20 01:00:00,5,182.6,1,4,10
2023-10-20 02:00:00,0,0.0,2,4,10
2023-10-20 03:00:00,2,108.2,3,4,10
2023-10-20 04:00:00,2,87.1,4,4,10
2023-10-20 05:00:00,3,101.0,5,4,10
2023-10-20 06:00:00,1,54.5,6,4,10
2023-10-20 07:00:00,12,579.6,7,4,10
2023-10-20 08:00:00,12,530.4,8,4,10
2023-10-20 09:00:00,22,1012.7,9,4,10
2023-10-20 10:00:00,22,956.8,10,4,10
2023-10-20 11:00:00,26,1213.2,11,4,10
2023-10-20 12:00:00,16,847.7,12,4,10
2023-10-20 13:00:00,15,783.1,13,4,10
2023-10-20 14:00:00,27,1228.5,14,4,10
2023-10-20 15:00:00,27,1378.7,15,4,10
2023-10-20 16:00:00,15,682.1,16,4,10
2023-10-20 17:00:00,16,724.1,17,4,10
2023-10-20 18:00:00,8,316.5,18,4,10
2023-10-20 19:00:00,18,929.3000000000001,19,4,10
2023-10-20 20:00:00,10,442.9,20,4,10
2023-10-20 21:00:00,3,144.0,21,4,10
2023-10-20 22:00:00,2,111.5,22,4,10
2023-10-20 23:00:00,6,257.1,23,4,10
2023-10-21 00:00:00,1,50.4,0,5,10
2023-10-21 01:00:00,2,113.0,1,5,10
2023-10-21 02:00:00,3,114.9,2,5,10
2023-10-21 03:00:00,1,56.1,3,5,10
2023-10-21 04:00:00,1,53.3,4,5,10
2023-10-21 05:00:00,3,165.6,5,5,10
2023-10-21 06:00:00,6,315.8,6,5,10
2023-10-21 07:00:00,6,312.0,7,5,10
2023-10-21 08:00:00,16,686.7,8,5,10
2023-10-21 09:00:00,11,463.0,9,5,10
2023-10-21 10:00:00,15,585.7,10,5,10
2023-10-21 11:00:00,18,821.0,11,5,10
2023-10-21 12:00:00,11,547.0,12,5,10
2023-10-21 13:00:00,12,580.9,13,5,10
2023-10-21 14:00:00,7,445.7,14,5,10
2023-10-21 15:00:00,20,1011.1,15,5,10
2023-10-21 16:00:00,10,469.0,16,5,10
2023-10-21 17:00:00,11,517.7,17,5,10
2023-10-21 18:00:00,3,171.2,18,5,10
2023-10-21 19:00:00,6,266.5,19,5,10
2023-10-21 20:00:00,1,30.5,20,5,10
2023-10-21 21:00:00,3,125.9,21,5,10
2023-10-21 22:00:00,0,0.0,22,5,10
2023-10-21 23:00:00,1,64.7,23,5,10
2023-10-22 00:00:00,1,50.7,0,6,10
2023-10-22 01:00:00,0,0.0,1,6,10
2023-10-22 02:00:00,4,204.3,2,6,10
2023-10-22 03:00:00,1,37.1,3,6,10
2023-10-22 04:00:00,3,124.30000000000001,4,6,10
2023-10-22 05:00:00,6,270.8,5,6,10
2023-10-22 06:00:00,3,131.4,6,6,10
2023-10-22 07:00:00,6,255.7,7,6,10
2023-10-22 08:00:00,12,463.7,8,6,10
2023-10-22 09:00:00,12,596.3,9,6,10
2023-10-22 10:00:00,17,913.9,10,6,10
2023-10-22 11:00:00,18,803.3,11,6,10
2023-10-22 12:00:00,9,415.4,12,6,10
2023-10-22 13:00:00,13,613.8,13,6,10
2023-10-22 14:00:00,10,417.0,14,6,10
2023-10-22 15:00:00,10,468.5,15,6,10
2023-10-22 16:00:00,13,554.4,16,6,10
2023-10-22 17:00:00,10,408.6,17,6,10
2023-10-22 18:00:00,8,345.4,18,6,10
2023-10-22 19:00:00,13,546.6,19,6,10
2023-10-22 20:00:00,3,114.3,20,6,10
2023-10-22 21:00:00,2,91.9,21,6,10
2023-10-22 22:00:00,1,35.7,22,6,10
2023-10-22 23:00:00,0,0.0,23,6,10
2023-10-23 00:00:00,2,81.0,0,0,10
2023-10-23 01:00:00,1,50.1,1,0,10
2023-10-23 02:00:00,1,80.0,2,0,10
2023-10-23 03:00:00,3,113.6,3,0,10
2023-10-23 04:00:00,0,0.0,4,0,10
2023-10-23 05:00:00,7,334.90000000000003,5,0,10
2023-10-23 06:00:00,5,204.0,6,0,10
2023-10-23 07:00:00,10,442.2,7,0,10
2023-10-23 08:00:00,13,580.1,8,0,10
2023-10-23 09:00:00,20,989.1,9,0,10
2023-10-23 10:00:00,22,1029.9,10,0,10
2023-10-23 11:00:00,27,1264.3,11,0,10
2023-10-23 12:00:00,30,1404.5,12,0,10
2023-10-23 13:00:00,17,821.5,13,0,10
2023-10-23 14:00:00,19,902.4,14,0,10
2023-10-23 15:00:00,24,1073.7,15,0,10
2023-10-23 16:00:00,12,597.8,16,0,10
2023-10-23 17:00:00,18,831.6,17,0,10
2023-10-23 18:00:00,9,396.0,18,0,10
2023-10-23 19:00:00,5,289.9,19,0,10
2023-10-23 20:00:00,7,364.0,20,0,10
2023-10-23 21:00:00,5,276.5,21,0,10
2023-10-23 22:00:00,3,142.1,22,0,10
2023-10-23 23:00:00,1,32.9,23,0,10
2023-10-24 00:00:00,2,70.8,0,1,10
2023-10-24 01:00:00,4,160.1,1,1,10
2023-10-24 02:00:00,1,80.0,2,1,10
2023-10-24 03:00:00,4,217.6,3,1,10
2023-10-24 04:00:00,2,128.7,4,1,10
2023-10-24 05:00:00,2,79.0,5,1,10
2023-10-24 06:00:00,10,561.9,6,1,10
2023-10-24 07:00:00,7,250.7,7,1,10
2023-10-24 08:00:00,20,899.0,8,1,10
2023-10-24 09:00:00,25,1266.6,9,1,10
2023-10-24 10:00:00,24,1103.8,10,1,10
2023-10-24 11:00:00,31,1643.0,11,1,10
2023-10-24 12:00:00,16,785.4,12,1,10
2023-10-24 13:00:00,16,685.1,13,1,10
2023-10-24 14:00:00,16,781.7,14,1,10
2023-10-24 15:00:00,19,954.6,15,1,10
2023-10-24 16:00:00,20,822.8,16,1,10
2023-10-24 17:00:00,16,823.5,17,1,10
2023-10-24 18:00:00,10,500.4,18,1,10
2023-10-24 19:00:00,8,469.5,19,1,10
2023-10-24 20:00:00,10,435.0,20,1,10
2023-10-24 21:00:00,6,291.2,21,1,10
2023-10-24 22:00:00,1,67.1,22,1,10
2023-10-24 23:00:00,5,227.0,23,1,10
2023-10-25 00:00:00,3,189.9,0,2,10
2023-10-25 01:00:00,3,115.5,1,2,10
2023-10-25 02:00:00,3,121.9,2,2,10
2023-10-25 03:00:00,2,89.1,3,2,10
2023-10-25 04:00:00,1,35.0,4,2,10
2023-10-25 05:00:00,6,218.10000000000002,5,2,10
2023-10-25 06:00:00,8,363.1,6,2,10
2023-10-25 07:00:00,9,442.2,7,2,10
2023-10-25 08:00:00,18,852.8,8,2,10
2023-10-25 09:00:00,24,1164.1,9,2,10
2023-10-25 10:00:00,14,623.6,10,2,10
2023-10-25 11:00:00,19,978.4,11,2,10
2023-10-25 12:00:00,18,783.4,12,2,10
2023-10-25 13:00:00,23,1084.9,13,2,10
2023-10-25 14:00:00,30,1574.0,14,2,10
2023-10-25 15:00:00,19,852.0,15,2,10
2023-10-25 16:00:00,16,830.6,16,2,10
2023-10-25 17:00:00,10,582.7,17,2,10
2023-10-25 18:00:00,12,615.8,18,2,10
2023-10-25 19:00:00,10,452.2,19,2,10
2023-10-25 20:00:00,6,346.8,20,2,10
2023-10-25 21:00:00,4,190.7,21,2,10
2023-10-25 22:00:00,6,353.7,22,2,10
2023-10-25 23:00:00,3,99.0,23,2,10
2023-10-26 00:00:00,6,262.9,0,3,10
2023-10-26 01:00:00,4,178.5,1,3,10
2023-10-26 02:00:00,2,89.69999999999999,2,3,10
2023-10-26 03:00:00,0,0.0,3,3,10
2023-10-26 04:00:00,0,0.0,4,3,10
2023-10-26 05:00:00,3,114.19999999999999,5,3,10
2023-10-26 06:00:00,7,341.3,6,3,10
2023-10-26 07:00:00,12,499.7,7,3,10
2023-10-26 08:00:00,10,506.7,8,3,10
2023-10-26 09:00:00,24,1120.5,9,3,10
2023-10-26 10:00:00,20,1004.9,10,3,10
2023-10-26 11:00:00,17,897.6,11,3,10
2023-10-26 12:00:00,20,928.0,12,3,10
2023-10-26 13:00:00,23,1064.6,13,3,10
2023-10-26 14:00:00,31,1392.1000000000001,14,3,10
2023-10-26 15:00:00,16,786.9,15,3,10
2023-10-26 16:00:00,21,1000.0,16,3,10
2023-10-26 17:00:00,13,544.2,17,3,10
2023-10-26 18:00:00,12,560.3,18,3,10
2023-10-26 19:00:00,6,281.20000000000005,19,3,10
2023-10-26 20:00:00,4,186.0,20,3,10
2023-10-26 21:00:00,4,177.7,21,3,10
2023-10-26 22:00:00,5,226.6,22,3,10
2023-10-26 23:00:00,2,104.4,23,3,10
2023-10-27 00:00:00,2,93.4,0,4,10
2023-10-27 01:00:00,4,149.9,1,4,10
2023-10-27 02:00:00,4,153.9,2,4,10
2023-10-27 03:00:00,1,30.7,3,4,10
2023-10-27 04:00:00,2,63.3,4,4,10
2023-10-27 05:00:00,5,230.5,5,4,10
2023-10-27 06:00:00,9,404.7,6,4,10
2023-10-27 07:00:00,12,539.3,7,4,10
2023-10-27 08:00:00,17,798.2,8,4,10
2023-10-27 09:00:00,22,1051.3,9,4,10
2023-10-27 10:00:00,22,1058.0,10,4,10
2023-10-27 11:00:00,27,1193.9,11,4,10
2023-10-27 12:00:00,27,1234.8,12,4,10
2023-10-27 13:00:00,9,351.8,13,4,10
2023-10-27 14:00:00,21,959.8,14,4,10
2023-10-27 15:00:00,19,688.5,15,4,10
2023-10-27 16:00:00,17,712.3,16,4,10
2023-10-27 17:00:00,12,554.8,17,4,10
2023-10-27 18:00:00,9,339.5,18,4,10
2023-10-27 19:00:00,9,428.8,19,4,10
2023-10-27 20:00:00,4,178.3,20,4,10
2023-10-27 21:00:00,6,219.9,21,4,10
2023-10-27 22:00:00,2,121.6,22,4,10
2023-10-27 23:00:00,1,78.6,23,4,10
2023-10-28 00:00:00,1,71.1,0,5,10
2023-10-28 01:00:00,1,49.5,1,5,10
2023-10-28 02:00:00,1,46.1,2,5,10
2023-10-28 03:00:00,0,0.0,3,5,10
2023-10-28 04:00:00,0,0.0,4,5,10
2023-10-28 05:00:00,4,122.3,5,5,10
2023-10-28 06:00:00,3,191.3,6,5,10
2023-10-28 07:00:00,6,365.2,7,5,10
2023-10-28 08:00:00,12,609.4,8,5,10
2023-10-28 09:00:00,8,418.8,9,5,10
2023-10-28 10:00:00,11,475.1,10,5,10
2023-10-28 11:00:00,14,616.0,11,5,10
2023-10-28 12:00:00,17,767.7,12,5,10
2023-10-28 13:00:00,10,500.1,13,5,10
2023-10-28 14:00:00,20,946.9,14,5,10
2023-10-28 15:00:00,14,677.1,15,5,10
2023-10-28 16:00:00,14,625.9,16,5,10
2023-10-28 17:00:00,8,384.7,17,5,10
2023-10-28 18:00:00,12,472.0,18,5,10
2023-10-28 19:00:00,8,346.7,19,5,10
2023-10-28 20:00:00,5,214.4,20,5,10
2023-10-28 21:00:00,3,132.5,21,5,10
2023-10-28 22:00:00,2,128.4,22,5,10
2023-10-28 23:00:00,4,224.2,23,5,10
2023-10-29 00:00:00,1,30.9,0,6,10
2023-10-29 01:00:00,0,0.0,1,6,10
2023-10-29 02:00:00,2,59.3,2,6,10
2023-10-29 03:00:00,3,168.6,3,6,10
2023-10-29 04:00:00,2,132.5,4,6,10
2023-10-29 05:00:00,4,207.4,5,6,10
2023-10-29 06:00:00,4,188.6,6,6,10
2023-10-29 07:00:00,13,583.6,7,6,10
2023-10-29 08:00:00,12,650.0,8,6,10
2023-10-29 09:00:00,14,689.3,9,6,10
2023-10-29 10:00:00,15,771.8,10,6,10
2023-10-29 11:00:00,9,361.4,11,6,10
2023-10-29 12:00:00,19,832.5,12,6,10
2023-10-29 13:00:00,11,475.1,13,6,10
2023-10-29 14:00:00,14,628.1,14,6,10
2023-10-29 15:00:00,15,723.6,15,6,10
2023-10-29 16:00:00,12,596.8,16,6,10
2023-10-29 17:00:00,8,332.6,17,6,10
2023-10-29 18:00:00,9,449.0,18,6,10
2023-10-29 19:00:00,13,565.4,19,6,10
2023-10-29 20:00:00,4,236.3,20,6,10
2023-10-29 21:00:00,3,206.1,21,6,10
2023-10-29 22:00:00,0,0.0,22,6,10
2023-10-29 23:00:00,1,33.5,23,6,10
2023-10-30 00:00:00,5,231.8,0,0,10
2023-10-30 01:00:00,2,95.3,1,0,10
2023-10-30 02:00:00,2,123.1,2,0,10
2023-10-30 03:00:00,4,163.5,3,0,10
2023-10-30 04:00:00,0,0.0,4,0,10
2023-10-30 05:00:00,2,81.3,5,0,10
2023-10-30 06:00:00,3,217.2,6,0,10
2023-10-30 07:00:00,9,452.5,7,0,10
2023-10-30 08:00:00,18,1007.0,8,0,10
2023-10-30 09:00:00,19,1034.4,9,0,10
2023-10-30 10:00:00,19,936.7,10,0,10
2023-10-30 11:00:00,21,952.1,11,0,10
2023-10-30 12:00:00,23,1062.7,12,0,10
2023-10-30 13:00:00,30,1465.8,13,0,10
2023-10-30 14:00:00,19,899.5,14,0,10
2023-10-30 15:00:00,25,1167.0,15,0,10
2023-10-30 16:00:00,19,828.0,16,0,10
2023-10-30 17:00:00,15,576.3,17,0,10
2023-10-30 18:00:00,11,444.9,18,0,10
2023-10-30 19:00:00,9,438.9,19,0,10
2023-10-30 20:00:00,3,111.1,20,0,10
2023-10-30 21:00:00,2,67.6,21,0,10
2023-10-30 22:00:00,8,354.5,22,0,10
2023-10-30 23:00:00,3,183.4,23,0,10
2023-10-31 00:00:00,1,35.9,0,1,10
2023-10-31 01:00:00,2,127.3,1,1,10
2023-10-31 02:00:00,2,94.1,2,1,10
2023-10-31 03:00:00,1,68.4,3,1,10
2023-10-31 04:00:00,1,48.0,4,1,10
2023-10-31 05:00:00,5,196.8,5,1,10
2023-10-31 06:00:00,4,158.1,6,1,10
2023-10-31 07:00:00,10,539.6,7,1,10
2023-10-31 08:00:00,12,548.2,8,1,10
2023-10-31 09:00:00,21,937.6,9,1,10
2023-10-31 10:00:00,17,767.3,10,1,10
2023-10-31 11:00:00,23,1107.5,11,1,10
2023-10-31 12:00:00,18,830.9,12,1,10
2023-10-31 13:00:00,17,768.6,13,1,10
2023-10-31 14:00:00,20,1081.5,14,1,10
2023-10-31 15:00:00,21,1009.5,15,1,10
2023-10-31 16:00:00,17,783.3,16,1,10
2023-10-31 17:00:00,20,889.3,17,1,10
2023-10-31 18:00:00,9,414.3,18,1,10
2023-10-31 19:00:00,7,298.5,19,1,10
2023-10-31 20:00:00,7,252.7,20,1,10
2023-10-31 21:00:00,5,271.3,21,1,10
2023-10-31 22:00:00,1,31.5,22,1,10
2023-10-31 23:00:00,5,240.1,23,1,10
2023-11-01 00:00:00,1,31.4,0,2,11
2023-11-01 01:00:00,3,146.0,1,2,11
2023-11-01 02:00:00,5,262.4,2,2,11
2023-11-01 03:00:00,2,155.7,3,2,11
2023-11-01 04:00:00,5,262.9,4,2,11
2023-11-01 05:00:00,5,216.6,5,2,11
2023-11-01 06:00:00,6,304.2,6,2,11
2023-11-01 07:00:00,13,638.1,7,2,11
2023-11-01 08:00:00,16,738.4,8,2,11
2023-11-01 09:00:00,19,823.7,9,2,11
2023-11-01 10:00:00,15,770.0,10,2,11
2023-11-01 11:00:00,23,1045.3,11,2,11
2023-11-01 12:00:00,22,1052.7,12,2,11
2023-11-01 13:00:00,26,1190.3,13,2,11
2023-11-01 14:00:00,20,896.3,14,2,11
2023-11-01 15:00:00,22,1047.6,15,2,11
2023-11-01 16:00:00,16,794.3,16,2,11
2023-11-01 17:00:00,13,696.0,17,2,11
2023-11-01 18:00:00,10,445.8,18,2,11
2023-11-01 19:00:00,12,575.7,19,2,11
2023-11-01 20:00:00,3,126.4,20,2,11
2023-11-01 21:00:00,5,242.20000000000002,21,2,11
2023-11-01 22:00:00,4,172.7,22,2,11
2023-11-01 23:00:00,3,105.1,23,2,11
2023-11-02 00:00:00,5,247.5,0,3,11
2023-11-02 01:00:00,2,116.8,1,3,11
2023-11-02 02:00:00,2,120.89999999999999,2,3,11
2023-11-02 03:00:00,5,199.1,3,3,11
2023-11-02 04:00:00,2,93.3,4,3,11
2023-11-02 05:00:00,5,191.0,5,3,11
2023-11-02 06:00:00,7,322.0,6,3,11
2023-11-02 07:00:00,10,473.4,7,3,11
2023-11-02 08:00:00,18,891.7,8,3,11
2023-11-02 09:00:00,26,1332.6,9,3,11
2023-11-02 10:00:00,17,738.8,10,3,11
2023-11-02 11:00:00,21,947.1,11,3,11
2023-11-02 12:00:00,15,757.8,12,3,11
2023-11-02 13:00:00,23,1027.5,13,3,11
2023-11-02 14:00:00,22,996.2,14,3,11
2023-11-02 15:00:00,24,1252.6,15,3,11
2023-11-02 16:00:00,14,631.1,16,3,11
2023-11-02 17:00:00,14,558.0,17,3,11
2023-11-02 18:00:00,10,481.4,18,3,11
2023-11-02 19:00:00,8,417.6,19,3,11
2023-11-02 20:00:00,5,222.29999999999998,20,3,11
2023-11-02 21:00:00,2,65.1,21,3,11
2023-11-02 22:00:00,2,64.19999999999999,22,3,11
2023-11-02 23:00:00,0,0.0,23,3,11
2023-11-03 00:00:00,1,46.4,0,4,11
2023-11-03 01:00:00,5,192.9,1,4,11
2023-11-03 02:00:00,3,135.4,2,4,11
2023-11-03 03:00:00,2,118.1,3,4,11
2023-11-03 04:00:00,2,64.3,4,4,11
2023-11-03 05:00:00,1,80.0,5,4,11
2023-11-03 06:00:00,3,123.5,6,4,11
2023-11-03 07:00:00,8,374.4,7,4,11
2023-11-03 08:00:00,8,517.1,8,4,11
2023-11-03 09:00:00,20,916.5,9,4,11
2023-11-03 10:00:00,26,1075.5,10,4,11
2023-11-03 11:00:00,18,803.1,11,4,11
2023-11-03 12:00:00,22,1014.7,12,4,11
2023-11-03 13:00:00,17,691.3000000000001,13,4,11
2023-11-03 14:00:00,27,1041.7,14,4,11
2023-11-03 15:00:00,22,1051.3,15,4,11
2023-11-03 16:00:00,19,881.7,16,4,11
2023-11-03 17:00:00,19,788.4,17,4,11
2023-11-03 18:00:00,18,722.8,18,4,11
2023-11-03 19:00:00,5,169.5,19,4,11
2023-11-03 20:00:00,3,118.9,20,4,11
2023-11-03 21:00:00,4,162.7,21,4,11
2023-11-03 22:00:00,4,249.0,22,4,11
2023-11-03 23:00:00,1,30.8,23,4,11
2023-11-04 00:00:00,2,96.6,0,5,11
2023-11-04 01:00:00,1,48.0,1,5,11
2023-11-04 02:00:00,2,66.4,2,5,11
2023-11-04 03:00:00,1,34.9,3,5,11
2023-11-04 04:00:00,3,89.7,4,5,11
2023-11-04 05:00:00,2,114.7,5,5,11
2023-11-04 06:00:00,7,295.2,6,5,11
2023-11-04 07:00:00,8,339.4,7,5,11
2023-11-04 08:00:00,13,758.6,8,5,11
2023-11-04 09:00:00,14,601.2,9,5,11
2023-11-04 10:00:00,24,1041.0,10,5,11
2023-11-04 11:00:00,19,704.5,11,5,11
2023-11-04 12:00:00,11,500.0,12,5,11
2023-11-04 13:00:00,12,619.7,13,5,11
2023-11-04 14:00:00,23,999.5,14,5,11
2023-11-04 15:00:00,11,513.9,15,5,11
2023-11-04 16:00:00,9,345.3,16,5,11
2023-11-04 17:00:00,6,313.9,17,5,11
2023-11-04 18:00:00,15,781.7,18,5,11
2023-11-04 19:00:00,3,182.5,19,5,11
2023-11-04 20:00:00,6,244.5,20,5,11
2023-11-04 21:00:00,2,75.6,21,5,11
2023-11-04 22:00:00,4,144.9,22,5,11
2023-11-04 23:00:00,1,48.9,23,5,11
2023-11-05 00:00:00,3,113.4,0,6,11
2023-11-05 01:00:00,0,0.0,1,6,11
2023-11-05 02:00:00,1,80.0,2,6,11
2023-11-05 03:00:00,4,135.5,3,6,11
2023-11-05 04:00:00,1,80.0,4,6,11
2023-11-05 05:00:00,2,63.5,5,6,11
2023-11-05 06:00:00,5,287.0,6,6,11
2023-11-05 07:00:00,4,179.1,7,6,11
2023-11-05 08:00:00,13,687.6,8,6,11
2023-11-05 09:00:00,21,994.9000000000001,9,6,11
2023-11-05 10:00:00,10,520.0,10,6,11
2023-11-05 11:00:00,9,438.5,11,6,11
2023-11-05 12:00:00,18,945.4,12,6,11
2023-11-05 13:00:00,19,970.9,13,6,11
2023-11-05 14:00:00,15,646.5,14,6,11
2023-11-05 15:00:00,9,374.1,15,6,11
2023-11-05 16:00:00,21,1032.2,16,6,11
2023-11-05 17:00:00,12,566.9,17,6,11
2023-11-05 18:00:00,10,445.0,18,6,11
2023-11-05 19:00:00,8,337.2,19,6,11
2023-11-05 20:00:00,6,270.4,20,6,11
2023-11-05 21:00:00,3,104.4,21,6,11
2023-11-05 22:00:00,0,0.0,22,6,11
2023-11-05 23:00:00,2,78.9,23,6,11
2023-11-06 00:00:00,2,112.8,0,0,11
2023-11-06 01:00:00,4,152.5,1,0,11
2023-11-06 02:00:00,5,258.4,2,0,11
2023-11-06 03:00:00,2,79.8,3,0,11
2023-11-06 04:00:00,5,192.3,4,0,11
2023-11-06 05:00:00,5,237.3,5,0,11
2023-11-06 06:00:00,7,333.4,6,0,11
2023-11-06 07:00:00,13,557.3,7,0,11
2023-11-06 08:00:00,12,524.6,8,0,11
2023-11-06 09:00:00,16,784.2,9,0,11
2023-11-06 10:00:00,22,1147.7,10,0,11
2023-11-06 11:00:00,24,1142.3,11,0,11
2023-11-06 12:00:00,22,997.8,12,0,11
2023-11-06 13:00:00,29,1270.2,13,0,11
2023-11-06 14:00:00,23,1055.3,14,0,11
2023-11-06 15:00:00,18,840.7,15,0,11
2023-11-06 16:00:00,14,651.5,16,0,11
2023-11-06 17:00:00,17,820.6,17,0,11
2023-11-06 18:00:00,10,526.7,18,0,11
2023-11-06 19:00:00,11,578.4,19,0,11
2023-11-06 20:00:00,7,307.9,20,0,11
2023-11-06 21:00:00,1,34.3,21,0,11
2023-11-06 22:00:00,1,38.8,22,0,11
2023-11-06 23:00:00,2,114.4,23,0,11
2023-11-07 00:00:00,4,174.2,0,1,11
2023-11-07 01:00:00,2,79.5,1,1,11
2023-11-07 02:00:00,1,36.3,2,1,11
2023-11-07 03:00:00,0,0.0,3,1,11
2023-11-07 04:00:00,0,0.0,4,1,11
2023-11-07 05:00:00,6,286.4,5,1,11
2023-11-07 06:00:00,11,410.0,6,1,11
2023-11-07 07:00:00,10,500.6,7,1,11
2023-11-07 08:00:00,13,566.6,8,1,11
2023-11-07 09:00:00,19,1002.4,9,1,11
2023-11-07 10:00:00,21,925.5,10,1,11
2023-11-07 11:00:00,23,957.3,11,1,11
2023-11-07 12:00:00,19,853.5,12,1,11
2023-11-07 13:00:00,16,720.3,13,1,11
2023-11-07 14:00:00,16,748.0,14,1,11
2023-11-07 15:00:00,16,755.3,15,1,11
2023-11-07 16:00:00,16,598.6,16,1,11
2023-11-07 17:00:00,17,957.9,17,1,11
2023-11-07 18:00:00,11,571.5,18,1,11
2023-11-07 19:00:00,5,182.0,19,1,11
2023-11-07 20:00:00,7,249.5,20,1,11
2023-11-07 21:00:00,7,261.5,21,1,11
2023-11-07 22:00:00,3,127.8,22,1,11
2023-11-07 23:00:00,4,245.9,23,1,11
2023-11-08 00:00:00,5,283.3,0,2,11
2023-11-08 01:00:00,3,134.9,1,2,11
2023-11-08 02:00:00,3,112.2,2,2,11
2023-11-08 03:00:00,4,193.3,3,2,11
2023-11-08 04:00:00,4,147.2,4,2,11
2023-11-08 05:00:00,2,135.8,5,2,11
2023-11-08 06:00:00,4,176.1,6,2,11
2023-11-08 07:00:00,11,597.7,7,2,11
2023-11-08 08:00:00,13,740.1,8,2,11
2023-11-08 09:00:00,22,1008.9,9,2,11
2023-11-08 10:00:00,20,886.4,10,2,11
2023-11-08 11:00:00,17,767.2,11,2,11
2023-11-08 12:00:00,17,845.4,12,2,11
2023-11-08 13:00:00,16,742.7,13,2,11
2023-11-08 14:00:00,24,1046.0,14,2,11
2023-11-08 15:00:00,21,931.5,15,2,11
2023-11-08 16:00:00,16,769.9,16,2,11
2023-11-08 17:00:00,18,814.3,17,2,11
2023-11-08 18:00:00,15,747.2,18,2,11
2023-11-08 19:00:00,8,375.90000000000003,19,2,11
2023-11-08 20:00:00,12,507.3,20,2,11
2023-11-08 21:00:00,4,150.7,21,2,11
2023-11-08 22:00:00,1,30.9,22,2,11
2023-11-08 23:00:00,0,0.0,23,2,11
2023-11-09 00:00:00,2,79.5,0,3,11
2023-11-09 01:00:00,2,64.4,1,3,11
2023-11-09 02:00:00,4,238.2,2,3,11
2023-11-09 03:00:00,4,169.8,3,3,11
2023-11-09 04:00:00,2,82.9,4,3,11
2023-11-09 05:00:00,4,201.3,5,3,11
2023-11-09 06:00:00,10,458.79999999999995,6,3,11
2023-11-09 07:00:00,13,538.8,7,3,11
2023-11-09 08:00:00,9,477.4,8,3,11
2023-11-09 09:00:00,17,871.8,9,3,11
2023-11-09 10:00:00,21,896.1,10,3,11
2023-11-09 11:00:00,20,780.8,11,3,11
2023-11-09 12:00:00,17,926.0,12,3,11
2023-11-09 13:00:00,24,1083.1,13,3,11
2023-11-09 14:00:00,27,1388.1,14,3,11
2023-11-09 15:00:00,21,947.2,15,3,11
2023-11-09 16:00:00,23,1074.9,16,3,11
2023-11-09 17:00:00,12,521.7,17,3,11
2023-11-09 18:00:00,12,548.1,18,3,11
2023-11-09 19:00:00,11,578.5,19,3,11
2023-11-09 20:00:00,3,137.7,20,3,11
2023-11-09 21:00:00,3,143.2,21,3,11
2023-11-09 22:00:00,0,0.0,22,3,11
2023-11-09 23:00:00,9,360.5,23,3,11
2023-11-10 00:00:00,0,0.0,0,4,11
2023-11-10 01:00:00,1,63.5,1,4,11
2023-11-10 02:00:00,3,135.1,2,4,11
2023-11-10 03:00:00,3,186.4,3,4,11
2023-11-10 04:00:00,1,33.8,4,4,11
2023-11-10 05:00:00,5,231.1,5,4,11
2023-11-10 06:00:00,6,284.70000000000005,6,4,11
2023-11-10 07:00:00,11,588.5,7,4,11
2023-11-10 08:00:00,13,531.7,8,4,11
2023-11-10 09:00:00,18,895.8000000000001,9,4,11
2023-11-10 10:00:00,22,1052.0,10,4,11
2023-11-10 11:00:00,19,838.6,11,4,11
2023-11-10 12:00:00,16,599.6,12,4,11
2023-11-10 13:00:00,23,1036.5,13,4,11
2023-11-10 14:00:00,18,778.1,14,4,11
2023-11-10 15:00:00,29,1355.7,15,4,11
2023-11-10 16:00:00,19,976.0,16,4,11
2023-11-10 17:00:00,12,626.5,17,4,11
2023-11-10 18:00:00,9,482.2,18,4,11
2023-11-10 19:00:00,11,458.0,19,4,11
2023-11-10 20:00:00,5,263.5,20,4,11
2023-11-10 21:00:00,2,64.1,21,4,11
2023-11-10 22:00:00,3,159.9,22,4,11
2023-11-10 23:00:00,5,251.8,23,4,11
2023-11-11 00:00:00,1,31.1,0,5,11
2023-11-11 01:00:00,2,122.7,1,5,11
2023-11-11 02:00:00,3,101.4,2,5,11
2023-11-11 03:00:00,1,47.7,3,5,11
2023-11-11 04:00:00,5,220.4,4,5,11
2023-11-11 05:00:00,5,294.8,5,5,11
2023-11-11 06:00:00,4,223.0,6,5,11
2023-11-11 07:00:00,5,264.8,7,5,11
2023-11-11 08:00:00,20,818.4,8,5,11
2023-11-11 09:00:00,13,554.7,9,5,11
2023-11-11 10:00:00,14,660.9,10,5,11
2023-11-11 11:00:00,11,589.8,11,5,11
2023-11-11 12:00:00,17,760.0,12,5,11
2023-11-11 13:00:00,17,689.1,13,5,11
2023-11-11 14:00:00,16,772.3,14,5,11
2023-11-11 15:00:00,16,770.9,15,5,11
2023-11-11 16:00:00,17,927.8,16,5,11
2023-11-11 17:00:00,7,382.0,17,5,11
2023-11-11 18:00:00,14,795.4,18,5,11
2023-11-11 19:00:00,8,392.7,19,5,11
2023-11-11 20:00:00,5,205.9,20,5,11
2023-11-11 21:00:00,3,113.6,21,5,11
2023-11-11 22:00:00,0,0.0,22,5,11
2023-11-11 23:00:00,3,142.1,23,5,11
2023-11-12 00:00:00,0,0.0,0,6,11
2023-11-12 01:00:00,2,129.9,1,6,11
2023-11-12 02:00:00,1,80.0,2,6,11
2023-11-12 03:00:00,6,258.7,3,6,11
2023-11-12 04:00:00,2,119.5,4,6,11
2023-11-12 05:00:00,6,281.7,5,6,11
2023-11-12 06:00:00,1,40.1,6,6,11
2023-11-12 07:00:00,11,587.2,7,6,11
2023-11-12 08:00:00,6,291.7,8,6,11
2023-11-12 09:00:00,19,892.4000000000001,9,6,11
2023-11-12 10:00:00,11,494.3,10,6,11
2023-11-12 11:00:00,20,940.6,11,6,11
2023-11-12 12:00:00,28,1628.4,12,6,11
2023-11-12 13:00:00,10,612.3,13,6,11
2023-11-12 14:00:00,9,489.9,14,6,11
2023-11-12 15:00:00,7,326.5,15,6,11
2023-11-12 16:00:00,16,696.6,16,6,11
2023-11-12 17:00:00,6,326.3,17,6,11
2023-11-12 18:00:00,7,392.4,18,6,11
2023-11-12 19:00:00,6,317.4,19,6,11
2023-11-12 20:00:00,7,277.4,20,6,11
2023-11-12 21:00:00,1,30.3,21,6,11
2023-11-12 22:00:00,2,78.7,22,6,11
2023-11-12 23:00:00,0,0.0,23,6,11
2023-11-13 00:00:00,2,79.30000000000001,0,0,11
2023-11-13 01:00:00,2,81.0,1,0,11
2023-11-13 02:00:00,3,131.9,2,0,11
2023-11-13 03:00:00,3,110.5,3,0,11
2023-11-13 04:00:00,5,220.0,4,0,11
2023-11-13 05:00:00,3,128.6,5,0,11
2023-11-13 06:00:00,5,293.4,6,0,11
2023-11-13 07:00:00,7,321.9,7,0,11
2023-11-13 08:00:00,15,815.7,8,0,11
2023-11-13 09:00:00,21,867.4,9,0,11
2023-11-13 10:00:00,18,893.8,10,0,11
2023-11-13 11:00:00,20,1041.5,11,0,11
2023-11-13 12:00:00,21,1036.8999999999999,12,0,11
2023-11-13 13:00:00,23,1097.7,13,0,11
2023-11-13 14:00:00,24,1253.4,14,0,11
2023-11-13 15:00:00,23,1093.2,15,0,11
2023-11-13 16:00:00,15,676.5,16,0,11
2023-11-13 17:00:00,15,668.1,17,0,11
2023-11-13 18:00:00,9,449.3,18,0,11
2023-11-13 19:00:00,14,622.7,19,0,11
2023-11-13 20:00:00,8,436.6,20,0,11
2023-11-13 21:00:00,2,89.5,21,0,11
2023-11-13 22:00:00,2,66.7,22,0,11
2023-11-13 23:00:00,3,132.3,23,0,11
2023-11-14 00:00:00,0,0.0,0,1,11
2023-11-14 01:00:00,2,99.0,1,1,11
2023-11-14 02:00:00,3,123.6,2,1,11
2023-11-14 03:00:00,3,151.3,3,1,11
2023-11-14 04:00:00,1,45.2,4,1,11
2023-11-14 05:00:00,6,308.7,5,1,11
2023-11-14 06:00:00,8,381.0,6,1,11
2023-11-14 07:00:00,6,275.2,7,1,11
2023-11-14 08:00:00,13,642.9,8,1,11
2023-11-14 09:00:00,16,700.0,9,1,11
2023-11-14 10:00:00,22,1044.6,10,1,11
2023-11-14 11:00:00,32,1373.9,11,1,11
2023-11-14 12:00:00,21,1068.2,12,1,11
2023-11-14 13:00:00,18,781.2,13,1,11
2023-11-14 14:00:00,20,1016.2,14,1,11
2023-11-14 15:00:00,14,672.5,15,1,11
2023-11-14 16:00:00,17,941.5,16,1,11
2023-11-14 17:00:00,18,882.4,17,1,11
2023-11-14 18:00:00,9,397.1,18,1,11
2023-11-14 19:00:00,8,290.9,19,1,11
2023-11-14 20:00:00,3,98.0,20,1,11
2023-11-14 21:00:00,2,93.5,21,1,11
2023-11-14 22:00:00,0,0.0,22,1,11
2023-11-14 23:00:00,3,99.3,23,1,11
2023-11-15 00:00:00,1,33.0,0,2,11
2023-11-15 01:00:00,2,100.89999999999999,1,2,11
2023-11-15 02:00:00,3,150.7,2,2,11
2023-11-15 03:00:00,1,74.3,3,2,11
2023-11-15 04:00:00,3,139.9,4,2,11
2023-11-15 05:00:00,5,221.5,5,2,11
2023-11-15 06:00:00,4,213.4,6,2,11
2023-11-15 07:00:00,11,563.8,7,2,11
2023-11-15 08:00:00,10,452.9,8,2,11
2023-11-15 09:00:00,9,480.8,9,2,11
2023-11-15 10:00:00,16,811.7,10,2,11
2023-11-15 11:00:00,14,643.3,11,2,11
2023-11-15 12:00:00,16,723.5,12,2,11
2023-11-15 13:00:00,25,1274.2,13,2,11
2023-11-15 14:00:00,24,1308.4,14,2,11
2023-11-15 15:00:00,22,1008.1,15,2,11
2023-11-15 16:00:00,20,925.8000000000001,16,2,11
2023-11-15 17:00:00,21,1115.9,17,2,11
2023-11-15 18:00:00,11,486.3,18,2,11
2023-11-15 19:00:00,7,252.4,19,2,11
2023-11-15 20:00:00,2,74.7,20,2,11
2023-11-15 21:00:00,6,269.5,21,2,11
2023-11-15 22:00:00,0,0.0,22,2,11
2023-11-15 23:00:00,3,107.2,23,2,11
2023-11-16 00:00:00,4,222.6,0,3,11
2023-11-16 01:00:00,0,0.0,1,3,11
2023-11-16 02:00:00,2,86.1,2,3,11
2023-11-16 03:00:00,3,99.0,3,3,11
2023-11-16 04:00:00,5,214.5,4,3,11
2023-11-16 05:00:00,4,182.6,5,3,11
2023-11-16 06:00:00,10,438.7,6,3,11
2023-11-16 07:00:00,15,663.1,7,3,11
2023-11-16 08:00:00,12,609.5,8,3,11
2023-11-16 09:00:00,20,791.1,9,3,11
2023-11-16 10:00:00,16,810.3,10,3,11
2023-11-16 11:00:00,19,937.0,11,3,11
2023-11-16 12:00:00,23,1121.0,12,3,11
2023-11-16 13:00:00,33,1396.4,13,3,11
2023-11-16 14:00:00,24,1021.5,14,3,11
2023-11-16 15:00:00,14,770.8,15,3,11
2023-11-16 16:00:00,18,861.2,16,3,11
2023-11-16 17:00:00,12,590.8,17,3,11
2023-11-16 18:00:00,6,281.4,18,3,11
2023-11-16 19:00:00,13,608.8,19,3,11
2023-11-16 20:00:00,7,349.7,20,3,11
2023-11-16 21:00:00,6,263.2,21,3,11
2023-11-16 22:00:00,0,0.0,22,3,11
2023-11-16 23:00:00,3,159.0,23,3,11
2023-11-17 00:00:00,1,27.6,0,4,11
2023-11-17 01:00:00,0,0.0,1,4,11
2023-11-17 02:00:00,0,0.0,2,4,11
2023-11-17 03:00:00,2,96.7,3,4,11
2023-11-17 04:00:00,2,106.7,4,4,11
2023-11-17 05:00:00,5,215.6,5,4,11
2023-11-17 06:00:00,11,539.5,6,4,11
2023-11-17 07:00:00,13,499.2,7,4,11
2023-11-17 08:00:00,5,182.4,8,4,11
2023-11-17 09:00:00,20,942.7,9,4,11
2023-11-17 10:00:00,20,852.4,10,4,11
2023-11-17 11:00:00,25,1176.4,11,4,11
2023-11-17 12:00:00,25,1131.6,12,4,11
2023-11-17 13:00:00,26,1050.9,13,4,11
2023-11-17 14:00:00,28,1378.8,14,4,11
2023-11-17 15:00:00,17,782.1,15,4,11
2023-11-17 16:00:00,12,642.1,16,4,11
2023-11-17 17:00:00,17,801.0,17,4,11
2023-11-17 18:00:00,7,331.7,18,4,11
2023-11-17 19:00:00,4,195.5,19,4,11
2023-11-17 20:00:00,7,325.20000000000005,20,4,11
2023-11-17 21:00:00,2,82.8,21,4,11
2023-11-17 22:00:00,4,165.4,22,4,11
2023-11-17 23:00:00,4,193.3,23,4,11
2023-11-18 00:00:00,2,108.4,0,5,11
2023-11-18 01:00:00,3,163.6,1,5,11
2023-11-18 02:00:00,3,184.1,2,5,11
2023-11-18 03:00:00,3,141.0,3,5,11
2023-11-18 04:00:00,1,45.4,4,5,11
2023-11-18 05:00:00,2,101.5,5,5,11
2023-11-18 06:00:00,4,217.7,6,5,11
2023-11-18 07:00:00,5,260.5,7,5,11
2023-11-18 08:00:00,7,355.6,8,5,11
2023-11-18 09:00:00,7,293.6,9,5,11
2023-11-18 10:00:00,16,725.1,10,5,11
2023-11-18 11:00:00,22,990.0,11,5,11
2023-11-18 12:00:00,15,668.2,12,5,11
2023-11-18 13:00:00,19,873.5,13,5,11
2023-11-18 14:00:00,12,614.3,14,5,11
2023-11-18 15:00:00,14,669.2,15,5,11
2023-11-18 16:00:00,9,369.8,16,5,11
2023-11-18 17:00:00,16,714.5,17,5,11
2023-11-18 18:00:00,11,595.4,18,5,11
2023-11-18 19:00:00,7,268.1,19,5,11
2023-11-18 20:00:00,4,153.8,20,5,11
2023-11-18 21:00:00,2,122.8,21,5,11
2023-11-18 22:00:00,4,165.0,22,5,11
2023-11-18 23:00:00,0,0.0,23,5,11
2023-11-19 00:00:00,3,132.6,0,6,11
2023-11-19 01:00:00,2,133.3,1,6,11
2023-11-19 02:00:00,2,78.4,2,6,11
2023-11-19 03:00:00,1,39.2,3,6,11
2023-11-19 04:00:00,2,85.4,4,6,11
2023-11-19 05:00:00,7,312.6,5,6,11
2023-11-19 06:00:00,2,117.5,6,6,11
2023-11-19 07:00:00,11,580.2,7,6,11
2023-11-19 08:00:00,12,560.8,8,6,11
2023-11-19 09:00:00,9,361.8,9,6,11
2023-11-19 10:00:00,12,486.5,10,6,11
2023-11-19 11:00:00,11,547.1,11,6,11
2023-11-19 12:00:00,19,799.1,12,6,11
2023-11-19 13:00:00,11,618.7,13,6,11
2023-11-19 14:00:00,16,736.9,14,6,11
2023-11-19 15:00:00,13,777.2,15,6,11
2023-11-19 16:00:00,9,421.9,16,6,11
2023-11-19 17:00:00,12,650.7,17,6,11
2023-11-19 18:00:00,9,479.0,18,6,11
2023-11-19 19:00:00,8,344.8,19,6,11
2023-11-19 20:00:00,9,341.4,20,6,11
2023-11-19 21:00:00,4,198.2,21,6,11
2023-11-19 22:00:00,1,28.5,22,6,11
2023-11-19 23:00:00,1,49.8,23,6,11
2023-11-20 00:00:00,2,68.1,0,0,11
2023-11-20 01:00:00,3,130.3,1,0,11
2023-11-20 02:00:00,1,42.1,2,0,11
2023-11-20 03:00:00,4,161.6,3,0,11
2023-11-20 04:00:00,4,196.5,4,0,11
2023-11-20 05:00:00,2,92.2,5,0,11
2023-11-20 06:00:00,7,343.8,6,0,11
2023-11-20 07:00:00,4,224.6,7,0,11
2023-11-20 08:00:00,19,893.2,8,0,11
2023-11-20 09:00:00,23,1102.1,9,0,11
2023-11-20 10:00:00,18,706.1,10,0,11
2023-11-20 11:00:00,21,907.8,11,0,11
2023-11-20 12:00:00,17,755.8,12,0,11
2023-11-20 13:00:00,22,1040.9,13,0,11
2023-11-20 14:00:00,17,801.9,14,0,11
2023-11-20 15:00:00,11,499.9,15,0,11
2023-11-20 16:00:00,20,839.5,16,0,11
2023-11-20 17:00:00,13,589.1,17,0,11
2023-11-20 18:00:00,8,385.5,18,0,11
2023-11-20 19:00:00,10,463.7,19,0,11
2023-11-20 20:00:00,11,531.2,20,0,11
2023-11-20 21:00:00,2,68.69999999999999,21,0,11
2023-11-20 22:00:00,4,176.1,22,0,11
2023-11-20 23:00:00,2,107.9,23,0,11
2023-11-21 00:00:00,2,80.2,0,1,11
2023-11-21 01:00:00,2,111.5,1,1,11
2023-11-21 02:00:00,2,75.2,2,1,11
2023-11-21 03:00:00,0,0.0,3,1,11
2023-11-21 04:00:00,3,126.2,4,1,11
2023-11-21 05:00:00,5,239.9,5,1,11
2023-11-21 06:00:00,9,432.4,6,1,11
2023-11-21 07:00:00,5,227.7,7,1,11
2023-11-21 08:00:00,8,404.7,8,1,11
2023-11-21 09:00:00,21,1023.6,9,1,11
2023-11-21 10:00:00,23,1040.9,10,1,11
2023-11-21 11:00:00,23,1049.5,11,1,11
2023-11-21 12:00:00,12,534.5,12,1,11
2023-11-21 13:00:00,24,1113.5,13,1,11
2023-11-21 14:00:00,20,878.4,14,1,11
2023-11-21 15:00:00,22,1039.8,15,1,11
2023-11-21 16:00:00,11,476.6,16,1,11
2023-11-21 17:00:00,27,1061.7,17,1,11
2023-11-21 18:00:00,15,763.1,18,1,11
2023-11-21 19:00:00,4,147.3,19,1,11
2023-11-21 20:00:00,5,292.2,20,1,11
2023-11-21 21:00:00,2,75.8,21,1,11
2023-11-21 22:00:00,1,31.6,22,1,11
2023-11-21 23:00:00,2,83.3,23,1,11
2023-11-22 00:00:00,4,238.0,0,2,11
2023-11-22 01:00:00,3,166.39999999999998,1,2,11
2023-11-22 02:00:00,6,197.8,2,2,11
2023-11-22 03:00:00,0,0.0,3,2,11
2023-11-22 04:00:00,3,148.5,4,2,11
2023-11-22 05:00:00,5,179.0,5,2,11
2023-11-22 06:00:00,7,295.9,6,2,11
2023-11-22 07:00:00,4,207.7,7,2,11
2023-11-22 08:00:00,14,577.8,8,2,11
2023-11-22 09:00:00,26,1152.1,9,2,11
2023-11-22 10:00:00,24,1114.2,10,2,11
2023-11-22 11:00:00,19,934.7,11,2,11
2023-11-22 12:00:00,19,836.1,12,2,11
2023-11-22 13:00:00,12,576.7,13,2,11
2023-11-22 14:00:00,13,664.0,14,2,11
2023-11-22 15:00:00,22,1060.5,15,2,11
2023-11-22 16:00:00,14,680.5,16,2,11
2023-11-22 17:00:00,5,171.3,17,2,11
2023-11-22 18:00:00,13,675.9,18,2,11
2023-11-22 19:00:00,12,610.3,19,2,11
2023-11-22 20:00:00,5,250.60000000000002,20,2,11
2023-11-22 21:00:00,8,381.40000000000003,21,2,11
2023-11-22 22:00:00,2,100.4,22,2,11
2023-11-22 23:00:00,2,133.2,23,2,11
2023-11-23 00:00:00,1,69.9,0,3,11
2023-11-23 01:00:00,2,67.1,1,3,11
2023-11-23 02:00:00,1,33.1,2,3,11
2023-11-23 03:00:00,0,0.0,3,3,11
2023-11-23 04:00:00,5,209.3,4,3,11
2023-11-23 05:00:00,4,168.9,5,3,11
2023-11-23 06:00:00,2,111.6,6,3,11
2023-11-23 07:00:00,5,231.1,7,3,11
2023-11-23 08:00:00,11,538.4,8,3,11
2023-11-23 09:00:00,24,1188.9,9,3,11
2023-11-23 10:00:00,25,1070.5,10,3,11
2023-11-23 11:00:00,23,1115.3,11,3,11
2023-11-23 12:00:00,13,585.6,12,3,11
2023-11-23 13:00:00,20,896.2,13,3,11
2023-11-23 14:00:00,18,837.9,14,3,11
2023-11-23 15:00:00,19,843.1,15,3,11
2023-11-23 16:00:00,15,642.1,16,3,11
2023-11-23 17:00:00,15,766.8,17,3,11
2023-11-23 18:00:00,9,441.7,18,3,11
2023-11-23 19:00:00,10,414.8,19,3,11
2023-11-23 20:00:00,7,395.9,20,3,11
2023-11-23 21:00:00,6,298.6,21,3,11
2023-11-23 22:00:00,3,127.1,22,3,11
2023-11-23 23:00:00,2,86.4,23,3,11
2023-11-24 00:00:00,3,101.19999999999999,0,4,11
2023-11-24 01:00:00,3,129.3,1,4,11
2023-11-24 02:00:00,3,190.9,2,4,11
2023-11-24 03:00:00,0,0.0,3,4,11
2023-11-24 04:00:00,5,229.0,4,4,11
2023-11-24 05:00:00,6,281.9,5,4,11
2023-11-24 06:00:00,15,622.5,6,4,11
2023-11-24 07:00:00,8,369.1,7,4,11
2023-11-24 08:00:00,16,817.2,8,4,11
2023-11-24 09:00:00,19,873.5,9,4,11
2023-11-24 10:00:00,23,1054.5,10,4,11
2023-11-24 11:00:00,24,973.2,11,4,11
2023-11-24 12:00:00,20,1013.8,12,4,11
2023-11-24 13:00:00,21,1013.6,13,4,11
2023-11-24 14:00:00,25,1193.1,14,4,11
2023-11-24 15:00:00,17,594.6,15,4,11
2023-11-24 16:00:00,11,507.5,16,4,11
2023-11-24 17:00:00,11,500.90000000000003,17,4,11
2023-11-24 18:00:00,9,377.6,18,4,11
2023-11-24 19:00:00,7,312.6,19,4,11
2023-11-24 20:00:00,7,331.8,20,4,11
2023-11-24 21:00:00,7,333.2,21,4,11
2023-11-24 22:00:00,3,205.9,22,4,11
2023-11-24 23:00:00,4,149.6,23,4,11
2023-11-25 00:00:00,1,43.8,0,5,11
2023-11-25 01:00:00,2,110.8,1,5,11
2023-11-25 02:00:00,3,120.6,2,5,11
2023-11-25 03:00:00,1,27.8,3,5,11
2023-11-25 04:00:00,1,80.0,4,5,11
2023-11-25 05:00:00,0,0.0,5,5,11
2023-11-25 06:00:00,2,82.6,6,5,11
2023-11-25 07:00:00,6,275.7,7,5,11
2023-11-25 08:00:00,12,578.1,8,5,11
2023-11-25 09:00:00,13,571.8,9,5,11
2023-11-25 10:00:00,29,1316.9,10,5,11
2023-11-25 11:00:00,18,1006.4,11,5,11
2023-11-25 12:00:00,11,458.0,12,5,11
2023-11-25 13:00:00,16,826.6,13,5,11
2023-11-25 14:00:00,13,606.1,14,5,11
2023-11-25 15:00:00,12,541.0,15,5,11
2023-11-25 16:00:00,17,706.4,16,5,11
2023-11-25 17:00:00,9,569.1,17,5,11
2023-11-25 18:00:00,12,554.1,18,5,11
2023-11-25 19:00:00,6,269.9,19,5,11
2023-11-25 20:00:00,9,498.9,20,5,11
2023-11-25 21:00:00,4,233.29999999999998,21,5,11
2023-11-25 22:00:00,2,67.80000000000001,22,5,11
2023-11-25 23:00:00,4,204.7,23,5,11
2023-11-26 00:00:00,1,63.3,0,6,11
2023-11-26 01:00:00,0,0.0,1,6,11
2023-11-26 02:00:00,0,0.0,2,6,11
2023-11-26 03:00:00,2,104.3,3,6,11
2023-11-26 04:00:00,1,29.3,4,6,11
2023-11-26 05:00:00,5,227.29999999999998,5,6,11
2023-11-26 06:00:00,6,271.5,6,6,11
2023-11-26 07:00:00,7,296.8,7,6,11
2023-11-26 08:00:00,8,368.8,8,6,11
2023-11-26 09:00:00,18,821.5,9,6,11
2023-11-26 10:00:00,11,501.9,10,6,11
2023-11-26 11:00:00,15,709.9000000000001,11,6,11
2023-11-26 12:00:00,17,802.3,12,6,11
2023-11-26 13:00:00,16,788.9,13,6,11
2023-11-26 14:00:00,10,523.7,14,6,11
2023-11-26 15:00:00,9,417.9,15,6,11
2023-11-26 16:00:00,10,470.7,16,6,11
2023-11-26 17:00:00,14,618.5,17,6,11
2023-11-26 18:00:00,13,625.6,18,6,11
2023-11-26 19:00:00,6,322.6,19,6,11
2023-11-26 20:00:00,4,230.5,20,6,11
2023-11-26 21:00:00,3,181.3,21,6,11
2023-11-26 22:00:00,4,131.2,22,6,11
2023-11-26 23:00:00,6,305.0,23,6,11
2023-11-27 00:00:00,3,123.6,0,0,11
2023-11-27 01:00:00,3,191.60000000000002,1,0,11
2023-11-27 02:00:00,4,249.6,2,0,11
2023-11-27 03:00:00,1,33.7,3,0,11
2023-11-27 04:00:00,1,28.2,4,0,11
2023-11-27 05:00:00,4,154.1,5,0,11
2023-11-27 06:00:00,9,480.2,6,0,11
2023-11-27 07:00:00,5,236.0,7,0,11
2023-11-27 08:00:00,15,571.0,8,0,11
2023-11-27 09:00:00,20,931.7,9,0,11
2023-11-27 10:00:00,16,707.6999999999999,10,0,11
2023-11-27 11:00:00,25,1162.0,11,0,11
2023-11-27 12:00:00,24,1141.0,12,0,11
2023-11-27 13:00:00,21,940.3,13,0,11
2023-11-27 14:00:00,17,819.4,14,0,11
2023-11-27 15:00:00,17,813.5,15,0,11
2023-11-27 16:00:00,13,702.7,16,0,11
2023-11-27 17:00:00,14,593.4,17,0,11
2023-11-27 18:00:00,14,668.4,18,0,11
2023-11-27 19:00:00,12,588.2,19,0,11
2023-11-27 20:00:00,10,494.8,20,0,11
2023-11-27 21:00:00,2,115.8,21,0,11
2023-11-27 22:00:00,1,31.5,22,0,11
2023-11-27 23:00:00,2,113.4,23,0,11
2023-11-28 00:00:00,5,230.2,0,1,11
2023-11-28 01:00:00,4,194.4,1,1,11
2023-11-28 02:00:00,1,76.6,2,1,11
2023-11-28 03:00:00,0,0.0,3,1,11
2023-11-28 04:00:00,0,0.0,4,1,11
2023-11-28 05:00:00,2,75.9,5,1,11
2023-11-28 06:00:00,7,274.9,6,1,11
2023-11-28 07:00:00,8,421.3,7,1,11
2023-11-28 08:00:00,14,647.3,8,1,11
2023-11-28 09:00:00,12,472.2,9,1,11
2023-11-28 10:00:00,14,532.4,10,1,11
2023-11-28 11:00:00,22,1023.4,11,1,11
2023-11-28 12:00:00,17,737.5,12,1,11
2023-11-28 13:00:00,17,811.5,13,1,11
2023-11-28 14:00:00,16,825.1,14,1,11
2023-11-28 15:00:00,23,1059.7,15,1,11
2023-11-28 16:00:00,16,777.4,16,1,11
2023-11-28 17:00:00,15,660.3000000000001,17,1,11
2023-11-28 18:00:00,14,766.5,18,1,11
2023-11-28 19:00:00,7,315.9,19,1,11
2023-11-28 20:00:00,9,525.3,20,1,11
2023-11-28 21:00:00,5,277.6,21,1,11
2023-11-28 22:00:00,4,182.2,22,1,11
2023-11-28 23:00:00,5,264.70000000000005,23,1,11
2023-11-29 00:00:00,2,87.5,0,2,11
2023-11-29 01:00:00,1,58.3,1,2,11
2023-11-29 02:00:00,0,0.0,2,2,11
2023-11-29 03:00:00,2,116.1,3,2,11
2023-11-29 04:00:00,6,259.8,4,2,11
2023-11-29 05:00:00,2,152.3,5,2,11
2023-11-29 06:00:00,6,259.0,6,2,11
2023-11-29 07:00:00,4,235.60000000000002,7,2,11
2023-11-29 08:00:00,14,672.0,8,2,11
2023-11-29 09:00:00,18,760.1,9,2,11
2023-11-29 10:00:00,22,1035.1,10,2,11
2023-11-29 11:00:00,15,857.6,11,2,11
2023-11-29 12:00:00,27,1164.6,12,2,11
2023-11-29 13:00:00,20,940.8000000000001,13,2,11
2023-11-29 14:00:00,30,1307.1,14,2,11
2023-11-29 15:00:00,25,1161.5,15,2,11
2023-11-29 16:00:00,15,667.7,16,2,11
2023-11-29 17:00:00,10,640.5,17,2,11
2023-11-29 18:00:00,9,395.9,18,2,11
2023-11-29 19:00:00,12,678.0,19,2,11
2023-11-29 20:00:00,8,384.6,20,2,11
2023-11-29 21:00:00,5,266.5,21,2,11
2023-11-29 22:00:00,1,29.2,22,2,11
2023-11-29 23:00:00,0,0.0,23,2,11
2023-11-30 00:00:00,4,179.1,0,3,11
2023-11-30 01:00:00,1,49.7,1,3,11
2023-11-30 02:00:00,2,111.6,2,3,11
2023-11-30 03:00:00,4,142.1,3,3,11
2023-11-30 04:00:00,4,178.8,4,3,11
2023-11-30 05:00:00,0,0.0,5,3,11
2023-11-30 06:00:00,7,370.8,6,3,11
2023-11-30 07:00:00,3,113.1,7,3,11
2023-11-30 08:00:00,12,598.0,8,3,11
2023-11-30 09:00:00,14,750.2,9,3,11
2023-11-30 10:00:00,24,1079.7,10,3,11
2023-11-30 11:00:00,15,634.0,11,3,11
2023-11-30 12:00:00,22,1004.1,12,3,11
2023-11-30 13:00:00,25,1093.5,13,3,11
2023-11-30 14:00:00,21,968.9,14,3,11
2023-11-30 15:00:00,22,1208.9,15,3,11
2023-11-30 16:00:00,24,1025.7,16,3,11
2023-11-30 17:00:00,9,442.9,17,3,11
2023-11-30 18:00:00,18,873.6,18,3,11
2023-11-30 19:00:00,13,508.6,19,3,11
2023-11-30 20:00:00,8,472.6,20,3,11
2023-11-30 21:00:00,5,214.1,21,3,11
2023-11-30 22:00:00,3,115.80000000000001,22,3,11
2023-11-30 23:00:00,0,0.0,23,3,11
2023-12-01 00:00:00,3,146.4,0,4,12
2023-12-01 01:00:00,1,37.3,1,4,12
2023-12-01 02:00:00,3,125.6,2,4,12
2023-12-01 03:00:00,2,107.9,3,4,12
2023-12-01 04:00:00,2,83.1,4,4,12
2023-12-01 05:00:00,4,194.5,5,4,12
2023-12-01 06:00:00,6,263.5,6,4,12
2023-12-01 07:00:00,3,184.7,7,4,12
2023-12-01 08:00:00,22,953.6,8,4,12
2023-12-01 09:00:00,14,663.9,9,4,12
2023-12-01 10:00:00,19,930.6,10,4,12
2023-12-01 11:00:00,25,1133.9,11,4,12
2023-12-01 12:00:00,26,1282.9,12,4,12
2023-12-01 13:00:00,22,935.6,13,4,12
2023-12-01 14:00:00,17,760.9,14,4,12
2023-12-01 15:00:00,23,1088.5,15,4,12
2023-12-01 16:00:00,24,1026.9,16,4,12
2023-12-01 17:00:00,17,887.9,17,4,12
2023-12-01 18:00:00,7,344.0,18,4,12
2023-12-01 19:00:00,18,892.2,19,4,12
2023-12-01 20:00:00,4,128.0,20,4,12
2023-12-01 21:00:00,3,174.0,21,4,12
2023-12-01 22:00:00,6,244.4,22,4,12
2023-12-01 23:00:00,3,143.6,23,4,12
2023-12-02 00:00:00,0,0.0,0,5,12
2023-12-02 01:00:00,2,85.9,1,5,12
2023-12-02 02:00:00,2,67.6,2,5,12
2023-12-02 03:00:00,0,0.0,3,5,12
2023-12-02 04:00:00,4,162.9,4,5,12
2023-12-02 05:00:00,6,284.1,5,5,12
2023-12-02 06:00:00,6,276.3,6,5,12
2023-12-02 07:00:00,7,371.7,7,5,12
2023-12-02 08:00:00,10,408.8,8,5,12
2023-12-02 09:00:00,12,585.3,9,5,12
2023-12-02 10:00:00,11,453.6,10,5,12
2023-12-02 11:00:00,23,1016.1,11,5,12
2023-12-02 12:00:00,19,787.0,12,5,12
2023-12-02 13:00:00,17,679.8,13,5,12
2023-12-02 14:00:00,18,691.6,14,5,12
2023-12-02 15:00:00,12,565.9,15,5,12
2023-12-02 16:00:00,10,453.9,16,5,12
2023-12-02 17:00:00,6,272.2,17,5,12
2023-12-02 18:00:00,10,388.0,18,5,12
2023-12-02 19:00:00,5,214.4,19,5,12
2023-12-02 20:00:00,7,344.1,20,5,12
2023-12-02 21:00:00,1,51.3,21,5,12
2023-12-02 22:00:00,1,32.0,22,5,12
2023-12-02 23:00:00,5,208.1,23,5,12
2023-12-03 00:00:00,0,0.0,0,6,12
2023-12-03 01:00:00,3,163.9,1,6,12
2023-12-03 02:00:00,2,76.69999999999999,2,6,12
2023-12-03 03:00:00,1,29.4,3,6,12
2023-12-03 04:00:00,1,29.6,4,6,12
2023-12-03 05:00:00,5,208.5,5,6,12
2023-12-03 06:00:00,3,111.8,6,6,12
2023-12-03 07:00:00,5,284.4,7,6,12
2023-12-03 08:00:00,10,522.2,8,6,12
2023-12-03 09:00:00,13,632.8,9,6,12
2023-12-03 10:00:00,19,799.1,10,6,12
2023-12-03 11:00:00,16,697.7,11,6,12
2023-12-03 12:00:00,19,882.9,12,6,12
2023-12-03 13:00:00,26,1143.1,13,6,12
2023-12-03 14:00:00,10,443.5,14,6,12
2023-12-03 15:00:00,7,325.5,15,6,12
2023-12-03 16:00:00,15,733.5,16,6,12
2023-12-03 17:00:00,5,216.5,17,6,12
2023-12-03 18:00:00,6,251.20000000000002,18,6,12
2023-12-03 19:00:00,6,286.7,19,6,12
2023-12-03 20:00:00,5,222.8,20,6,12
2023-12-03 21:00:00,3,180.0,21,6,12
2023-12-03 22:00:00,0,0.0,22,6,12
2023-12-03 23:00:00,1,32.5,23,6,12
2023-12-04 00:00:00,1,33.8,0,0,12
2023-12-04 01:00:00,3,154.4,1,0,12
2023-12-04 02:00:00,3,113.0,2,0,12
2023-12-04 03:00:00,5,291.9,3,0,12
2023-12-04 04:00:00,1,80.0,4,0,12
2023-12-04 05:00:00,6,281.4,5,0,12
2023-12-04 06:00:00,6,232.60000000000002,6,0,12
2023-12-04 07:00:00,9,418.9,7,0,12
2023-12-04 08:00:00,14,663.1,8,0,12
2023-12-04 09:00:00,18,818.6,9,0,12
2023-12-04 10:00:00,13,552.2,10,0,12
2023-12-04 11:00:00,18,779.4,11,0,12
2023-12-04 12:00:00,24,1217.9,12,0,12
2023-12-04 13:00:00,33,1612.0,13,0,12
2023-12-04 14:00:00,27,1156.9,14,0,12
2023-12-04 15:00:00,21,1078.8,15,0,12
2023-12-04 16:00:00,19,1036.1,16,0,12
2023-12-04 17:00:00,20,929.3,17,0,12
2023-12-04 18:00:00,8,299.4,18,0,12
2023-12-04 19:00:00,9,385.3,19,0,12
2023-12-04 20:00:00,10,513.4,20,0,12
2023-12-04 21:00:00,6,253.3,21,0,12
2023-12-04 22:00:00,1,77.2,22,0,12
2023-12-04 23:00:00,1,78.2,23,0,12
2023-12-05 00:00:00,4,124.30000000000001,0,1,12
2023-12-05 01:00:00,0,0.0,1,1,12
2023-12-05 02:00:00,1,40.4,2,1,12
2023-12-05 03:00:00,2,114.8,3,1,12
2023-12-05 04:00:00,3,160.6,4,1,12
2023-12-05 05:00:00,4,192.7,5,1,12
2023-12-05 06:00:00,10,421.0,6,1,12
2023-12-05 07:00:00,16,753.1,7,1,12
2023-12-05 08:00:00,14,647.1,8,1,12
2023-12-05 09:00:00,26,1102.9,9,1,12
2023-12-05 10:00:00,20,904.0,10,1,12
2023-12-05 11:00:00,14,696.6,11,1,12
2023-12-05 12:00:00,17,921.3,12,1,12
2023-12-05 13:00:00,22,1093.5,13,1,12
2023-12-05 14:00:00,14,758.3,14,1,12
2023-12-05 15:00:00,25,1036.7,15,1,12
2023-12-05 16:00:00,20,945.7,16,1,12
2023-12-05 17:00:00,8,454.4,17,1,12
2023-12-05 18:00:00,16,626.1,18,1,12
2023-12-05 19:00:00,10,370.7,19,1,12
2023-12-05 20:00:00,11,507.6,20,1,12
2023-12-05 21:00:00,7,291.1,21,1,12
2023-12-05 22:00:00,2,61.9,22,1,12
2023-12-05 23:00:00,2,153.0,23,1,12
2023-12-06 00:00:00,3,167.4,0,2,12
2023-12-06 01:00:00,2,65.5,1,2,12
2023-12-06 02:00:00,4,228.0,2,2,12
2023-12-06 03:00:00,1,77.2,3,2,12
2023-12-06 04:00:00,3,116.5,4,2,12
2023-12-06 05:00:00,4,219.10000000000002,5,2,12
2023-12-06 06:00:00,10,595.1,6,2,12
2023-12-06 07:00:00,6,261.7,7,2,12
2023-12-06 08:00:00,16,665.4,8,2,12
2023-12-06 09:00:00,10,518.0,9,2,12
2023-12-06 10:00:00,19,1035.8,10,2,12
2023-12-06 11:00:00,23,1105.6,11,2,12
2023-12-06 12:00:00,21,998.6,12,2,12
2023-12-06 13:00:00,18,964.1,13,2,12
2023-12-06 14:00:00,35,1521.6,14,2,12
2023-12-06 15:00:00,26,1175.4,15,2,12
2023-12-06 16:00:00,18,882.7,16,2,12
2023-12-06 17:00:00,13,694.3,17,2,12
2023-12-06 18:00:00,12,613.1,18,2,12
2023-12-06 19:00:00,9,384.3,19,2,12
2023-12-06 20:00:00,6,251.9,20,2,12
2023-12-06 21:00:00,5,172.9,21,2,12
2023-12-06 22:00:00,3,139.5,22,2,12
2023-12-06 23:00:00,0,0.0,23,2,12
2023-12-07 00:00:00,5,304.2,0,3,12
2023-12-07 01:00:00,6,311.4,1,3,12
2023-12-07 02:00:00,1,52.7,2,3,12
2023-12-07 03:00:00,1,47.0,3,3,12
2023-12-07 04:00:00,1,35.0,4,3,12
2023-12-07 05:00:00,6,266.1,5,3,12
2023-12-07 06:00:00,5,214.8,6,3,12
2023-12-07 07:00:00,9,362.9,7,3,12
2023-12-07 08:00:00,8,444.6,8,3,12
2023-12-07 09:00:00,19,931.0,9,3,12
2023-12-07 10:00:00,20,959.3,10,3,12
2023-12-07 11:00:00,24,1206.8,11,3,12
2023-12-07 12:00:00,16,684.4,12,3,12
2023-12-07 13:00:00,22,1109.8,13,3,12
2023-12-07 14:00:00,31,1525.2,14,3,12
2023-12-07 15:00:00,15,737.7,15,3,12
2023-12-07 16:00:00,18,927.2,16,3,12
2023-12-07 17:00:00,15,756.3,17,3,12
2023-12-07 18:00:00,10,452.7,18,3,12
2023-12-07 19:00:00,7,354.4,19,3,12
2023-12-07 20:00:00,10,463.4,20,3,12
2023-12-07 21:00:00,1,32.1,21,3,12
2023-12-07 22:00:00,0,0.0,22,3,12
2023-12-07 23:00:00,3,134.7,23,3,12
2023-12-08 00:00:00,3,212.7,0,4,12
2023-12-08 01:00:00,5,236.7,1,4,12
2023-12-08 02:00:00,1,41.7,2,4,12
2023-12-08 03:00:00,2,65.30000000000001,3,4,12
2023-12-08 04:00:00,6,233.2,4,4,12
2023-12-08 05:00:00,4,202.7,5,4,12
2023-12-08 06:00:00,2,124.4,6,4,12
2023-12-08 07:00:00,7,243.10000000000002,7,4,12
2023-12-08 08:00:00,11,622.1,8,4,12
2023-12-08 09:00:00,16,801.1999999999999,9,4,12
2023-12-08 10:00:00,18,845.5,10,4,12
2023-12-08 11:00:00,21,890.6,11,4,12
2023-12-08 12:00:00,30,1345.9,12,4,12
2023-12-08 13:00:00,28,1402.2,13,4,12
2023-12-08 14:00:00,18,939.9,14,4,12
2023-12-08 15:00:00,18,810.1,15,4,12
2023-12-08 16:00:00,13,456.5,16,4,12
2023-12-08 17:00:00,11,536.9,17,4,12
2023-12-08 18:00:00,19,816.1,18,4,12
2023-12-08 19:00:00,10,354.0,19,4,12
2023-12-08 20:00:00,8,326.2,20,4,12
2023-12-08 21:00:00,4,183.4,21,4,12
2023-12-08 22:00:00,2,125.8,22,4,12
2023-12-08 23:00:00,3,112.0,23,4,12
2023-12-09 00:00:00,1,31.9,0,5,12
2023-12-09 01:00:00,2,67.0,1,5,12
2023-12-09 02:00:00,3,116.5,2,5,12
2023-12-09 03:00:00,3,185.9,3,5,12
2023-12-09 04:00:00,2,109.4,4,5,12
2023-12-09 05:00:00,5,171.8,5,5,12
2023-12-09 06:00:00,7,284.2,6,5,12
2023-12-09 07:00:00,8,422.8,7,5,12
2023-12-09 08:00:00,15,781.8,8,5,12
2023-12-09 09:00:00,10,443.4,9,5,12
2023-12-09 10:00:00,14,673.2,10,5,12
2023-12-09 11:00:00,10,381.3,11,5,12
2023-12-09 12:00:00,20,1103.1,12,5,12
2023-12-09 13:00:00,20,921.4,13,5,12
2023-12-09 14:00:00,20,958.8,14,5,12
2023-12-09 15:00:00,14,700.7,15,5,12
2023-12-09 16:00:00,11,477.5,16,5,12
2023-12-09 17:00:00,12,647.9,17,5,12
2023-12-09 18:00:00,6,270.3,18,5,12
2023-12-09 19:00:00,8,429.1,19,5,12
2023-12-09 20:00:00,4,206.4,20,5,12
2023-12-09 21:00:00,0,0.0,21,5,12
2023-12-09 22:00:00,0,0.0,22,5,12
2023-12-09 23:00:00,2,69.4,23,5,12
2023-12-10 00:00:00,4,208.29999999999998,0,6,12
2023-12-10 01:00:00,0,0.0,1,6,12
2023-12-10 02:00:00,3,147.7,2,6,12
2023-12-10 03:00:00,3,149.1,3,6,12
2023-12-10 04:00:00,0,0.0,4,6,12
2023-12-10 05:00:00,1,31.1,5,6,12
2023-12-10 06:00:00,2,109.4,6,6,12
2023-12-10 07:00:00,6,301.1,7,6,12
2023-12-10 08:00:00,13,610.4,8,6,12
2023-12-10 09:00:00,13,529.2,9,6,12
2023-12-10 10:00:00,20,993.9,10,6,12
2023-12-10 11:00:00,19,916.8000000000001,11,6,12
2023-12-10 12:00:00,16,696.6,12,6,12
2023-12-10 13:00:00,15,661.1999999999999,13,6,12
2023-12-10 14:00:00,16,826.1999999999999,14,6,12
2023-12-10 15:00:00,8,363.1,15,6,12
2023-12-10 16:00:00,13,638.8,16,6,12
2023-12-10 17:00:00,12,556.6,17,6,12
2023-12-10 18:00:00,6,293.8,18,6,12
2023-12-10 19:00:00,6,288.9,19,6,12
2023-12-10 20:00:00,4,139.7,20,6,12
2023-12-10 21:00:00,6,296.6,21,6,12
2023-12-10 22:00:00,2,111.0,22,6,12
2023-12-10 23:00:00,1,40.3,23,6,12
2023-12-11 00:00:00,5,217.3,0,0,12
2023-12-11 01:00:00,2,112.7,1,0,12
2023-12-11 02:00:00,4,155.4,2,0,12
2023-12-11 03:00:00,1,36.8,3,0,12
2023-12-11 04:00:00,3,159.2,4,0,12
2023-12-11 05:00:00,6,293.4,5,0,12
2023-12-11 06:00:00,6,296.8,6,0,12
2023-12-11 07:00:00,12,528.1,7,0,12
2023-12-11 08:00:00,10,508.6,8,0,12
2023-12-11 09:00:00,20,1023.7,9,0,12
2023-12-11 10:00:00,21,1044.7,10,0,12
2023-12-11 11:00:00,10,373.6,11,0,12
2023-12-11 12:00:00,18,787.4,12,0,12
2023-12-11 13:00:00,19,843.1,13,0,12
2023-12-11 14:00:00,13,737.2,14,0,12
2023-12-11 15:00:00,21,1096.2,15,0,12
2023-12-11 16:00:00,17,724.4,16,0,12
2023-12-11 17:00:00,13,543.8,17,0,12
2023-12-11 18:00:00,8,350.8,18,0,12
2023-12-11 19:00:00,12,529.6,19,0,12
2023-12-11 20:00:00,9,399.3,20,0,12
2023-12-11 21:00:00,6,259.5,21,0,12
2023-12-11 22:00:00,4,154.6,22,0,12
2023-12-11 23:00:00,1,33.5,23,0,12
2023-12-12 00:00:00,5,259.8,0,1,12
2023-12-12 01:00:00,3,113.5,1,1,12
2023-12-12 02:00:00,3,117.2,2,1,12
2023-12-12 03:00:00,2,117.80000000000001,3,1,12
2023-12-12 04:00:00,2,114.2,4,1,12
2023-12-12 05:00:00,4,237.3,5,1,12
2023-12-12 06:00:00,7,336.6,6,1,12
2023-12-12 07:00:00,10,483.1,7,1,12
2023-12-12 08:00:00,21,1094.2,8,1,12
2023-12-12 09:00:00,16,697.3,9,1,12
2023-12-12 10:00:00,21,1036.9,10,1,12
2023-12-12 11:00:00,16,787.9,11,1,12
2023-12-12 12:00:00,19,1019.9,12,1,12
2023-12-12 13:00:00,28,1429.3,13,1,12
2023-12-12 14:00:00,32,1505.5,14,1,12
2023-12-12 15:00:00,25,1217.3,15,1,12
2023-12-12 16:00:00,15,746.2,16,1,12
2023-12-12 17:00:00,19,756.8,17,1,12
2023-12-12 18:00:00,13,608.6,18,1,12
2023-12-12 19:00:00,6,340.6,19,1,12
2023-12-12 20:00:00,6,357.20000000000005,20,1,12
2023-12-12 21:00:00,4,189.3,21,1,12
2023-12-12 22:00:00,3,102.9,22,1,12
2023-12-12 23:00:00,4,179.9,23,1,12
2023-12-13 00:00:00,5,256.7,0,2,12
2023-12-13 01:00:00,4,243.3,1,2,12
2023-12-13 02:00:00,3,161.0,2,2,12
2023-12-13 03:00:00,5,250.20000000000002,3,2,12
2023-12-13 04:00:00,3,138.70000000000002,4,2,12
2023-12-13 05:00:00,6,222.10000000000002,5,2,12
2023-12-13 06:00:00,9,408.6,6,2,12
2023-12-13 07:00:00,3,177.5,7,2,12
2023-12-13 08:00:00,18,773.0,8,2,12
2023-12-13 09:00:00,20,962.4,9,2,12
2023-12-13 10:00:00,16,738.8,10,2,12
2023-12-13 11:00:00,16,724.2,11,2,12
2023-12-13 12:00:00,11,551.8,12,2,12
2023-12-13 13:00:00,12,545.2,13,2,12
2023-12-13 14:00:00,17,847.2,14,2,12
2023-12-13 15:00:00,17,736.8,15,2,12
2023-12-13 16:00:00,16,696.1,16,2,12
2023-12-13 17:00:00,12,565.3,17,2,12
2023-12-13 18:00:00,12,656.9,18,2,12
2023-12-13 19:00:00,10,497.8,19,2,12
2023-12-13 20:00:00,7,319.0,20,2,12
2023-12-13 21:00:00,2,126.5,21,2,12
2023-12-13 22:00:00,5,197.3,22,2,12
2023-12-13 23:00:00,3,99.19999999999999,23,2,12
2023-12-14 00:00:00,4,148.1,0,3,12
2023-12-14 01:00:00,4,214.7,1,3,12
2023-12-14 02:00:00,5,241.70000000000002,2,3,12
2023-12-14 03:00:00,2,102.0,3,3,12
2023-12-14 04:00:00,1,64.2,4,3,12
2023-12-14 05:00:00,5,198.0,5,3,12
2023-12-14 06:00:00,8,426.3,6,3,12
2023-12-14 07:00:00,15,597.2,7,3,12
2023-12-14 08:00:00,13,633.1,8,3,12
2023-12-14 09:00:00,17,654.8,9,3,12
2023-12-14 10:00:00,28,1294.1,10,3,12
2023-12-14 11:00:00,22,988.6,11,3,12
2023-12-14 12:00:00,17,877.5,12,3,12
2023-12-14 13:00:00,22,1021.0,13,3,12
2023-12-14 14:00:00,30,1260.1,14,3,12
2023-12-14 15:00:00,12,647.4,15,3,12
2023-12-14 16:00:00,20,841.9,16,3,12
2023-12-14 17:00:00,15,787.8,17,3,12
2023-12-14 18:00:00,10,350.5,18,3,12
2023-12-14 19:00:00,8,357.3,19,3,12
2023-12-14 20:00:00,7,398.5,20,3,12
2023-12-14 21:00:00,6,237.8,21,3,12
2023-12-14 22:00:00,3,201.7,22,3,12
2023-12-14 23:00:00,3,210.9,23,3,12
2023-12-15 00:00:00,2,121.4,0,4,12
2023-12-15 01:00:00,1,45.9,1,4,12
2023-12-15 02:00:00,6,267.5,2,4,12
2023-12-15 03:00:00,1,46.2,3,4,12
2023-12-15 04:00:00,2,100.6,4,4,12
2023-12-15 05:00:00,8,321.0,5,4,12
2023-12-15 06:00:00,2,74.6,6,4,12
2023-12-15 07:00:00,8,350.6,7,4,12
2023-12-15 08:00:00,15,730.0,8,4,12
2023-12-15 09:00:00,22,1138.2,9,4,12
2023-12-15 10:00:00,17,949.8,10,4,12
2023-12-15 11:00:00,22,910.2,11,4,12
2023-12-15 12:00:00,26,1179.6,12,4,12
2023-12-15 13:00:00,24,1062.9,13,4,12
2023-12-15 14:00:00,19,844.5,14,4,12
2023-12-15 15:00:00,20,976.5,15,4,12
2023-12-15 16:00:00,9,459.79999999999995,16,4,12
2023-12-15 17:00:00,15,647.6,17,4,12
2023-12-15 18:00:00,14,725.5,18,4,12
2023-12-15 19:00:00,14,684.1,19,4,12
2023-12-15 20:00:00,10,459.70000000000005,20,4,12
2023-12-15 21:00:00,2,97.1,21,4,12
2023-12-15 22:00:00,2,74.5,22,4,12
2023-12-15 23:00:00,3,165.5,23,4,12
2023-12-16 00:00:00,1,30.7,0,5,12
2023-12-16 01:00:00,4,231.4,1,5,12
2023-12-16 02:00:00,1,35.0,2,5,12
2023-12-16 03:00:00,3,119.5,3,5,12
2023-12-16 04:00:00,0,0.0,4,5,12
2023-12-16 05:00:00,1,54.3,5,5,12
2023-12-16 06:00:00,7,302.3,6,5,12
2023-12-16 07:00:00,7,365.8,7,5,12
2023-12-16 08:00:00,14,679.7,8,5,12
2023-12-16 09:00:00,13,538.3,9,5,12
2023-12-16 10:00:00,11,572.3,10,5,12
2023-12-16 11:00:00,14,697.5,11,5,12
2023-12-16 12:00:00,17,825.3,12,5,12
2023-12-16 13:00:00,17,892.5,13,5,12
2023-12-16 14:00:00,11,602.7,14,5,12
2023-12-16 15:00:00,13,547.6,15,5,12
2023-12-16 16:00:00,14,548.5,16,5,12
2023-12-16 17:00:00,10,431.0,17,5,12
2023-12-16 18:00:00,11,429.6,18,5,12
2023-12-16 19:00:00,8,396.3,19,5,12
2023-12-16 20:00:00,6,302.6,20,5,12
2023-12-16 21:00:00,3,118.4,21,5,12
2023-12-16 22:00:00,0,0.0,22,5,12
2023-12-16 23:00:00,0,0.0,23,5,12
2023-12-17 00:00:00,2,125.1,0,6,12
2023-12-17 01:00:00,3,101.8,1,6,12
2023-12-17 02:00:00,0,0.0,2,6,12
2023-12-17 03:00:00,0,0.0,3,6,12
2023-12-17 04:00:00,2,81.7,4,6,12
2023-12-17 05:00:00,2,117.6,5,6,12
2023-12-17 06:00:00,4,250.0,6,6,12
2023-12-17 07:00:00,6,314.7,7,6,12
2023-12-17 08:00:00,10,426.3,8,6,12
2023-12-17 09:00:00,14,750.0,9,6,12
2023-12-17 10:00:00,18,941.2,10,6,12
2023-12-17 11:00:00,14,779.4,11,6,12
2023-12-17 12:00:00,14,615.2,12,6,12
2023-12-17 13:00:00,12,606.6,13,6,12
2023-12-17 14:00:00,11,429.8,14,6,12
2023-12-17 15:00:00,13,687.3,15,6,12
2023-12-17 16:00:00,16,806.0,16,6,12
2023-12-17 17:00:00,9,424.3,17,6,12
2023-12-17 18:00:00,11,488.6,18,6,12
2023-12-17 19:00:00,6,230.8,19,6,12
2023-12-17 20:00:00,3,126.3,20,6,12
2023-12-17 21:00:00,4,162.0,21,6,12
2023-12-17 22:00:00,2,77.6,22,6,12
2023-12-17 23:00:00,2,66.7,23,6,12
2023-12-18 00:00:00,3,102.0,0,0,12
2023-12-18 01:00:00,4,194.8,1,0,12
2023-12-18 02:00:00,5,316.0,2,0,12
2023-12-18 03:00:00,4,159.0,3,0,12
2023-12-18 04:00:00,2,65.3,4,0,12
2023-12-18 05:00:00,7,310.8,5,0,12
2023-12-18 06:00:00,10,431.8,6,0,12
2023-12-18 07:00:00,11,480.0,7,0,12
2023-12-18 08:00:00,17,748.6,8,0,12
2023-12-18 09:00:00,20,933.6,9,0,12
2023-12-18 10:00:00,23,1014.0,10,0,12
2023-12-18 11:00:00,17,820.6,11,0,12
2023-12-18 12:00:00,19,826.1,12,0,12
2023-12-18 13:00:00,19,870.4,13,0,12
2023-12-18 14:00:00,26,1141.3,14,0,12
2023-12-18 15:00:00,14,723.9,15,0,12
2023-12-18 16:00:00,15,723.2,16,0,12
2023-12-18 17:00:00,18,970.4,17,0,12
2023-12-18 18:00:00,11,567.7,18,0,12
2023-12-18 19:00:00,10,418.1,19,0,12
2023-12-18 20:00:00,7,293.1,20,0,12
2023-12-18 21:00:00,1,48.9,21,0,12
2023-12-18 22:00:00,0,0.0,22,0,12
2023-12-18 23:00:00,1,60.0,23,0,12
2023-12-19 00:00:00,3,145.7,0,1,12
2023-12-19 01:00:00,1,34.8,1,1,12
2023-12-19 02:00:00,1,80.0,2,1,12
2023-12-19 03:00:00,2,87.6,3,1,12
2023-12-19 04:00:00,1,80.0,4,1,12
2023-12-19 05:00:00,4,146.5,5,1,12
2023-12-19 06:00:00,3,141.0,6,1,12
2023-12-19 07:00:00,10,426.3,7,1,12
2023-12-19 08:00:00,19,918.1,8,1,12
2023-12-19 09:00:00,19,1000.3,9,1,12
2023-12-19 10:00:00,22,917.7,10,1,12
2023-12-19 11:00:00,16,794.4,11,1,12
2023-12-19 12:00:00,19,900.3,12,1,12
2023-12-19 13:00:00,19,1053.4,13,1,12
2023-12-19 14:00:00,21,964.6,14,1,12
2023-12-19 15:00:00,20,991.0,15,1,12
2023-12-19 16:00:00,10,401.3,16,1,12
2023-12-19 17:00:00,15,785.2,17,1,12
2023-12-19 18:00:00,12,589.2,18,1,12
2023-12-19 19:00:00,12,480.0,19,1,12
2023-12-19 20:00:00,5,307.3,20,1,12
2023-12-19 21:00:00,2,80.1,21,1,12
2023-12-19 22:00:00,1,56.2,22,1,12
2023-12-19 23:00:00,2,77.9,23,1,12
2023-12-20 00:00:00,2,104.69999999999999,0,2,12
2023-12-20 01:00:00,0,0.0,1,2,12
2023-12-20 02:00:00,4,158.2,2,2,12
2023-12-20 03:00:00,0,0.0,3,2,12
2023-12-20 04:00:00,1,30.9,4,2,12
2023-12-20 05:00:00,7,297.5,5,2,12
2023-12-20 06:00:00,7,342.4,6,2,12
2023-12-20 07:00:00,9,382.5,7,2,12
2023-12-20 08:00:00,10,520.1,8,2,12
2023-12-20 09:00:00,11,614.6,9,2,12
2023-12-20 10:00:00,25,1300.6,10,2,12
2023-12-20 11:00:00,18,753.7,11,2,12
2023-12-20 12:00:00,20,1118.6,12,2,12
2023-12-20 13:00:00,28,1265.9,13,2,12
2023-12-20 14:00:00,10,534.6,14,2,12
2023-12-20 15:00:00,14,651.8,15,2,12
2023-12-20 16:00:00,19,923.1,16,2,12
2023-12-20 17:00:00,10,507.4,17,2,12
2023-12-20 18:00:00,15,775.0,18,2,12
2023-12-20 19:00:00,10,434.79999999999995,19,2,12
2023-12-20 20:00:00,10,411.7,20,2,12
2023-12-20 21:00:00,4,187.7,21,2,12
2023-12-20 22:00:00,4,179.5,22,2,12
2023-12-20 23:00:00,4,180.9,23,2,12
2023-12-21 00:00:00,0,0.0,0,3,12
2023-12-21 01:00:00,1,65.8,1,3,12
2023-12-21 02:00:00,2,61.6,2,3,12
2023-12-21 03:00:00,1,66.7,3,3,12
2023-12-21 04:00:00,1,37.3,4,3,12
2023-12-21 05:00:00,2,89.30000000000001,5,3,12
2023-12-21 06:00:00,6,293.5,6,3,12
2023-12-21 07:00:00,11,548.9,7,3,12
2023-12-21 08:00:00,12,541.6,8,3,12
2023-12-21 09:00:00,17,701.8,9,3,12
2023-12-21 10:00:00,22,987.5,10,3,12
2023-12-21 11:00:00,26,1353.8,11,3,12
2023-12-21 12:00:00,14,679.4,12,3,12
2023-12-21 13:00:00,12,562.8,13,3,12
2023-12-21 14:00:00,23,1201.1,14,3,12
2023-12-21 15:00:00,22,1077.3,15,3,12
2023-12-21 16:00:00,14,699.5,16,3,12
2023-12-21 17:00:00,13,596.2,17,3,12
2023-12-21 18:00:00,15,651.5,18,3,12
2023-12-21 19:00:00,4,167.9,19,3,12
2023-12-21 20:00:00,5,275.3,20,3,12
2023-12-21 21:00:00,3,127.1,21,3,12
2023-12-21 22:00:00,2,54.7,22,3,12
2023-12-21 23:00:00,4,141.1,23,3,12
2023-12-22 00:00:00,0,0.0,0,4,12
2023-12-22 01:00:00,1,80.0,1,4,12
2023-12-22 02:00:00,3,95.0,2,4,12
2023-12-22 03:00:00,2,109.0,3,4,12
2023-12-22 04:00:00,3,178.5,4,4,12
2023-12-22 05:00:00,5,236.5,5,4,12
2023-12-22 06:00:00,10,460.5,6,4,12
2023-12-22 07:00:00,7,383.6,7,4,12
2023-12-22 08:00:00,11,557.9,8,4,12
2023-12-22 09:00:00,24,1073.3,9,4,12
2023-12-22 10:00:00,28,1319.6000000000001,10,4,12
2023-12-22 11:00:00,13,638.9,11,4,12
2023-12-22 12:00:00,16,814.0,12,4,12
2023-12-22 13:00:00,20,958.6,13,4,12
2023-12-22 14:00:00,19,998.1,14,4,12
2023-12-22 15:00:00,24,1038.6,15,4,12
2023-12-22 16:00:00,12,525.6,16,4,12
2023-12-22 17:00:00,9,465.7,17,4,12
2023-12-22 18:00:00,9,384.4,18,4,12
2023-12-22 19:00:00,10,462.9,19,4,12
2023-12-22 20:00:00,5,190.4,20,4,12
2023-12-22 21:00:00,5,204.7,21,4,12
2023-12-22 22:00:00,1,48.9,22,4,12
2023-12-22 23:00:00,2,112.2,23,4,12
2023-12-23 00:00:00,0,0.0,0,5,12
2023-12-23 01:00:00,0,0.0,1,5,12
2023-12-23 02:00:00,0,0.0,2,5,12
2023-12-23 03:00:00,1,75.6,3,5,12
2023-12-23 04:00:00,2,91.3,4,5,12
2023-12-23 05:00:00,5,218.7,5,5,12
2023-12-23 06:00:00,7,449.2,6,5,12
2023-12-23 07:00:00,5,222.1,7,5,12
2023-12-23 08:00:00,5,260.9,8,5,12
2023-12-23 09:00:00,14,699.8,9,5,12
2023-12-23 10:00:00,25,1184.9,10,5,12
2023-12-23 11:00:00,19,991.0,11,5,12
2023-12-23 12:00:00,12,493.9,12,5,12
2023-12-23 13:00:00,8,286.6,13,5,12
2023-12-23 14:00:00,20,862.6,14,5,12
2023-12-23 15:00:00,20,900.6,15,5,12
2023-12-23 16:00:00,9,378.40000000000003,16,5,12
2023-12-23 17:00:00,11,601.1,17,5,12
2023-12-23 18:00:00,10,521.3,18,5,12
2023-12-23 19:00:00,9,567.0,19,5,12
2023-12-23 20:00:00,5,299.2,20,5,12
2023-12-23 21:00:00,5,180.8,21,5,12
2023-12-23 22:00:00,2,65.6,22,5,12
2023-12-23 23:00:00,3,111.69999999999999,23,5,12
2023-12-24 00:00:00,4,217.0,0,6,12
2023-12-24 01:00:00,3,113.5,1,6,12
2023-12-24 02:00:00,1,32.6,2,6,12
2023-12-24 03:00:00,1,32.3,3,6,12
2023-12-24 04:00:00,0,0.0,4,6,12
2023-12-24 05:00:00,1,35.6,5,6,12
2023-12-24 06:00:00,6,346.0,6,6,12
2023-12-24 07:00:00,7,303.8,7,6,12
2023-12-24 08:00:00,11,521.9,8,6,12
2023-12-24 09:00:00,11,479.9,9,6,12
2023-12-24 10:00:00,14,763.3,10,6,12
2023-12-24 11:00:00,14,655.5,11,6,12
2023-12-24 12:00:00,16,691.1,12,6,12
2023-12-24 13:00:00,15,765.4,13,6,12
2023-12-24 14:00:00,15,755.4,14,6,12
2023-12-24 15:00:00,14,768.2,15,6,12
2023-12-24 16:00:00,10,475.4,16,6,12
2023-12-24 17:00:00,11,463.7,17,6,12
2023-12-24 18:00:00,11,535.0,18,6,12
2023-12-24 19:00:00,7,274.9,19,6,12
2023-12-24 20:00:00,5,227.8,20,6,12
2023-12-24 21:00:00,2,56.8,21,6,12
2023-12-24 22:00:00,2,74.7,22,6,12
2023-12-24 23:00:00,3,168.0,23,6,12
2023-12-25 00:00:00,2,63.0,0,0,12
2023-12-25 01:00:00,2,103.80000000000001,1,0,12
2023-12-25 02:00:00,2,67.7,2,0,12
2023-12-25 03:00:00,4,129.6,3,0,12
2023-12-25 04:00:00,2,80.69999999999999,4,0,12
2023-12-25 05:00:00,5,182.0,5,0,12
2023-12-25 06:00:00,5,275.2,6,0,12
2023-12-25 07:00:00,10,405.8,7,0,12
2023-12-25 08:00:00,18,825.1,8,0,12
2023-12-25 09:00:00,15,643.1,9,0,12
2023-12-25 10:00:00,20,1023.6,10,0,12
2023-12-25 11:00:00,20,1051.3,11,0,12
2023-12-25 12:00:00,25,1185.4,12,0,12
2023-12-25 13:00:00,14,634.6,13,0,12
2023-12-25 14:00:00,27,1372.6,14,0,12
2023-12-25 15:00:00,18,795.8,15,0,12
2023-12-25 16:00:00,16,830.3,16,0,12
2023-12-25 17:00:00,7,389.3,17,0,12
2023-12-25 18:00:00,9,427.8,18,0,12
2023-12-25 19:00:00,8,389.4,19,0,12
2023-12-25 20:00:00,11,559.1,20,0,12
2023-12-25 21:00:00,6,282.7,21,0,12
2023-12-25 22:00:00,4,139.7,22,0,12
2023-12-25 23:00:00,3,136.0,23,0,12
2023-12-26 00:00:00,5,230.6,0,1,12
2023-12-26 01:00:00,2,143.0,1,1,12
2023-12-26 02:00:00,1,69.8,2,1,12
2023-12-26 03:00:00,4,156.9,3,1,12
2023-12-26 04:00:00,4,210.1,4,1,12
2023-12-26 05:00:00,1,41.2,5,1,12
2023-12-26 06:00:00,6,238.5,6,1,12
2023-12-26 07:00:00,13,617.3,7,1,12
2023-12-26 08:00:00,11,554.7,8,1,12
2023-12-26 09:00:00,15,706.4,9,1,12
2023-12-26 10:00:00,16,751.5,10,1,12
2023-12-26 11:00:00,13,675.4,11,1,12
2023-12-26 12:00:00,30,1345.6,12,1,12
2023-12-26 13:00:00,23,1275.2,13,1,12
2023-12-26 14:00:00,24,1006.5,14,1,12
2023-12-26 15:00:00,23,1135.8,15,1,12
2023-12-26 16:00:00,12,527.3,16,1,12
2023-12-26 17:00:00,11,447.7,17,1,12
2023-12-26 18:00:00,13,626.8,18,1,12
2023-12-26 19:00:00,9,369.6,19,1,12
2023-12-26 20:00:00,6,292.3,20,1,12
2023-12-26 21:00:00,4,163.89999999999998,21,1,12
2023-12-26 22:00:00,3,117.6,22,1,12
2023-12-26 23:00:00,1,29.2,23,1,12
2023-12-27 00:00:00,0,0.0,0,2,12
2023-12-27 01:00:00,2,68.9,1,2,12
2023-12-27 02:00:00,0,0.0,2,2,12
2023-12-27 03:00:00,7,349.20000000000005,3,2,12
2023-12-27 04:00:00,2,105.7,4,2,12
2023-12-27 05:00:00,5,202.3,5,2,12
2023-12-27 06:00:00,14,668.7,6,2,12
2023-12-27 07:00:00,11,537.9,7,2,12
2023-12-27 08:00:00,12,564.4,8,2,12
2023-12-27 09:00:00,16,591.9,9,2,12
2023-12-27 10:00:00,13,716.2,10,2,12
2023-12-27 11:00:00,21,900.2,11,2,12
2023-12-27 12:00:00,28,1345.9,12,2,12
2023-12-27 13:00:00,20,901.7,13,2,12
2023-12-27 14:00:00,23,1076.6,14,2,12
2023-12-27 15:00:00,17,864.7,15,2,12
2023-12-27 16:00:00,21,977.7,16,2,12
2023-12-27 17:00:00,14,544.2,17,2,12
2023-12-27 18:00:00,13,574.3,18,2,12
2023-12-27 19:00:00,8,302.5,19,2,12
2023-12-27 20:00:00,11,475.2,20,2,12
2023-12-27 21:00:00,7,299.4,21,2,12
2023-12-27 22:00:00,1,80.0,22,2,12
2023-12-27 23:00:00,3,128.3,23,2,12
2023-12-28 00:00:00,3,107.9,0,3,12
2023-12-28 01:00:00,1,48.6,1,3,12
2023-12-28 02:00:00,4,205.0,2,3,12
2023-12-28 03:00:00,4,149.89999999999998,3,3,12
2023-12-28 04:00:00,2,65.2,4,3,12
2023-12-28 05:00:00,3,144.9,5,3,12
2023-12-28 06:00:00,6,246.2,6,3,12
2023-12-28 07:00:00,12,513.6,7,3,12
2023-12-28 08:00:00,10,411.5,8,3,12
2023-12-28 09:00:00,19,893.2,9,3,12
2023-12-28 10:00:00,24,1047.9,10,3,12
2023-12-28 11:00:00,22,903.5,11,3,12
2023-12-28 12:00:00,29,1197.0,12,3,12
2023-12-28 13:00:00,18,790.5,13,3,12
2023-12-28 14:00:00,23,1255.6,14,3,12
2023-12-28 15:00:00,20,895.5999999999999,15,3,12
2023-12-28 16:00:00,20,979.3,16,3,12
2023-12-28 17:00:00,15,776.0,17,3,12
2023-12-28 18:00:00,10,499.1,18,3,12
2023-12-28 19:00:00,11,442.9,19,3,12
2023-12-28 20:00:00,10,506.6,20,3,12
2023-12-28 21:00:00,6,365.3,21,3,12
2023-12-28 22:00:00,3,102.2,22,3,12
2023-12-28 23:00:00,4,228.5,23,3,12
2023-12-29 00:00:00,3,147.2,0,4,12
2023-12-29 01:00:00,1,80.0,1,4,12
2023-12-29 02:00:00,1,40.5,2,4,12
2023-12-29 03:00:00,1,30.7,3,4,12
2023-12-29 04:00:00,0,0.0,4,4,12
2023-12-29 05:00:00,4,193.0,5,4,12
2023-12-29 06:00:00,2,83.7,6,4,12
2023-12-29 07:00:00,12,648.0,7,4,12
2023-12-29 08:00:00,18,812.1,8,4,12
2023-12-29 09:00:00,16,764.3000000000001,9,4,12
2023-12-29 10:00:00,22,1092.8,10,4,12
2023-12-29 11:00:00,26,1319.6,11,4,12
2023-12-29 12:00:00,13,525.4,12,4,12
2023-12-29 13:00:00,19,904.5,13,4,12
2023-12-29 14:00:00,21,1107.4,14,4,12
2023-12-29 15:00:00,16,757.9,15,4,12
2023-12-29 16:00:00,19,833.0,16,4,12
2023-12-29 17:00:00,10,487.8,17,4,12
2023-12-29 18:00:00,20,916.4,18,4,12
2023-12-29 19:00:00,14,697.6,19,4,12
2023-12-29 20:00:00,8,472.1,20,4,12
2023-12-29 21:00:00,8,354.9,21,4,12
2023-12-29 22:00:00,1,29.0,22,4,12
2023-12-29 23:00:00,3,109.1,23,4,12
2023-12-30 00:00:00,0,0.0,0,5,12
2023-12-30 01:00:00,0,0.0,1,5,12
2023-12-30 02:00:00,1,58.3,2,5,12
2023-12-30 03:00:00,3,113.1,3,5,12
2023-12-30 04:00:00,0,0.0,4,5,12
2023-12-30 05:00:00,3,159.0,5,5,12
2023-12-30 06:00:00,7,352.29999999999995,6,5,12
2023-12-30 07:00:00,7,358.4,7,5,12
2023-12-30 08:00:00,15,629.1999999999999,8,5,12
2023-12-30 09:00:00,10,481.90000000000003,9,5,12
2023-12-30 10:00:00,10,393.9,10,5,12
2023-12-30 11:00:00,10,472.6,11,5,12
2023-12-30 12:00:00,10,467.7,12,5,12
2023-12-30 13:00:00,19,1030.4,13,5,12
2023-12-30 14:00:00,12,650.8,14,5,12
2023-12-30 15:00:00,17,663.5,15,5,12
2023-12-30 16:00:00,8,329.8,16,5,12
2023-12-30 17:00:00,6,292.0,17,5,12
2023-12-30 18:00:00,11,502.8,18,5,12
2023-12-30 19:00:00,3,107.8,19,5,12
2023-12-30 20:00:00,2,66.9,20,5,12
2023-12-30 21:00:00,5,161.4,21,5,12
2023-12-30 22:00:00,3,178.10000000000002,22,5,12
2023-12-30 23:00:00,0,0.0,23,5,12
2023-12-31 00:00:00,0,0.0,0,6,12
2023-12-31 01:00:00,0,0.0,1,6,12
2023-12-31 02:00:00,1,50.1,2,6,12
2023-12-31 03:00:00,2,114.3,3,6,12
2023-12-31 04:00:00,2,81.2,4,6,12
2023-12-31 05:00:00,2,121.5,5,6,12
2023-12-31 06:00:00,4,186.9,6,6,12
2023-12-31 07:00:00,9,429.5,7,6,12
2023-12-31 08:00:00,12,573.3,8,6,12
2023-12-31 09:00:00,12,549.4,9,6,12
2023-12-31 10:00:00,15,721.5,10,6,12
2023-12-31 11:00:00,25,1208.4,11,6,12
2023-12-31 12:00:00,20,895.2,12,6,12
2023-12-31 13:00:00,14,658.9,13,6,12
2023-12-31 14:00:00,12,640.1,14,6,12
2023-12-31 15:00:00,16,775.5,15,6,12
2023-12-31 16:00:00,8,339.4,16,6,12
2023-12-31 17:00:00,7,337.3,17,6,12
2023-12-31 18:00:00,8,432.2,18,6,12
2023-12-31 19:00:00,4,217.1,19,6,12
2023-12-31 20:00:00,7,285.7,20,6,12
2023-12-31 21:00:00,1,80.0,21,6,12
2023-12-31 22:00:00,1,70.1,22,6,12
2023-12-31 23:00:00,0,0.0,23,6,12
2024-01-01 00:00:00,6,255.5,0,0,1
2024-01-01 01:00:00,5,173.6,1,0,1
2024-01-01 02:00:00,2,70.2,2,0,1
2024-01-01 03:00:00,0,0.0,3,0,1
2024-01-01 04:00:00,4,141.4,4,0,1
2024-01-01 05:00:00,7,235.1,5,0,1
2024-01-01 06:00:00,15,758.4,6,0,1
2024-01-01 07:00:00,18,784.2,7,0,1
2024-01-01 08:00:00,31,1343.2,8,0,1
2024-01-01 09:00:00,36,1628.4,9,0,1
2024-01-01 10:00:00,41,1977.7,10,0,1
2024-01-01 11:00:00,42,1853.9,11,0,1
2024-01-01 12:00:00,41,1999.4,12,0,1
2024-01-01 13:00:00,44,2185.2,13,0,1
2024-01-01 14:00:00,42,1826.8,14,0,1
2024-01-01 15:00:00,46,2207.2,15,0,1
2024-01-01 16:00:00,37,1641.7,16,0,1
2024-01-01 17:00:00,24,1059.9,17,0,1
2024-01-01 18:00:00,26,1144.0,18,0,1
2024-01-01 19:00:00,22,940.1,19,0,1
2024-01-01 20:00:00,12,499.1,20,0,1
2024-01-01 21:00:00,10,496.2,21,0,1
2024-01-01 22:00:00,3,120.1,22,0,1
2024-01-01 23:00:00,2,84.9,23,0,1
2024-01-02 00:00:00,5,210.3,0,1,1
2024-01-02 01:00:00,3,140.9,1,1,1
2024-01-02 02:00:00,9,365.40000000000003,2,1,1
2024-01-02 03:00:00,3,131.6,3,1,1
2024-01-02 04:00:00,7,292.8,4,1,1
2024-01-02 05:00:00,6,277.6,5,1,1
2024-01-02 06:00:00,15,630.9,6,1,1
2024-01-02 07:00:00,15,687.5,7,1,1
2024-01-02 08:00:00,24,1159.9,8,1,1
2024-01-02 09:00:00,43,2002.0,9,1,1
2024-01-02 10:00:00,35,1753.8,10,1,1
2024-01-02 11:00:00,47,2166.3,11,1,1
2024-01-02 12:00:00,37,1570.5,12,1,1
2024-01-02 13:00:00,44,2038.8,13,1,1
2024-01-02 14:00:00,46,2171.9,14,1,1
2024-01-02 15:00:00,34,1807.4,15,1,1
2024-01-02 16:00:00,33,1478.2,16,1,1
2024-01-02 17:00:00,22,1011.3,17,1,1
2024-01-02 18:00:00,17,864.0,18,1,1
2024-01-02 19:00:00,18,703.8,19,1,1
2024-01-02 20:00:00,13,680.7,20,1,1
2024-01-02 21:00:00,5,202.7,21,1,1
2024-01-02 22:00:00,3,155.9,22,1,1
2024-01-02 23:00:00,7,306.2,23,1,1
2024-01-03 00:00:00,5,255.70000000000002,0,2,1
2024-01-03 01:00:00,3,209.8,1,2,1
2024-01-03 02:00:00,2,84.2,2,2,1
2024-01-03 03:00:00,3,205.4,3,2,1
2024-01-03 04:00:00,7,372.1,4,2,1
2024-01-03 05:00:00,9,341.6,5,2,1
2024-01-03 06:00:00,11,542.5,6,2,1
2024-01-03 07:00:00,13,590.1,7,2,1
2024-01-03 08:00:00,35,1555.1,8,2,1
2024-01-03 09:00:00,38,1828.7,9,2,1
2024-01-03 10:00:00,36,1703.8,10,2,1
2024-01-03 11:00:00,44,2129.0,11,2,1
2024-01-03 12:00:00,35,1695.3,12,2,1
2024-01-03 13:00:00,34,1530.2,13,2,1
2024-01-03 14:00:00,38,1765.1,14,2,1
2024-01-03 15:00:00,42,2183.8,15,2,1
2024-01-03 16:00:00,36,1716.4,16,2,1
2024-01-03 17:00:00,26,1134.9,17,2,1
2024-01-03 18:00:00,21,1065.7,18,2,1
2024-01-03 19:00:00,15,807.1,19,2,1
2024-01-03 20:00:00,15,632.5,20,2,1
2024-01-03 21:00:00,13,561.1999999999999,21,2,1
2024-01-03 22:00:00,6,381.2,22,2,1
2024-01-03 23:00:00,8,451.4,23,2,1
2024-01-04 00:00:00,6,353.9,0,3,1
2024-01-04 01:00:00,3,139.1,1,3,1
2024-01-04 02:00:00,5,229.0,2,3,1
2024-01-04 03:00:00,2,125.69999999999999,3,3,1
2024-01-04 04:00:00,9,407.90000000000003,4,3,1
2024-01-04 05:00:00,13,508.8,5,3,1
2024-01-04 06:00:00,15,709.5,6,3,1
2024-01-04 07:00:00,11,552.4,7,3,1
2024-01-04 08:00:00,36,1670.6,8,3,1
2024-01-04 09:00:00,20,821.2,9,3,1
2024-01-04 10:00:00,39,1715.6,10,3,1
2024-01-04 11:00:00,37,1820.2,11,3,1
2024-01-04 12:00:00,45,1949.6,12,3,1
2024-01-04 13:00:00,42,1893.8,13,3,1
2024-01-04 14:00:00,37,1725.0,14,3,1
2024-01-04 15:00:00,38,1541.6,15,3,1
2024-01-04 16:00:00,34,1659.4,16,3,1
2024-01-04 17:00:00,33,1471.3,17,3,1
2024-01-04 18:00:00,23,958.3,18,3,1
2024-01-04 19:00:00,17,837.8,19,3,1
2024-01-04 20:00:00,17,693.6,20,3,1
2024-01-04 21:00:00,9,384.5,21,3,1
2024-01-04 22:00:00,5,267.2,22,3,1
2024-01-04 23:00:00,4,150.9,23,3,1
2024-01-05 00:00:00,4,215.3,0,4,1
2024-01-05 01:00:00,3,158.3,1,4,1
2024-01-05 02:00:00,4,184.10000000000002,2,4,1
2024-01-05 03:00:00,4,173.60000000000002,3,4,1
2024-01-05 04:00:00,4,188.6,4,4,1
2024-01-05 05:00:00,15,658.7,5,4,1
2024-01-05 06:00:00,18,783.6,6,4,1
2024-01-05 07:00:00,15,658.7,7,4,1
2024-01-05 08:00:00,25,1139.3,8,4,1
2024-01-05 09:00:00,28,1331.9,9,4,1
2024-01-05 10:00:00,31,1298.6,10,4,1
2024-01-05 11:00:00,30,1525.4,11,4,1
2024-01-05 12:00:00,40,1857.7,12,4,1
2024-01-05 13:00:00,46,2260.4,13,4,1
2024-01-05 14:00:00,41,1847.8,14,4,1
2024-01-05 15:00:00,35,1541.0,15,4,1
2024-01-05 16:00:00,39,1729.5,16,4,1
2024-01-05 17:00:00,21,866.3,17,4,1
2024-01-05 18:00:00,11,484.4,18,4,1
2024-01-05 19:00:00,17,886.0,19,4,1
2024-01-05 20:00:00,15,691.1,20,4,1
2024-01-05 21:00:00,12,514.7,21,4,1
2024-01-05 22:00:00,5,224.6,22,4,1
2024-01-05 23:00:00,1,55.0,23,4,1
2024-01-06 00:00:00,3,207.2,0,5,1
2024-01-06 01:00:00,8,479.2,1,5,1
2024-01-06 02:00:00,3,103.3,2,5,1
2024-01-06 03:00:00,5,317.1,3,5,1
2024-01-06 04:00:00,4,169.8,4,5,1
2024-01-06 05:00:00,11,548.7,5,5,1
2024-01-06 06:00:00,8,358.6,6,5,1
2024-01-06 07:00:00,9,506.6,7,5,1
2024-01-06 08:00:00,13,645.8,8,5,1
2024-01-06 09:00:00,28,1393.8,9,5,1
2024-01-06 10:00:00,27,1138.8,10,5,1
2024-01-06 11:00:00,48,2245.5,11,5,1
2024-01-06 12:00:00,27,1210.9,12,5,1
2024-01-06 13:00:00,29,1221.2,13,5,1
2024-01-06 14:00:00,22,1100.5,14,5,1
2024-01-06 15:00:00,23,959.9,15,5,1
2024-01-06 16:00:00,20,997.3,16,5,1
2024-01-06 17:00:00,24,1185.4,17,5,1
2024-01-06 18:00:00,16,760.2,18,5,1
2024-01-06 19:00:00,8,327.3,19,5,1
2024-01-06 20:00:00,6,345.3,20,5,1
2024-01-06 21:00:00,6,288.6,21,5,1
2024-01-06 22:00:00,3,156.9,22,5,1
2024-01-06 23:00:00,3,107.8,23,5,1
2024-01-07 00:00:00,5,260.8,0,6,1
2024-01-07 01:00:00,3,116.7,1,6,1
2024-01-07 02:00:00,2,114.4,2,6,1
2024-01-07 03:00:00,4,200.7,3,6,1
2024-01-07 04:00:00,5,255.7,4,6,1
2024-01-07 05:00:00,6,283.3,5,6,1
2024-01-07 06:00:00,5,262.9,6,6,1
2024-01-07 07:00:00,11,497.0,7,6,1
2024-01-07 08:00:00,24,1228.3,8,6,1
2024-01-07 09:00:00,34,1510.5,9,6,1
2024-01-07 10:00:00,28,1223.2,10,6,1
2024-01-07 11:00:00,31,1406.0,11,6,1
2024-01-07 12:00:00,32,1509.4,12,6,1
2024-01-07 13:00:00,29,1335.3,13,6,1
2024-01-07 14:00:00,24,1096.9,14,6,1
2024-01-07 15:00:00,15,635.9,15,6,1
2024-01-07 16:00:00,16,685.2,16,6,1
2024-01-07 17:00:00,26,1211.5,17,6,1
2024-01-07 18:00:00,17,766.1,18,6,1
2024-01-07 19:00:00,11,477.0,19,6,1
2024-01-07 20:00:00,7,324.1,20,6,1
2024-01-07 21:00:00,10,482.7,21,6,1
2024-01-07 22:00:00,4,192.39999999999998,22,6,1
2024-01-07 23:00:00,3,164.9,23,6,1
2024-01-08 00:00:00,1,37.9,0,0,1
2024-01-08 01:00:00,3,93.0,1,0,1
2024-01-08 02:00:00,4,149.1,2,0,1
2024-01-08 03:00:00,9,498.6,3,0,1
2024-01-08 04:00:00,7,426.0,4,0,1
2024-01-08 05:00:00,10,466.1,5,0,1
2024-01-08 06:00:00,15,772.7,6,0,1
2024-01-08 07:00:00,14,612.5,7,0,1
2024-01-08 08:00:00,29,1280.7,8,0,1
2024-01-08 09:00:00,39,1766.3,9,0,1
2024-01-08 10:00:00,41,1739.8,10,0,1
2024-01-08 11:00:00,43,2042.0,11,0,1
2024-01-08 12:00:00,35,1711.8,12,0,1
2024-01-08 13:00:00,45,1923.9,13,0,1
2024-01-08 14:00:00,33,1477.4,14,0,1
2024-01-08 15:00:00,36,1612.4,15,0,1
2024-01-08 16:00:00,39,1651.1,16,0,1
2024-01-08 17:00:00,20,790.7,17,0,1
2024-01-08 18:00:00,16,697.7,18,0,1
2024-01-08 19:00:00,25,1080.9,19,0,1
2024-01-08 20:00:00,20,962.1,20,0,1
2024-01-08 21:00:00,8,364.1,21,0,1
2024-01-08 22:00:00,8,256.0,22,0,1
2024-01-08 23:00:00,2,59.3,23,0,1
2024-01-09 00:00:00,6,228.8,0,1,1
2024-01-09 01:00:00,3,124.19999999999999,1,1,1
2024-01-09 02:00:00,9,385.1,2,1,1
2024-01-09 03:00:00,1,31.3,3,1,1
2024-01-09 04:00:00,6,293.2,4,1,1
2024-01-09 05:00:00,3,148.9,5,1,1
2024-01-09 06:00:00,18,964.0,6,1,1
2024-01-09 07:00:00,19,829.2,7,1,1
2024-01-09 08:00:00,27,1118.5,8,1,1
2024-01-09 09:00:00,31,1271.9,9,1,1
2024-01-09 10:00:00,39,1667.7,10,1,1
2024-01-09 11:00:00,37,1614.1,11,1,1
2024-01-09 12:00:00,42,1852.2,12,1,1
2024-01-09 13:00:00,46,2083.8,13,1,1
2024-01-09 14:00:00,43,2067.1,14,1,1
2024-01-09 15:00:00,38,1725.4,15,1,1
2024-01-09 16:00:00,36,1511.4,16,1,1
2024-01-09 17:00:00,25,1194.2,17,1,1
2024-01-09 18:00:00,20,876.9,18,1,1
2024-01-09 19:00:00,22,1052.7,19,1,1
2024-01-09 20:00:00,18,833.0,20,1,1
2024-01-09 21:00:00,14,690.2,21,1,1
2024-01-09 22:00:00,3,134.0,22,1,1
2024-01-09 23:00:00,6,306.7,23,1,1
2024-01-10 00:00:00,2,86.80000000000001,0,2,1
2024-01-10 01:00:00,3,117.4,1,2,1
2024-01-10 02:00:00,12,558.0,2,2,1
2024-01-10 03:00:00,7,327.4,3,2,1
2024-01-10 04:00:00,2,112.2,4,2,1
2024-01-10 05:00:00,7,250.3,5,2,1
2024-01-10 06:00:00,17,798.1,6,2,1
2024-01-10 07:00:00,12,475.9,7,2,1
2024-01-10 08:00:00,31,1443.2,8,2,1
2024-01-10 09:00:00,27,1361.3,9,2,1
2024-01-10 10:00:00,39,1870.6,10,2,1
2024-01-10 11:00:00,28,1279.8,11,2,1
2024-01-10 12:00:00,39,1791.4,12,2,1
2024-01-10 13:00:00,45,2090.7,13,2,1
2024-01-10 14:00:00,46,2315.8,14,2,1
2024-01-10 15:00:00,41,2009.3,15,2,1
2024-01-10 16:00:00,29,1502.7,16,2,1
2024-01-10 17:00:00,25,1208.6,17,2,1
2024-01-10 18:00:00,18,983.6,18,2,1
2024-01-10 19:00:00,12,565.0,19,2,1
2024-01-10 20:00:00,13,572.6,20,2,1
2024-01-10 21:00:00,11,486.8,21,2,1
2024-01-10 22:00:00,4,156.2,22,2,1
2024-01-10 23:00:00,3,164.3,23,2,1
2024-01-11 00:00:00,1,32.1,0,3,1
2024-01-11 01:00:00,2,78.3,1,3,1
2024-01-11 02:00:00,1,34.1,2,3,1
2024-01-11 03:00:00,4,230.6,3,3,1
2024-01-11 04:00:00,3,109.9,4,3,1
2024-01-11 05:00:00,12,527.7,5,3,1
2024-01-11 06:00:00,15,625.1,6,3,1
2024-01-11 07:00:00,18,798.1,7,3,1
2024-01-11 08:00:00,23,1104.9,8,3,1
2024-01-11 09:00:00,38,1838.5,9,3,1
2024-01-11 10:00:00,43,2196.3,10,3,1
2024-01-11 11:00:00,39,1728.0,11,3,1
2024-01-11 12:00:00,47,2215.4,12,3,1
2024-01-11 13:00:00,32,1788.5,13,3,1
2024-01-11 14:00:00,38,1780.7,14,3,1
2024-01-11 15:00:00,34,1696.7,15,3,1
2024-01-11 16:00:00,31,1500.0,16,3,1
2024-01-11 17:00:00,27,1220.8,17,3,1
2024-01-11 18:00:00,17,720.8,18,3,1
2024-01-11 19:00:00,16,702.9,19,3,1
2024-01-11 20:00:00,14,622.3,20,3,1
2024-01-11 21:00:00,8,393.5,21,3,1
2024-01-11 22:00:00,5,217.2,22,3,1
2024-01-11 23:00:00,3,112.0,23,3,1
2024-01-12 00:00:00,7,324.1,0,4,1
2024-01-12 01:00:00,6,261.8,1,4,1
2024-01-12 02:00:00,7,406.6,2,4,1
2024-01-12 03:00:00,1,29.8,3,4,1
2024-01-12 04:00:00,7,260.6,4,4,1
2024-01-12 05:00:00,7,324.1,5,4,1
2024-01-12 06:00:00,15,658.3,6,4,1
2024-01-12 07:00:00,21,816.3,7,4,1
2024-01-12 08:00:00,21,981.1,8,4,1
2024-01-12 09:00:00,21,1138.1,9,4,1
2024-01-12 10:00:00,47,2046.4,10,4,1
2024-01-12 11:00:00,53,2438.6,11,4,1
2024-01-12 12:00:00,44,2006.9,12,4,1
2024-01-12 13:00:00,48,2246.1,13,4,1
2024-01-12 14:00:00,42,1931.9,14,4,1
2024-01-12 15:00:00,41,1943.0,15,4,1
2024-01-12 16:00:00,36,1674.6,16,4,1
2024-01-12 17:00:00,22,975.5,17,4,1
2024-01-12 18:00:00,24,1084.6,18,4,1
2024-01-12 19:00:00,16,738.5,19,4,1
2024-01-12 20:00:00,9,361.2,20,4,1
2024-01-12 21:00:00,13,597.6,21,4,1
2024-01-12 22:00:00,5,282.8,22,4,1
2024-01-12 23:00:00,6,298.3,23,4,1
2024-01-13 00:00:00,3,154.9,0,5,1
2024-01-13 01:00:00,4,191.4,1,5,1
2024-01-13 02:00:00,4,143.9,2,5,1
2024-01-13 03:00:00,6,254.2,3,5,1
2024-01-13 04:00:00,3,114.1,4,5,1
2024-01-13 05:00:00,3,103.6,5,5,1
2024-01-13 06:00:00,12,634.8,6,5,1
2024-01-13 07:00:00,19,950.9,7,5,1
2024-01-13 08:00:00,18,817.6,8,5,1
2024-01-13 09:00:00,24,1142.9,9,5,1
2024-01-13 10:00:00,21,975.5,10,5,1
2024-01-13 11:00:00,29,1277.6,11,5,1
2024-01-13 12:00:00,29,1515.4,12,5,1
2024-01-13 13:00:00,25,1121.9,13,5,1
2024-01-13 14:00:00,31,1274.7,14,5,1
2024-01-13 15:00:00,32,1464.0,15,5,1
2024-01-13 16:00:00,21,1085.2,16,5,1
2024-01-13 17:00:00,21,1156.6,17,5,1
2024-01-13 18:00:00,16,775.9,18,5,1
2024-01-13 19:00:00,15,637.3,19,5,1
2024-01-13 20:00:00,12,664.0,20,5,1
2024-01-13 21:00:00,7,301.8,21,5,1
2024-01-13 22:00:00,5,211.4,22,5,1
2024-01-13 23:00:00,3,133.2,23,5,1
2024-01-14 00:00:00,4,250.8,0,6,1
2024-01-14 01:00:00,5,222.6,1,6,1
2024-01-14 02:00:00,3,197.8,2,6,1
2024-01-14 03:00:00,4,220.2,3,6,1
2024-01-14 04:00:00,3,134.8,4,6,1
2024-01-14 05:00:00,9,476.6,5,6,1
2024-01-14 06:00:00,7,333.2,6,6,1
2024-01-14 07:00:00,14,519.4,7,6,1
2024-01-14 08:00:00,17,806.0,8,6,1
2024-01-14 09:00:00,23,1064.0,9,6,1
2024-01-14 10:00:00,34,1609.2,10,6,1
2024-01-14 11:00:00,23,1114.9,11,6,1
2024-01-14 12:00:00,35,1578.7,12,6,1
2024-01-14 13:00:00,39,1817.1,13,6,1
2024-01-14 14:00:00,25,1126.1,14,6,1
2024-01-14 15:00:00,25,1313.6,15,6,1
2024-01-14 16:00:00,22,1149.5,16,6,1
2024-01-14 17:00:00,13,688.0,17,6,1
2024-01-14 18:00:00,17,655.1,18,6,1
2024-01-14 19:00:00,13,568.5,19,6,1
2024-01-14 20:00:00,11,519.1,20,6,1
2024-01-14 21:00:00,6,257.6,21,6,1
2024-01-14 22:00:00,7,335.0,22,6,1
2024-01-14 23:00:00,3,123.2,23,6,1
2024-01-15 00:00:00,5,261.9,0,0,1
2024-01-15 01:00:00,1,34.9,1,0,1
2024-01-15 02:00:00,4,178.9,2,0,1
2024-01-15 03:00:00,2,121.5,3,0,1
2024-01-15 04:00:00,4,204.9,4,0,1
2024-01-15 05:00:00,10,621.5,5,0,1
2024-01-15 06:00:00,13,588.6,6,0,1
2024-01-15 07:00:00,8,385.3,7,0,1
2024-01-15 08:00:00,25,1140.2,8,0,1
2024-01-15 09:00:00,34,1848.2,9,0,1
2024-01-15 10:00:00,52,2352.0,10,0,1
2024-01-15 11:00:00,45,2157.0,11,0,1
2024-01-15 12:00:00,33,1428.9,12,0,1
2024-01-15 13:00:00,43,1817.8,13,0,1
2024-01-15 14:00:00,30,1425.8,14,0,1
2024-01-15 15:00:00,40,1730.5,15,0,1
2024-01-15 16:00:00,29,1445.8,16,0,1
2024-01-15 17:00:00,32,1335.0,17,0,1
2024-01-15 18:00:00,26,1170.9,18,0,1
2024-01-15 19:00:00,15,657.7,19,0,1
2024-01-15 20:00:00,18,790.2,20,0,1
2024-01-15 21:00:00,8,403.6,21,0,1
2024-01-15 22:00:00,3,140.2,22,0,1
2024-01-15 23:00:00,6,206.0,23,0,1
2024-01-16 00:00:00,2,152.2,0,1,1
2024-01-16 01:00:00,6,241.6,1,1,1
2024-01-16 02:00:00,6,272.4,2,1,1
2024-01-16 03:00:00,4,244.1,3,1,1
2024-01-16 04:00:00,4,254.6,4,1,1
2024-01-16 05:00:00,9,474.8,5,1,1
2024-01-16 06:00:00,15,669.5,6,1,1
2024-01-16 07:00:00,27,1214.6,7,1,1
2024-01-16 08:00:00,33,1528.0,8,1,1
2024-01-16 09:00:00,32,1474.3,9,1,1
2024-01-16 10:00:00,43,1964.9,10,1,1
2024-01-16 11:00:00,39,1805.3,11,1,1
2024-01-16 12:00:00,52,2206.8,12,1,1
2024-01-16 13:00:00,35,1726.2,13,1,1
2024-01-16 14:00:00,55,2260.1,14,1,1
2024-01-16 15:00:00,29,1266.3,15,1,1
2024-01-16 16:00:00,18,786.7,16,1,1
2024-01-16 17:00:00,19,908.3000000000001,17,1,1
2024-01-16 18:00:00,18,755.6,18,1,1
2024-01-16 19:00:00,11,429.3,19,1,1
2024-01-16 20:00:00,17,855.5,20,1,1
2024-01-16 21:00:00,10,422.0,21,1,1
2024-01-16 22:00:00,9,294.6,22,1,1
2024-01-16 23:00:00,9,405.3,23,1,1
2024-01-17 00:00:00,2,83.5,0,2,1
2024-01-17 01:00:00,3,156.0,1,2,1
2024-01-17 02:00:00,2,83.80000000000001,2,2,1
2024-01-17 03:00:00,4,141.9,3,2,1
2024-01-17 04:00:00,7,343.2,4,2,1
2024-01-17 05:00:00,12,554.9,5,2,1
2024-01-17 06:00:00,13,510.9,6,2,1
2024-01-17 07:00:00,20,1002.0,7,2,1
2024-01-17 08:00:00,27,1083.6,8,2,1
2024-01-17 09:00:00,35,1481.7,9,2,1
2024-01-17 10:00:00,52,2405.9,10,2,1
2024-01-17 11:00:00,42,1920.1,11,2,1
2024-01-17 12:00:00,41,1866.7,12,2,1
2024-01-17 13:00:00,32,1355.2,13,2,1
2024-01-17 14:00:00,33,1634.2,14,2,1
2024-01-17 15:00:00,26,1110.4,15,2,1
2024-01-17 16:00:00,34,1495.1,16,2,1
2024-01-17 17:00:00,36,1592.6,17,2,1
2024-01-17 18:00:00,21,990.7,18,2,1
2024-01-17 19:00:00,12,638.1,19,2,1
2024-01-17 20:00:00,13,631.4,20,2,1
2024-01-17 21:00:00,11,554.8,21,2,1
2024-01-17 22:00:00,7,266.5,22,2,1
2024-01-17 23:00:00,5,262.8,23,2,1
2024-01-18 00:00:00,3,190.3,0,3,1
2024-01-18 01:00:00,8,406.9,1,3,1
2024-01-18 02:00:00,4,172.5,2,3,1
2024-01-18 03:00:00,3,207.5,3,3,1
2024-01-18 04:00:00,5,295.1,4,3,1
2024-01-18 05:00:00,8,372.6,5,3,1
2024-01-18 06:00:00,9,467.4,6,3,1
2024-01-18 07:00:00,21,1069.4,7,3,1
2024-01-18 08:00:00,23,944.7,8,3,1
2024-01-18 09:00:00,28,1225.1,9,3,1
2024-01-18 10:00:00,38,1781.1,10,3,1
2024-01-18 11:00:00,46,2309.8,11,3,1
2024-01-18 12:00:00,47,2171.8,12,3,1
2024-01-18 13:00:00,52,2129.2,13,3,1
2024-01-18 14:00:00,34,1397.6,14,3,1
2024-01-18 15:00:00,40,1812.3,15,3,1
2024-01-18 16:00:00,31,1238.7,16,3,1
2024-01-18 17:00:00,20,991.9,17,3,1
2024-01-18 18:00:00,21,936.4,18,3,1
2024-01-18 19:00:00,13,703.6,19,3,1
2024-01-18 20:00:00,20,914.5,20,3,1
2024-01-18 21:00:00,4,161.0,21,3,1
2024-01-18 22:00:00,6,264.5,22,3,1
2024-01-18 23:00:00,3,106.7,23,3,1
2024-01-19 00:00:00,8,414.4,0,4,1
2024-01-19 01:00:00,2,126.7,1,4,1
2024-01-19 02:00:00,5,265.3,2,4,1
2024-01-19 03:00:00,9,414.1,3,4,1
2024-01-19 04:00:00,5,219.3,4,4,1
2024-01-19 05:00:00,5,236.6,5,4,1
2024-01-19 06:00:00,14,627.4,6,4,1
2024-01-19 07:00:00,12,529.2,7,4,1
2024-01-19 08:00:00,28,1136.3,8,4,1
2024-01-19 09:00:00,33,1403.7,9,4,1
2024-01-19 10:00:00,40,1908.4,10,4,1
2024-01-19 11:00:00,42,2175.3,11,4,1
2024-01-19 12:00:00,38,1834.1,12,4,1
2024-01-19 13:00:00,39,1809.0,13,4,1
2024-01-19 14:00:00,42,1889.4,14,4,1
2024-01-19 15:00:00,41,1785.8,15,4,1
2024-01-19 16:00:00,26,1217.4,16,4,1
2024-01-19 17:00:00,23,1127.6,17,4,1
2024-01-19 18:00:00,24,1015.7,18,4,1
2024-01-19 19:00:00,10,408.0,19,4,1
2024-01-19 20:00:00,11,573.1,20,4,1
2024-01-19 21:00:00,13,465.6,21,4,1
2024-01-19 22:00:00,5,209.7,22,4,1
2024-01-19 23:00:00,8,382.09999999999997,23,4,1
2024-01-20 00:00:00,6,256.7,0,5,1
2024-01-20 01:00:00,2,69.4,1,5,1
2024-01-20 02:00:00,2,67.30000000000001,2,5,1
2024-01-20 03:00:00,3,137.0,3,5,1
2024-01-20 04:00:00,5,224.3,4,5,1
2024-01-20 05:00:00,5,195.0,5,5,1
2024-01-20 06:00:00,12,606.8,6,5,1
2024-01-20 07:00:00,16,737.7,7,5,1
2024-01-20 08:00:00,21,1055.7,8,5,1
2024-01-20 09:00:00,24,1172.4,9,5,1
2024-01-20 10:00:00,34,1671.1,10,5,1
2024-01-20 11:00:00,24,1160.2,11,5,1
2024-01-20 12:00:00,26,1473.5,12,5,1
2024-01-20 13:00:00,41,2026.6,13,5,1
2024-01-20 14:00:00,29,1185.2,14,5,1
2024-01-20 15:00:00,20,842.2,15,5,1
2024-01-20 16:00:00,24,1086.0,16,5,1
2024-01-20 17:00:00,19,984.4,17,5,1
2024-01-20 18:00:00,23,887.8,18,5,1
2024-01-20 19:00:00,7,303.9,19,5,1
2024-01-20 20:00:00,10,514.3,20,5,1
2024-01-20 21:00:00,8,290.8,21,5,1
2024-01-20 22:00:00,2,86.5,22,5,1
2024-01-20 23:00:00,2,66.0,23,5,1
2024-01-21 00:00:00,3,178.20000000000002,0,6,1
2024-01-21 01:00:00,5,207.6,1,6,1
2024-01-21 02:00:00,3,99.60000000000001,2,6,1
2024-01-21 03:00:00,4,208.5,3,6,1
2024-01-21 04:00:00,2,123.19999999999999,4,6,1
2024-01-21 05:00:00,5,238.29999999999998,5,6,1
2024-01-21 06:00:00,10,438.20000000000005,6,6,1
2024-01-21 07:00:00,15,739.5,7,6,1
2024-01-21 08:00:00,20,816.4,8,6,1
2024-01-21 09:00:00,24,1050.0,9,6,1
2024-01-21 10:00:00,27,1271.1,10,6,1
2024-01-21 11:00:00,34,1535.0,11,6,1
2024-01-21 12:00:00,25,1206.5,12,6,1
2024-01-21 13:00:00,31,1303.1,13,6,1
2024-01-21 14:00:00,25,1032.9,14,6,1
2024-01-21 15:00:00,24,1280.3,15,6,1
2024-01-21 16:00:00,29,1304.6,16,6,1
2024-01-21 17:00:00,25,1010.4,17,6,1
2024-01-21 18:00:00,17,893.8,18,6,1
2024-01-21 19:00:00,10,492.2,19,6,1
2024-01-21 20:00:00,13,651.7,20,6,1
2024-01-21 21:00:00,10,428.3,21,6,1
2024-01-21 22:00:00,6,318.5,22,6,1
2024-01-21 23:00:00,3,122.30000000000001,23,6,1
2024-01-22 00:00:00,6,243.7,0,0,1
2024-01-22 01:00:00,3,139.9,1,0,1
2024-01-22 02:00:00,5,187.7,2,0,1
2024-01-22 03:00:00,4,148.4,3,0,1
2024-01-22 04:00:00,4,316.6,4,0,1
2024-01-22 05:00:00,5,273.6,5,0,1
2024-01-22 06:00:00,15,707.7,6,0,1
2024-01-22 07:00:00,17,865.5,7,0,1
2024-01-22 08:00:00,26,1073.1,8,0,1
2024-01-22 09:00:00,29,1356.9,9,0,1
2024-01-22 10:00:00,40,1780.6,10,0,1
2024-01-22 11:00:00,48,2170.1,11,0,1
2024-01-22 12:00:00,57,2491.4,12,0,1
2024-01-22 13:00:00,37,1874.6,13,0,1
2024-01-22 14:00:00,40,1757.2,14,0,1
2024-01-22 15:00:00,34,1479.6,15,0,1
2024-01-22 16:00:00,28,1352.9,16,0,1
2024-01-22 17:00:00,24,1109.5,17,0,1
2024-01-22 18:00:00,21,961.4,18,0,1
2024-01-22 19:00:00,15,709.3,19,0,1
2024-01-22 20:00:00,13,652.8,20,0,1
2024-01-22 21:00:00,12,664.4,21,0,1
2024-01-22 22:00:00,3,149.1,22,0,1
2024-01-22 23:00:00,1,34.3,23,0,1
2024-01-23 00:00:00,4,167.4,0,1,1
2024-01-23 01:00:00,4,186.1,1,1,1
2024-01-23 02:00:00,5,249.1,2,1,1
2024-01-23 03:00:00,7,398.2,3,1,1
2024-01-23 04:00:00,6,251.9,4,1,1
2024-01-23 05:00:00,5,213.2,5,1,1
2024-01-23 06:00:00,11,560.2,6,1,1
2024-01-23 07:00:00,18,726.5,7,1,1
2024-01-23 08:00:00,24,1251.0,8,1,1
2024-01-23 09:00:00,38,1918.2,9,1,1
2024-01-23 10:00:00,45,2238.3,10,1,1
2024-01-23 11:00:00,49,2217.8,11,1,1
2024-01-23 12:00:00,40,1869.6,12,1,1
2024-01-23 13:00:00,48,2188.2,13,1,1
2024-01-23 14:00:00,30,1390.4,14,1,1
2024-01-23 15:00:00,25,1158.5,15,1,1
2024-01-23 16:00:00,42,1775.7,16,1,1
2024-01-23 17:00:00,28,1239.4,17,1,1
2024-01-23 18:00:00,22,966.8,18,1,1
2024-01-23 19:00:00,16,740.1,19,1,1
2024-01-23 20:00:00,14,701.9,20,1,1
2024-01-23 21:00:00,10,504.4,21,1,1
2024-01-23 22:00:00,2,104.8,22,1,1
2024-01-23 23:00:00,7,312.2,23,1,1
2024-01-24 00:00:00,4,140.8,0,2,1
2024-01-24 01:00:00,6,313.0,1,2,1
2024-01-24 02:00:00,6,322.1,2,2,1
2024-01-24 03:00:00,3,103.69999999999999,3,2,1
2024-01-24 04:00:00,3,96.7,4,2,1
2024-01-24 05:00:00,9,471.0,5,2,1
2024-01-24 06:00:00,13,659.6,6,2,1
2024-01-24 07:00:00,24,1151.4,7,2,1
2024-01-24 08:00:00,25,1125.0,8,2,1
2024-01-24 09:00:00,27,1261.2,9,2,1
2024-01-24 10:00:00,44,1899.5,10,2,1
2024-01-24 11:00:00,45,2170.3,11,2,1
2024-01-24 12:00:00,49,2456.1,12,2,1
2024-01-24 13:00:00,57,2639.6,13,2,1
2024-01-24 14:00:00,34,1706.0,14,2,1
2024-01-24 15:00:00,35,1582.8,15,2,1
2024-01-24 16:00:00,29,1448.0,16,2,1
2024-01-24 17:00:00,25,1127.9,17,2,1
2024-01-24 18:00:00,23,1030.7,18,2,1
2024-01-24 19:00:00,23,1060.2,19,2,1
2024-01-24 20:00:00,13,644.9,20,2,1
2024-01-24 21:00:00,10,529.7,21,2,1
2024-01-24 22:00:00,2,64.1,22,2,1
2024-01-24 23:00:00,6,293.0,23,2,1
2024-01-25 00:00:00,5,201.0,0,3,1
2024-01-25 01:00:00,7,372.3,1,3,1
2024-01-25 02:00:00,4,185.5,2,3,1
2024-01-25 03:00:00,3,161.5,3,3,1
2024-01-25 04:00:00,4,218.4,4,3,1
2024-01-25 05:00:00,13,584.1,5,3,1
2024-01-25 06:00:00,20,1028.5,6,3,1
2024-01-25 07:00:00,10,451.29999999999995,7,3,1
2024-01-25 08:00:00,19,947.3,8,3,1
2024-01-25 09:00:00,42,1954.5,9,3,1
2024-01-25 10:00:00,48,2113.8,10,3,1
2024-01-25 11:00:00,31,1310.1,11,3,1
2024-01-25 12:00:00,45,2120.8,12,3,1
2024-01-25 13:00:00,43,2018.2,13,3,1
2024-01-25 14:00:00,32,1468.5,14,3,1
2024-01-25 15:00:00,40,2090.9,15,3,1
2024-01-25 16:00:00,36,1730.9,16,3,1
2024-01-25 17:00:00,23,1026.8,17,3,1
2024-01-25 18:00:00,31,1341.0,18,3,1
2024-01-25 19:00:00,21,886.6,19,3,1
2024-01-25 20:00:00,13,536.1,20,3,1
2024-01-25 21:00:00,8,394.7,21,3,1
2024-01-25 22:00:00,4,157.6,22,3,1
2024-01-25 23:00:00,3,194.0,23,3,1
2024-01-26 00:00:00,2,78.80000000000001,0,4,1
2024-01-26 01:00:00,5,195.3,1,4,1
2024-01-26 02:00:00,3,178.0,2,4,1
2024-01-26 03:00:00,3,132.0,3,4,1
2024-01-26 04:00:00,6,355.5,4,4,1
2024-01-26 05:00:00,15,728.8000000000001,5,4,1
2024-01-26 06:00:00,14,522.7,6,4,1
2024-01-26 07:00:00,16,759.4,7,4,1
2024-01-26 08:00:00,23,1062.8,8,4,1
2024-01-26 09:00:00,44,2237.0,9,4,1
2024-01-26 10:00:00,41,1821.3,10,4,1
2024-01-26 11:00:00,38,1658.7,11,4,1
2024-01-26 12:00:00,44,1911.6,12,4,1
2024-01-26 13:00:00,32,1565.8,13,4,1
2024-01-26 14:00:00,34,1572.1,14,4,1
2024-01-26 15:00:00,37,1857.8,15,4,1
2024-01-26 16:00:00,27,1045.8,16,4,1
2024-01-26 17:00:00,28,1489.7,17,4,1
2024-01-26 18:00:00,26,1112.8,18,4,1
2024-01-26 19:00:00,22,999.0,19,4,1
2024-01-26 20:00:00,7,378.3,20,4,1
2024-01-26 21:00:00,9,517.5,21,4,1
2024-01-26 22:00:00,5,220.3,22,4,1
2024-01-26 23:00:00,6,223.89999999999998,23,4,1
2024-01-27 00:00:00,2,81.9,0,5,1
2024-01-27 01:00:00,2,85.80000000000001,1,5,1
2024-01-27 02:00:00,5,176.1,2,5,1
2024-01-27 03:00:00,2,113.8,3,5,1
2024-01-27 04:00:00,4,172.0,4,5,1
2024-01-27 05:00:00,5,186.2,5,5,1
2024-01-27 06:00:00,11,503.8,6,5,1
2024-01-27 07:00:00,12,462.90000000000003,7,5,1
2024-01-27 08:00:00,20,852.5,8,5,1
2024-01-27 09:00:00,28,1260.0,9,5,1
2024-01-27 10:00:00,28,1238.2,10,5,1
2024-01-27 11:00:00,26,1327.1,11,5,1
2024-01-27 12:00:00,32,1372.3,12,5,1
2024-01-27 13:00:00,47,2304.0,13,5,1
2024-01-27 14:00:00,32,1590.8,14,5,1
2024-01-27 15:00:00,27,1166.6,15,5,1
2024-01-27 16:00:00,25,1125.1,16,5,1
2024-01-27 17:00:00,16,777.9,17,5,1
2024-01-27 18:00:00,17,706.0,18,5,1
2024-01-27 19:00:00,4,188.5,19,5,1
2024-01-27 20:00:00,12,572.6,20,5,1
2024-01-27 21:00:00,9,371.1,21,5,1
2024-01-27 22:00:00,6,318.1,22,5,1
2024-01-27 23:00:00,4,184.3,23,5,1
2024-01-28 00:00:00,4,172.6,0,6,1
2024-01-28 01:00:00,6,292.7,1,6,1
2024-01-28 02:00:00,3,132.5,2,6,1
2024-01-28 03:00:00,4,226.70000000000002,3,6,1
2024-01-28 04:00:00,6,259.6,4,6,1
2024-01-28 05:00:00,6,278.6,5,6,1
2024-01-28 06:00:00,14,624.1,6,6,1
2024-01-28 07:00:00,13,558.6,7,6,1
2024-01-28 08:00:00,17,756.5,8,6,1
2024-01-28 09:00:00,20,983.5,9,6,1
2024-01-28 10:00:00,23,1115.2,10,6,1
2024-01-28 11:00:00,39,2049.9,11,6,1
2024-01-28 12:00:00,22,940.0,12,6,1
2024-01-28 13:00:00,25,1248.5,13,6,1
2024-01-28 14:00:00,27,1325.9,14,6,1
2024-01-28 15:00:00,28,1276.3,15,6,1
2024-01-28 16:00:00,17,819.0,16,6,1
2024-01-28 17:00:00,22,961.4,17,6,1
2024-01-28 18:00:00,22,923.3,18,6,1
2024-01-28 19:00:00,7,292.7,19,6,1
2024-01-28 20:00:00,8,269.5,20,6,1
2024-01-28 21:00:00,2,157.5,21,6,1
2024-01-28 22:00:00,2,153.8,22,6,1
2024-01-28 23:00:00,5,259.40000000000003,23,6,1
2024-01-29 00:00:00,5,221.10000000000002,0,0,1
2024-01-29 01:00:00,8,352.2,1,0,1
2024-01-29 02:00:00,2,75.9,2,0,1
2024-01-29 03:00:00,7,307.4,3,0,1
2024-01-29 04:00:00,3,147.3,4,0,1
2024-01-29 05:00:00,9,384.8,5,0,1
2024-01-29 06:00:00,10,429.0,6,0,1
2024-01-29 07:00:00,15,799.4,7,0,1
2024-01-29 08:00:00,25,1262.6000000000001,8,0,1
2024-01-29 09:00:00,38,1783.9,9,0,1
2024-01-29 10:00:00,33,1519.0,10,0,1
2024-01-29 11:00:00,40,1750.0,11,0,1
2024-01-29 12:00:00,42,1847.4,12,0,1
2024-01-29 13:00:00,39,1876.1,13,0,1
2024-01-29 14:00:00,62,2884.3,14,0,1
2024-01-29 15:00:00,34,1589.9,15,0,1
2024-01-29 16:00:00,37,1896.2,16,0,1
2024-01-29 17:00:00,29,1510.6,17,0,1
2024-01-29 18:00:00,37,1656.7,18,0,1
2024-01-29 19:00:00,17,904.9,19,0,1
2024-01-29 20:00:00,14,614.9,20,0,1
2024-01-29 21:00:00,5,208.5,21,0,1
2024-01-29 22:00:00,7,285.3,22,0,1
2024-01-29 23:00:00,1,32.4,23,0,1
2024-01-30 00:00:00,5,255.1,0,1,1
2024-01-30 01:00:00,6,265.29999999999995,1,1,1
2024-01-30 02:00:00,5,192.2,2,1,1
2024-01-30 03:00:00,3,111.1,3,1,1
2024-01-30 04:00:00,2,57.2,4,1,1
2024-01-30 05:00:00,10,485.3,5,1,1
2024-01-30 06:00:00,16,764.8,6,1,1
2024-01-30 07:00:00,24,1178.2,7,1,1
2024-01-30 08:00:00,31,1703.5,8,1,1
2024-01-30 09:00:00,29,1443.4,9,1,1
2024-01-30 10:00:00,40,1753.5,10,1,1
2024-01-30 11:00:00,35,1599.4,11,1,1
2024-01-30 12:00:00,54,2435.3,12,1,1
2024-01-30 13:00:00,32,1491.3,13,1,1
2024-01-30 14:00:00,40,1695.6,14,1,1
2024-01-30 15:00:00,36,1737.9,15,1,1
2024-01-30 16:00:00,30,1253.4,16,1,1
2024-01-30 17:00:00,28,1219.0,17,1,1
2024-01-30 18:00:00,28,1427.8,18,1,1
2024-01-30 19:00:00,20,945.1,19,1,1
2024-01-30 20:00:00,18,874.3,20,1,1
2024-01-30 21:00:00,7,278.6,21,1,1
2024-01-30 22:00:00,5,272.5,22,1,1
2024-01-30 23:00:00,2,112.4,23,1,1
2024-01-31 00:00:00,7,327.3,0,2,1
2024-01-31 01:00:00,6,288.8,1,2,1
2024-01-31 02:00:00,3,112.1,2,2,1
2024-01-31 03:00:00,2,81.30000000000001,3,2,1
2024-01-31 04:00:00,2,112.7,4,2,1
2024-01-31 05:00:00,9,376.1,5,2,1
2024-01-31 06:00:00,15,661.3,6,2,1
2024-01-31 07:00:00,20,946.1,7,2,1
2024-01-31 08:00:00,27,1212.4,8,2,1
2024-01-31 09:00:00,34,1650.3,9,2,1
2024-01-31 10:00:00,36,1506.6,10,2,1
2024-01-31 11:00:00,42,1859.5,11,2,1
2024-01-31 12:00:00,46,2155.8,12,2,1
2024-01-31 13:00:00,42,2087.7,13,2,1
2024-01-31 14:00:00,48,1998.8,14,2,1
2024-01-31 15:00:00,29,1411.1,15,2,1
2024-01-31 16:00:00,31,1341.8,16,2,1
2024-01-31 17:00:00,21,898.4,17,2,1
2024-01-31 18:00:00,25,1094.2,18,2,1
2024-01-31 19:00:00,28,1395.8,19,2,1
2024-01-31 20:00:00,12,571.5,20,2,1
2024-01-31 21:00:00,8,445.0,21,2,1
2024-01-31 22:00:00,2,78.80000000000001,22,2,1
2024-01-31 23:00:00,6,241.9,23,2,1
2024-02-01 00:00:00,4,168.5,0,3,2
2024-02-01 01:00:00,2,62.1,1,3,2
2024-02-01 02:00:00,6,343.2,2,3,2
2024-02-01 03:00:00,5,233.8,3,3,2
2024-02-01 04:00:00,4,241.1,4,3,2
2024-02-01 05:00:00,6,228.3,5,3,2
2024-02-01 06:00:00,13,653.1,6,3,2
2024-02-01 07:00:00,13,552.0,7,3,2
2024-02-01 08:00:00,31,1336.0,8,3,2
2024-02-01 09:00:00,31,1364.9,9,3,2
2024-02-01 10:00:00,45,2023.8,10,3,2
2024-02-01 11:00:00,43,2068.8,11,3,2
2024-02-01 12:00:00,48,2372.6,12,3,2
2024-02-01 13:00:00,43,1898.6,13,3,2
2024-02-01 14:00:00,35,1596.9,14,3,2
2024-02-01 15:00:00,29,1374.7,15,3,2
2024-02-01 16:00:00,32,1500.3999999999999,16,3,2
2024-02-01 17:00:00,25,1200.9,17,3,2
2024-02-01 18:00:00,21,875.0,18,3,2
2024-02-01 19:00:00,18,736.3,19,3,2
2024-02-01 20:00:00,15,756.4,20,3,2
2024-02-01 21:00:00,13,742.4,21,3,2
2024-02-01 22:00:00,3,141.2,22,3,2
2024-02-01 23:00:00,5,184.20000000000002,23,3,2
2024-02-02 00:00:00,4,182.0,0,4,2
2024-02-02 01:00:00,8,295.4,1,4,2
2024-02-02 02:00:00,3,135.0,2,4,2
2024-02-02 03:00:00,3,202.7,3,4,2
2024-02-02 04:00:00,6,234.9,4,4,2
2024-02-02 05:00:00,10,506.7,5,4,2
2024-02-02 06:00:00,18,728.2,6,4,2
2024-02-02 07:00:00,20,894.2,7,4,2
2024-02-02 08:00:00,22,1033.9,8,4,2
2024-02-02 09:00:00,31,1355.1,9,4,2
2024-02-02 10:00:00,62,2771.2,10,4,2
2024-02-02 11:00:00,44,2147.2,11,4,2
2024-02-02 12:00:00,45,2178.1,12,4,2
2024-02-02 13:00:00,40,1763.2,13,4,2
2024-02-02 14:00:00,49,2057.7,14,4,2
2024-02-02 15:00:00,35,1638.8999999999999,15,4,2
2024-02-02 16:00:00,20,810.0,16,4,2
2024-02-02 17:00:00,33,1734.1000000000001,17,4,2
2024-02-02 18:00:00,21,971.2,18,4,2
2024-02-02 19:00:00,15,616.7,19,4,2
2024-02-02 20:00:00,17,827.1,20,4,2
2024-02-02 21:00:00,10,454.1,21,4,2
2024-02-02 22:00:00,5,255.3,22,4,2
2024-02-02 23:00:00,3,169.8,23,4,2
2024-02-03 00:00:00,2,88.9,0,5,2
2024-02-03 01:00:00,4,182.0,1,5,2
2024-02-03 02:00:00,1,47.0,2,5,2
2024-02-03 03:00:00,8,377.40000000000003,3,5,2
2024-02-03 04:00:00,6,237.3,4,5,2
2024-02-03 05:00:00,3,155.7,5,5,2
2024-02-03 06:00:00,10,458.5,6,5,2
2024-02-03 07:00:00,9,468.79999999999995,7,5,2
2024-02-03 08:00:00,14,557.8,8,5,2
2024-02-03 09:00:00,37,1614.2,9,5,2
2024-02-03 10:00:00,29,1354.8,10,5,2
2024-02-03 11:00:00,32,1553.2,11,5,2
2024-02-03 12:00:00,30,1309.3,12,5,2
2024-02-03 13:00:00,40,1974.4,13,5,2
2024-02-03 14:00:00,27,1215.2,14,5,2
2024-02-03 15:00:00,27,1361.3,15,5,2
2024-02-03 16:00:00,19,899.9,16,5,2
2024-02-03 17:00:00,17,747.9,17,5,2
2024-02-03 18:00:00,12,610.3000000000001,18,5,2
2024-02-03 19:00:00,11,482.1,19,5,2
2024-02-03 20:00:00,11,531.5,20,5,2
2024-02-03 21:00:00,8,309.8,21,5,2
2024-02-03 22:00:00,2,112.5,22,5,2
2024-02-03 23:00:00,4,208.0,23,5,2
2024-02-04 00:00:00,2,76.7,0,6,2
2024-02-04 01:00:00,4,268.2,1,6,2
2024-02-04 02:00:00,8,363.4,2,6,2
2024-02-04 03:00:00,2,79.9,3,6,2
2024-02-04 04:00:00,2,116.6,4,6,2
2024-02-04 05:00:00,4,183.1,5,6,2
2024-02-04 06:00:00,12,504.0,6,6,2
2024-02-04 07:00:00,14,700.0,7,6,2
2024-02-04 08:00:00,17,796.0,8,6,2
2024-02-04 09:00:00,29,1277.5,9,6,2
2024-02-04 10:00:00,31,1551.8,10,6,2
2024-02-04 11:00:00,26,1136.5,11,6,2
2024-02-04 12:00:00,27,1266.4,12,6,2
2024-02-04 13:00:00,30,1410.5,13,6,2
2024-02-04 14:00:00,23,1103.2,14,6,2
2024-02-04 15:00:00,33,1526.3,15,6,2
2024-02-04 16:00:00,23,1097.4,16,6,2
2024-02-04 17:00:00,15,644.9,17,6,2
2024-02-04 18:00:00,20,868.1999999999999,18,6,2
2024-02-04 19:00:00,15,704.1,19,6,2
2024-02-04 20:00:00,10,441.8,20,6,2
2024-02-04 21:00:00,4,234.39999999999998,21,6,2
2024-02-04 22:00:00,2,96.9,22,6,2
2024-02-04 23:00:00,3,140.0,23,6,2
2024-02-05 00:00:00,7,279.6,0,0,2
2024-02-05 01:00:00,3,141.7,1,0,2
2024-02-05 02:00:00,6,261.3,2,0,2
2024-02-05 03:00:00,3,125.5,3,0,2
2024-02-05 04:00:00,3,149.8,4,0,2
2024-02-05 05:00:00,6,257.9,5,0,2
2024-02-05 06:00:00,8,407.7,6,0,2
2024-02-05 07:00:00,20,1056.0,7,0,2
2024-02-05 08:00:00,32,1648.9,8,0,2
2024-02-05 09:00:00,32,1564.6,9,0,2
2024-02-05 10:00:00,39,1676.9,10,0,2
2024-02-05 11:00:00,46,2207.8,11,0,2
2024-02-05 12:00:00,54,2337.2,12,0,2
2024-02-05 13:00:00,32,1399.7,13,0,2
2024-02-05 14:00:00,41,2032.6,14,0,2
2024-02-05 15:00:00,32,1291.7,15,0,2
2024-02-05 16:00:00,36,1630.8,16,0,2
2024-02-05 17:00:00,26,1119.2,17,0,2
2024-02-05 18:00:00,18,801.3,18,0,2
2024-02-05 19:00:00,13,522.6,19,0,2
2024-02-05 20:00:00,12,563.1,20,0,2
2024-02-05 21:00:00,8,352.3,21,0,2
2024-02-05 22:00:00,4,244.8,22,0,2
2024-02-05 23:00:00,7,320.2,23,0,2
2024-02-06 00:00:00,2,123.9,0,1,2
2024-02-06 01:00:00,4,201.6,1,1,2
2024-02-06 02:00:00,9,384.4,2,1,2
2024-02-06 03:00:00,3,148.5,3,1,2
2024-02-06 04:00:00,3,141.8,4,1,2
2024-02-06 05:00:00,14,712.9,5,1,2
2024-02-06 06:00:00,14,610.0,6,1,2
2024-02-06 07:00:00,21,1099.9,7,1,2
2024-02-06 08:00:00,40,1743.1,8,1,2
2024-02-06 09:00:00,44,1969.7,9,1,2
2024-02-06 10:00:00,40,1801.4,10,1,2
2024-02-06 11:00:00,37,1635.0,11,1,2
2024-02-06 12:00:00,36,1729.0,12,1,2
2024-02-06 13:00:00,40,1978.8,13,1,2
2024-02-06 14:00:00,35,1513.9,14,1,2
2024-02-06 15:00:00,42,2010.4,15,1,2
2024-02-06 16:00:00,27,1191.9,16,1,2
2024-02-06 17:00:00,29,1487.5,17,1,2
2024-02-06 18:00:00,15,684.0,18,1,2
2024-02-06 19:00:00,22,1204.7,19,1,2
2024-02-06 20:00:00,13,615.4,20,1,2
2024-02-06 21:00:00,5,208.5,21,1,2
2024-02-06 22:00:00,4,194.4,22,1,2
2024-02-06 23:00:00,7,341.09999999999997,23,1,2
2024-02-07 00:00:00,4,177.4,0,2,2
2024-02-07 01:00:00,6,352.2,1,2,2
2024-02-07 02:00:00,5,285.0,2,2,2
2024-02-07 03:00:00,6,315.5,3,2,2
2024-02-07 04:00:00,5,235.1,4,2,2
2024-02-07 05:00:00,7,377.0,5,2,2
2024-02-07 06:00:00,8,443.6,6,2,2
2024-02-07 07:00:00,21,952.0,7,2,2
2024-02-07 08:00:00,33,1714.0,8,2,2
2024-02-07 09:00:00,40,1647.3,9,2,2
2024-02-07 10:00:00,52,2248.7,10,2,2
2024-02-07 11:00:00,38,1727.1,11,2,2
2024-02-07 12:00:00,41,1986.2,12,2,2
2024-02-07 13:00:00,46,2175.4,13,2,2
2024-02-07 14:00:00,47,2070.2,14,2,2
2024-02-07 15:00:00,36,1751.1,15,2,2
2024-02-07 16:00:00,38,1885.2,16,2,2
2024-02-07 17:00:00,29,1298.6,17,2,2
2024-02-07 18:00:00,16,749.2,18,2,2
2024-02-07 19:00:00,19,856.6,19,2,2
2024-02-07 20:00:00,17,810.9,20,2,2
2024-02-07 21:00:00,13,624.7,21,2,2
2024-02-07 22:00:00,6,276.5,22,2,2
2024-02-07 23:00:00,8,337.5,23,2,2
2024-02-08 00:00:00,4,148.1,0,3,2
2024-02-08 01:00:00,8,323.6,1,3,2
2024-02-08 02:00:00,5,316.9,2,3,2
2024-02-08 03:00:00,5,262.7,3,3,2
2024-02-08 04:00:00,5,230.7,4,3,2
2024-02-08 05:00:00,8,375.7,5,3,2
2024-02-08 06:00:00,15,748.4,6,3,2
2024-02-08 07:00:00,23,1024.4,7,3,2
2024-02-08 08:00:00,30,1315.3,8,3,2
2024-02-08 09:00:00,33,1639.0,9,3,2
2024-02-08 10:00:00,41,1861.4,10,3,2
2024-02-08 11:00:00,43,1908.6000000000001,11,3,2
2024-02-08 12:00:00,38,1699.4,12,3,2
2024-02-08 13:00:00,45,2021.9,13,3,2
2024-02-08 14:00:00,32,1586.7,14,3,2
2024-02-08 15:00:00,38,1790.1,15,3,2
2024-02-08 16:00:00,38,1860.4,16,3,2
2024-02-08 17:00:00,34,1583.8,17,3,2
2024-02-08 18:00:00,16,751.7,18,3,2
2024-02-08 19:00:00,15,584.4,19,3,2
2024-02-08 20:00:00,18,870.8,20,3,2
2024-02-08 21:00:00,12,521.5,21,3,2
2024-02-08 22:00:00,3,148.5,22,3,2
2024-02-08 23:00:00,2,65.4,23,3,2
2024-02-09 00:00:00,3,105.1,0,4,2
2024-02-09 01:00:00,5,237.5,1,4,2
2024-02-09 02:00:00,2,67.1,2,4,2
2024-02-09 03:00:00,4,141.6,3,4,2
2024-02-09 04:00:00,5,267.4,4,4,2
2024-02-09 05:00:00,10,430.2,5,4,2
2024-02-09 06:00:00,17,768.7,6,4,2
2024-02-09 07:00:00,22,969.4,7,4,2
2024-02-09 08:00:00,37,1623.4,8,4,2
2024-02-09 09:00:00,38,1668.9,9,4,2
2024-02-09 10:00:00,40,1758.7,10,4,2
2024-02-09 11:00:00,36,1589.5,11,4,2
2024-02-09 12:00:00,43,2089.6,12,4,2
2024-02-09 13:00:00,39,1776.8,13,4,2
2024-02-09 14:00:00,38,1742.0,14,4,2
2024-02-09 15:00:00,44,2120.9,15,4,2
2024-02-09 16:00:00,22,1065.3,16,4,2
2024-02-09 17:00:00,28,1207.2,17,4,2
2024-02-09 18:00:00,18,955.1,18,4,2
2024-02-09 19:00:00,15,776.7,19,4,2
2024-02-09 20:00:00,11,483.6,20,4,2
2024-02-09 21:00:00,14,826.0999999999999,21,4,2
2024-02-09 22:00:00,3,93.3,22,4,2
2024-02-09 23:00:00,1,32.8,23,4,2
2024-02-10 00:00:00,4,130.6,0,5,2
2024-02-10 01:00:00,2,106.9,1,5,2
2024-02-10 02:00:00,2,112.0,2,5,2
2024-02-10 03:00:00,3,114.2,3,5,2
2024-02-10 04:00:00,2,92.0,4,5,2
2024-02-10 05:00:00,7,338.8,5,5,2
2024-02-10 06:00:00,10,400.6,6,5,2
2024-02-10 07:00:00,16,787.9,7,5,2
2024-02-10 08:00:00,19,972.9,8,5,2
2024-02-10 09:00:00,26,1330.9,9,5,2
2024-02-10 10:00:00,29,1345.5,10,5,2
2024-02-10 11:00:00,27,1283.1,11,5,2
2024-02-10 12:00:00,29,1309.1,12,5,2
2024-02-10 13:00:00,31,1304.6,13,5,2
2024-02-10 14:00:00,33,1493.7,14,5,2
2024-02-10 15:00:00,29,1312.4,15,5,2
2024-02-10 16:00:00,22,927.3,16,5,2
2024-02-10 17:00:00,18,774.8,17,5,2
2024-02-10 18:00:00,19,875.7,18,5,2
2024-02-10 19:00:00,15,730.7,19,5,2
2024-02-10 20:00:00,6,282.8,20,5,2
2024-02-10 21:00:00,9,407.8,21,5,2
2024-02-10 22:00:00,4,187.70000000000002,22,5,2
2024-02-10 23:00:00,3,151.7,23,5,2
2024-02-11 00:00:00,1,80.0,0,6,2
2024-02-11 01:00:00,5,207.8,1,6,2
2024-02-11 02:00:00,5,217.4,2,6,2
2024-02-11 03:00:00,6,282.5,3,6,2
2024-02-11 04:00:00,2,119.0,4,6,2
2024-02-11 05:00:00,8,405.1,5,6,2
2024-02-11 06:00:00,8,375.2,6,6,2
2024-02-11 07:00:00,17,807.6,7,6,2
2024-02-11 08:00:00,16,688.9,8,6,2
2024-02-11 09:00:00,18,830.9,9,6,2
2024-02-11 10:00:00,27,1125.3,10,6,2
2024-02-11 11:00:00,34,1659.5,11,6,2
2024-02-11 12:00:00,32,1417.5,12,6,2
2024-02-11 13:00:00,33,1489.2,13,6,2
2024-02-11 14:00:00,31,1387.9,14,6,2
2024-02-11 15:00:00,21,931.0,15,6,2
2024-02-11 16:00:00,25,1133.3,16,6,2
2024-02-11 17:00:00,18,800.5,17,6,2
2024-02-11 18:00:00,18,928.2,18,6,2
2024-02-11 19:00:00,14,627.7,19,6,2
2024-02-11 20:00:00,10,513.3,20,6,2
2024-02-11 21:00:00,5,250.9,21,6,2
2024-02-11 22:00:00,2,73.9,22,6,2
2024-02-11 23:00:00,7,329.6,23,6,2
2024-02-12 00:00:00,3,126.4,0,0,2
2024-02-12 01:00:00,7,297.2,1,0,2
2024-02-12 02:00:00,7,378.3,2,0,2
2024-02-12 03:00:00,5,194.5,3,0,2
2024-02-12 04:00:00,4,186.0,4,0,2
2024-02-12 05:00:00,5,279.3,5,0,2
2024-02-12 06:00:00,11,510.4,6,0,2
2024-02-12 07:00:00,18,785.1,7,0,2
2024-02-12 08:00:00,23,1147.9,8,0,2
2024-02-12 09:00:00,39,1907.1,9,0,2
2024-02-12 10:00:00,43,1981.9,10,0,2
2024-02-12 11:00:00,33,1433.4,11,0,2
2024-02-12 12:00:00,41,2053.3,12,0,2
2024-02-12 13:00:00,43,1956.5,13,0,2
2024-02-12 14:00:00,34,1544.4,14,0,2
2024-02-12 15:00:00,42,2057.9,15,0,2
2024-02-12 16:00:00,30,1338.8,16,0,2
2024-02-12 17:00:00,14,577.4,17,0,2
2024-02-12 18:00:00,17,772.0,18,0,2
2024-02-12 19:00:00,21,1054.8,19,0,2
2024-02-12 20:00:00,10,546.4,20,0,2
2024-02-12 21:00:00,10,426.8,21,0,2
2024-02-12 22:00:00,5,213.7,22,0,2
2024-02-12 23:00:00,3,144.4,23,0,2
2024-02-13 00:00:00,8,470.2,0,1,2
2024-02-13 01:00:00,4,196.70000000000002,1,1,2
2024-02-13 02:00:00,5,192.2,2,1,2
2024-02-13 03:00:00,4,230.1,3,1,2
2024-02-13 04:00:00,4,192.4,4,1,2
2024-02-13 05:00:00,12,566.8,5,1,2
2024-02-13 06:00:00,15,676.0,6,1,2
2024-02-13 07:00:00,22,903.7,7,1,2
2024-02-13 08:00:00,25,1235.2,8,1,2
2024-02-13 09:00:00,21,952.1,9,1,2
2024-02-13 10:00:00,36,1681.7,10,1,2
2024-02-13 11:00:00,34,1587.3,11,1,2
2024-02-13 12:00:00,40,1938.7,12,1,2
2024-02-13 13:00:00,53,2372.5,13,1,2
2024-02-13 14:00:00,37,1838.2,14,1,2
2024-02-13 15:00:00,31,1564.8,15,1,2
2024-02-13 16:00:00,37,1618.7,16,1,2
2024-02-13 17:00:00,33,1557.8,17,1,2
2024-02-13 18:00:00,25,1214.8,18,1,2
2024-02-13 19:00:00,16,715.6,19,1,2
2024-02-13 20:00:00,19,820.7,20,1,2
2024-02-13 21:00:00,8,365.0,21,1,2
2024-02-13 22:00:00,4,161.6,22,1,2
2024-02-13 23:00:00,3,116.3,23,1,2
2024-02-14 00:00:00,5,240.70000000000002,0,2,2
2024-02-14 01:00:00,7,360.8,1,2,2
2024-02-14 02:00:00,4,259.1,2,2,2
2024-02-14 03:00:00,4,204.29999999999998,3,2,2
2024-02-14 04:00:00,4,176.8,4,2,2
2024-02-14 05:00:00,10,487.4,5,2,2
2024-02-14 06:00:00,18,814.5,6,2,2
2024-02-14 07:00:00,21,1037.9,7,2,2
2024-02-14 08:00:00,36,1687.3,8,2,2
2024-02-14 09:00:00,34,1524.2,9,2,2
2024-02-14 10:00:00,38,1769.9,10,2,2
2024-02-14 11:00:00,35,1512.0,11,2,2
2024-02-14 12:00:00,39,1624.9,12,2,2
2024-02-14 13:00:00,41,1878.9,13,2,2
2024-02-14 14:00:00,34,1569.0,14,2,2
2024-02-14 15:00:00,35,1718.2,15,2,2
2024-02-14 16:00:00,35,1784.4,16,2,2
2024-02-14 17:00:00,26,1178.8,17,2,2
2024-02-14 18:00:00,22,1041.1,18,2,2
2024-02-14 19:00:00,16,778.1,19,2,2
2024-02-14 20:00:00,8,401.3,20,2,2
2024-02-14 21:00:00,9,367.5,21,2,2
2024-02-14 22:00:00,6,269.90000000000003,22,2,2
2024-02-14 23:00:00,3,99.0,23,2,2
2024-02-15 00:00:00,5,223.6,0,3,2
2024-02-15 01:00:00,6,263.3,1,3,2
2024-02-15 02:00:00,11,537.7,2,3,2
2024-02-15 03:00:00,9,602.0,3,3,2
2024-02-15 04:00:00,9,435.3,4,3,2
2024-02-15 05:00:00,11,479.2,5,3,2
2024-02-15 06:00:00,11,445.4,6,3,2
2024-02-15 07:00:00,21,1084.4,7,3,2
2024-02-15 08:00:00,25,1065.0,8,3,2
2024-02-15 09:00:00,36,1741.4,9,3,2
2024-02-15 10:00:00,42,1980.8,10,3,2
2024-02-15 11:00:00,44,2146.3,11,3,2
2024-02-15 12:00:00,51,2502.5,12,3,2
2024-02-15 13:00:00,40,1837.2,13,3,2
2024-02-15 14:00:00,42,1821.4,14,3,2
2024-02-15 15:00:00,32,1469.2,15,3,2
2024-02-15 16:00:00,32,1602.8,16,3,2
2024-02-15 17:00:00,29,1300.6,17,3,2
2024-02-15 18:00:00,20,958.8,18,3,2
2024-02-15 19:00:00,24,1161.0,19,3,2
2024-02-15 20:00:00,13,690.7,20,3,2
2024-02-15 21:00:00,5,206.79999999999998,21,3,2
2024-02-15 22:00:00,2,78.8,22,3,2
2024-02-15 23:00:00,1,38.7,23,3,2
2024-02-16 00:00:00,3,197.3,0,4,2
2024-02-16 01:00:00,4,216.6,1,4,2
2024-02-16 02:00:00,7,293.6,2,4,2
2024-02-16 03:00:00,2,82.9,3,4,2
2024-02-16 04:00:00,6,281.09999999999997,4,4,2
2024-02-16 05:00:00,5,238.89999999999998,5,4,2
2024-02-16 06:00:00,19,803.0,6,4,2
2024-02-16 07:00:00,15,699.3,7,4,2
2024-02-16 08:00:00,38,1763.5,8,4,2
2024-02-16 09:00:00,36,1690.4,9,4,2
2024-02-16 10:00:00,35,1547.4,10,4,2
2024-02-16 11:00:00,41,1906.0,11,4,2
2024-02-16 12:00:00,38,1791.1,12,4,2
2024-02-16 13:00:00,43,1961.6,13,4,2
2024-02-16 14:00:00,46,2083.7,14,4,2
2024-02-16 15:00:00,44,2110.1,15,4,2
2024-02-16 16:00:00,39,1779.7,16,4,2
2024-02-16 17:00:00,28,1321.5,17,4,2
2024-02-16 18:00:00,28,1292.2,18,4,2
2024-02-16 19:00:00,19,852.2,19,4,2
2024-02-16 20:00:00,8,431.2,20,4,2
2024-02-16 21:00:00,12,696.2,21,4,2
2024-02-16 22:00:00,1,31.4,22,4,2
2024-02-16 23:00:00,3,144.9,23,4,2
2024-02-17 00:00:00,1,34.4,0,5,2
2024-02-17 01:00:00,4,211.89999999999998,1,5,2
2024-02-17 02:00:00,1,78.0,2,5,2
2024-02-17 03:00:00,5,206.7,3,5,2
2024-02-17 04:00:00,2,60.5,4,5,2
2024-02-17 05:00:00,7,314.8,5,5,2
2024-02-17 06:00:00,5,241.6,6,5,2
2024-02-17 07:00:00,7,343.5,7,5,2
2024-02-17 08:00:00,14,598.1999999999999,8,5,2
2024-02-17 09:00:00,31,1427.4,9,5,2
2024-02-17 10:00:00,29,1210.5,10,5,2
2024-02-17 11:00:00,25,1151.9,11,5,2
2024-02-17 12:00:00,30,1278.2,12,5,2
2024-02-17 13:00:00,29,1570.7,13,5,2
2024-02-17 14:00:00,32,1621.5,14,5,2
2024-02-17 15:00:00,36,1812.6,15,5,2
2024-02-17 16:00:00,19,1017.0,16,5,2
2024-02-17 17:00:00,25,1091.2,17,5,2
2024-02-17 18:00:00,14,661.6,18,5,2
2024-02-17 19:00:00,11,428.1,19,5,2
2024-02-17 20:00:00,12,477.9,20,5,2
2024-02-17 21:00:00,1,71.9,21,5,2
2024-02-17 22:00:00,1,52.8,22,5,2
2024-02-17 23:00:00,2,65.5,23,5,2
2024-02-18 00:00:00,4,196.6,0,6,2
2024-02-18 01:00:00,4,156.3,1,6,2
2024-02-18 02:00:00,4,168.8,2,6,2
2024-02-18 03:00:00,8,328.9,3,6,2
2024-02-18 04:00:00,3,110.9,4,6,2
2024-02-18 05:00:00,6,234.2,5,6,2
2024-02-18 06:00:00,8,355.3,6,6,2
2024-02-18 07:00:00,9,473.2,7,6,2
2024-02-18 08:00:00,13,612.7,8,6,2
2024-02-18 09:00:00,20,864.1,9,6,2
2024-02-18 10:00:00,26,1256.8,10,6,2
2024-02-18 11:00:00,35,1638.3,11,6,2
2024-02-18 12:00:00,40,1844.7,12,6,2
2024-02-18 13:00:00,36,1500.9,13,6,2
2024-02-18 14:00:00,23,1083.4,14,6,2
2024-02-18 15:00:00,23,1034.0,15,6,2
2024-02-18 16:00:00,16,718.6,16,6,2
2024-02-18 17:00:00,22,1131.8,17,6,2
2024-02-18 18:00:00,19,865.8,18,6,2
2024-02-18 19:00:00,14,593.9,19,6,2
2024-02-18 20:00:00,8,360.5,20,6,2
2024-02-18 21:00:00,8,365.9,21,6,2
2024-02-18 22:00:00,0,0.0,22,6,2
2024-02-18 23:00:00,3,146.0,23,6,2
2024-02-19 00:00:00,4,193.3,0,0,2
2024-02-19 01:00:00,3,111.6,1,0,2
2024-02-19 02:00:00,4,280.5,2,0,2
2024-02-19 03:00:00,6,288.7,3,0,2
2024-02-19 04:00:00,4,172.5,4,0,2
2024-02-19 05:00:00,8,422.8,5,0,2
2024-02-19 06:00:00,11,513.8,6,0,2
2024-02-19 07:00:00,21,823.8,7,0,2
2024-02-19 08:00:00,19,916.5,8,0,2
2024-02-19 09:00:00,27,1194.8,9,0,2
2024-02-19 10:00:00,38,1746.6,10,0,2
2024-02-19 11:00:00,43,2088.6,11,0,2
2024-02-19 12:00:00,43,2173.1,12,0,2
2024-02-19 13:00:00,41,1715.5,13,0,2
2024-02-19 14:00:00,47,2023.3,14,0,2
2024-02-19 15:00:00,41,1855.1,15,0,2
2024-02-19 16:00:00,25,1234.2,16,0,2
2024-02-19 17:00:00,27,1231.4,17,0,2
2024-02-19 18:00:00,22,989.6,18,0,2
2024-02-19 19:00:00,21,937.3000000000001,19,0,2
2024-02-19 20:00:00,16,626.6,20,0,2
2024-02-19 21:00:00,7,379.2,21,0,2
2024-02-19 22:00:00,3,194.3,22,0,2
2024-02-19 23:00:00,4,147.4,23,0,2
2024-02-20 00:00:00,8,373.4,0,1,2
2024-02-20 01:00:00,2,63.9,1,1,2
2024-02-20 02:00:00,5,218.2,2,1,2
2024-02-20 03:00:00,6,190.2,3,1,2
2024-02-20 04:00:00,5,215.0,4,1,2
2024-02-20 05:00:00,10,495.4,5,1,2
2024-02-20 06:00:00,21,1033.7,6,1,2
2024-02-20 07:00:00,17,785.4,7,1,2
2024-02-20 08:00:00,30,1296.5,8,1,2
2024-02-20 09:00:00,42,2062.0,9,1,2
2024-02-20 10:00:00,45,2286.6,10,1,2
2024-02-20 11:00:00,39,1718.5,11,1,2
2024-02-20 12:00:00,43,2116.4,12,1,2
2024-02-20 13:00:00,47,2057.1,13,1,2
2024-02-20 14:00:00,41,1852.6,14,1,2
2024-02-20 15:00:00,33,1544.0,15,1,2
2024-02-20 16:00:00,20,891.2,16,1,2
2024-02-20 17:00:00,27,1209.3,17,1,2
2024-02-20 18:00:00,21,1105.3,18,1,2
2024-02-20 19:00:00,21,950.6,19,1,2
2024-02-20 20:00:00,5,219.6,20,1,2
2024-02-20 21:00:00,8,359.4,21,1,2
2024-02-20 22:00:00,4,199.6,22,1,2
2024-02-20 23:00:00,3,118.4,23,1,2
2024-02-21 00:00:00,2,71.0,0,2,2
2024-02-21 01:00:00,5,270.1,1,2,2
2024-02-21 02:00:00,12,562.4,2,2,2
2024-02-21 03:00:00,3,141.7,3,2,2
2024-02-21 04:00:00,2,82.30000000000001,4,2,2
2024-02-21 05:00:00,8,334.8,5,2,2
2024-02-21 06:00:00,11,599.5,6,2,2
2024-02-21 07:00:00,18,749.4,7,2,2
2024-02-21 08:00:00,29,1313.0,8,2,2
2024-02-21 09:00:00,31,1471.6,9,2,2
2024-02-21 10:00:00,32,1358.0,10,2,2
2024-02-21 11:00:00,43,1964.3,11,2,2
2024-02-21 12:00:00,43,2005.3999999999999,12,2,2
2024-02-21 13:00:00,41,1895.2,13,2,2
2024-02-21 14:00:00,41,1985.4,14,2,2
2024-02-21 15:00:00,45,2274.2,15,2,2
2024-02-21 16:00:00,24,1180.5,16,2,2
2024-02-21 17:00:00,30,1454.0,17,2,2
2024-02-21 18:00:00,24,1105.2,18,2,2
2024-02-21 19:00:00,24,995.5,19,2,2
2024-02-21 20:00:00,18,986.1,20,2,2
2024-02-21 21:00:00,5,161.4,21,2,2
2024-02-21 22:00:00,1,30.6,22,2,2
2024-02-21 23:00:00,2,83.3,23,2,2
2024-02-22 00:00:00,10,535.9,0,3,2
2024-02-22 01:00:00,5,274.5,1,3,2
2024-02-22 02:00:00,2,108.6,2,3,2
2024-02-22 03:00:00,5,197.8,3,3,2
2024-02-22 04:00:00,3,105.69999999999999,4,3,2
2024-02-22 05:00:00,10,574.4,5,3,2
2024-02-22 06:00:00,9,464.0,6,3,2
2024-02-22 07:00:00,18,880.6999999999999,7,3,2
2024-02-22 08:00:00,26,1164.7,8,3,2
2024-02-22 09:00:00,24,1160.8999999999999,9,3,2
2024-02-22 10:00:00,51,2405.3,10,3,2
2024-02-22 11:00:00,39,1592.2,11,3,2
2024-02-22 12:00:00,33,1480.9,12,3,2
2024-02-22 13:00:00,45,2202.3,13,3,2
2024-02-22 14:00:00,31,1667.1,14,3,2
2024-02-22 15:00:00,36,1624.2,15,3,2
2024-02-22 16:00:00,39,1601.4,16,3,2
2024-02-22 17:00:00,32,1585.5,17,3,2
2024-02-22 18:00:00,26,1110.4,18,3,2
2024-02-22 19:00:00,27,1370.7,19,3,2
2024-02-22 20:00:00,9,428.9,20,3,2
2024-02-22 21:00:00,12,550.9,21,3,2
2024-02-22 22:00:00,3,156.1,22,3,2
2024-02-22 23:00:00,6,250.2,23,3,2
2024-02-23 00:00:00,3,125.19999999999999,0,4,2
2024-02-23 01:00:00,6,303.1,1,4,2
2024-02-23 02:00:00,6,288.8,2,4,2
2024-02-23 03:00:00,3,137.5,3,4,2
2024-02-23 04:00:00,5,197.2,4,4,2
2024-02-23 05:00:00,8,377.7,5,4,2
2024-02-23 06:00:00,18,922.1,6,4,2
2024-02-23 07:00:00,17,768.2,7,4,2
2024-02-23 08:00:00,22,1074.3,8,4,2
2024-02-23 09:00:00,36,1722.3,9,4,2
2024-02-23 10:00:00,37,1643.4,10,4,2
2024-02-23 11:00:00,43,2104.9,11,4,2
2024-02-23 12:00:00,53,2533.2,12,4,2
2024-02-23 13:00:00,37,1737.6,13,4,2
2024-02-23 14:00:00,40,2026.8,14,4,2
2024-02-23 15:00:00,39,1633.5,15,4,2
2024-02-23 16:00:00,36,1573.1,16,4,2
2024-02-23 17:00:00,23,1038.4,17,4,2
2024-02-23 18:00:00,29,1479.9,18,4,2
2024-02-23 19:00:00,19,936.7,19,4,2
2024-02-23 20:00:00,13,611.4,20,4,2
2024-02-23 21:00:00,5,257.6,21,4,2
2024-02-23 22:00:00,3,110.5,22,4,2
2024-02-23 23:00:00,4,172.4,23,4,2
2024-02-24 00:00:00,5,252.7,0,5,2
2024-02-24 01:00:00,3,150.60000000000002,1,5,2
2024-02-24 02:00:00,3,171.9,2,5,2
2024-02-24 03:00:00,2,104.3,3,5,2
2024-02-24 04:00:00,5,256.9,4,5,2
2024-02-24 05:00:00,9,515.1,5,5,2
2024-02-24 06:00:00,5,165.6,6,5,2
2024-02-24 07:00:00,8,328.9,7,5,2
2024-02-24 08:00:00,20,826.0,8,5,2
2024-02-24 09:00:00,35,1473.8,9,5,2
2024-02-24 10:00:00,20,938.9,10,5,2
2024-02-24 11:00:00,26,1154.8,11,5,2
2024-02-24 12:00:00,31,1518.4,12,5,2
2024-02-24 13:00:00,31,1514.1000000000001,13,5,2
2024-02-24 14:00:00,30,1313.2,14,5,2
2024-02-24 15:00:00,20,952.2,15,5,2
2024-02-24 16:00:00,26,1202.6,16,5,2
2024-02-24 17:00:00,29,1469.9,17,5,2
2024-02-24 18:00:00,20,879.1,18,5,2
2024-02-24 19:00:00,16,691.6,19,5,2
2024-02-24 20:00:00,11,559.3,20,5,2
2024-02-24 21:00:00,7,307.5,21,5,2
2024-02-24 22:00:00,2,81.5,22,5,2
2024-02-24 23:00:00,5,230.4,23,5,2
2024-02-25 00:00:00,4,180.0,0,6,2
2024-02-25 01:00:00,4,142.8,1,6,2
2024-02-25 02:00:00,3,149.0,2,6,2
2024-02-25 03:00:00,7,274.2,3,6,2
2024-02-25 04:00:00,2,103.3,4,6,2
2024-02-25 05:00:00,5,250.4,5,6,2
2024-02-25 06:00:00,10,412.3,6,6,2
2024-02-25 07:00:00,11,577.0,7,6,2
2024-02-25 08:00:00,18,776.8,8,6,2
2024-02-25 09:00:00,32,1349.1,9,6,2
2024-02-25 10:00:00,28,1347.6,10,6,2
2024-02-25 11:00:00,18,834.3,11,6,2
2024-02-25 12:00:00,26,1140.9,12,6,2
2024-02-25 13:00:00,27,1303.4,13,6,2
2024-02-25 14:00:00,34,1517.1,14,6,2
2024-02-25 15:00:00,27,1304.0,15,6,2
2024-02-25 16:00:00,26,1278.8,16,6,2
2024-02-25 17:00:00,29,1355.5,17,6,2
2024-02-25 18:00:00,21,1057.1,18,6,2
2024-02-25 19:00:00,7,386.2,19,6,2
2024-02-25 20:00:00,9,399.8,20,6,2
2024-02-25 21:00:00,8,360.5,21,6,2
2024-02-25 22:00:00,4,235.8,22,6,2
2024-02-25 23:00:00,1,30.1,23,6,2
2024-02-26 00:00:00,3,156.0,0,0,2
2024-02-26 01:00:00,7,309.5,1,0,2
2024-02-26 02:00:00,5,199.5,2,0,2
2024-02-26 03:00:00,4,150.3,3,0,2
2024-02-26 04:00:00,1,31.1,4,0,2
2024-02-26 05:00:00,5,237.1,5,0,2
2024-02-26 06:00:00,21,991.1,6,0,2
2024-02-26 07:00:00,19,945.6,7,0,2
2024-02-26 08:00:00,19,752.0,8,0,2
2024-02-26 09:00:00,33,1371.8,9,0,2
2024-02-26 10:00:00,31,1393.1,10,0,2
2024-02-26 11:00:00,43,2121.9,11,0,2
2024-02-26 12:00:00,50,2337.7,12,0,2
2024-02-26 13:00:00,37,1656.5,13,0,2
2024-02-26 14:00:00,41,1875.4,14,0,2
2024-02-26 15:00:00,36,1653.4,15,0,2
2024-02-26 16:00:00,28,1308.0,16,0,2
2024-02-26 17:00:00,35,1686.8,17,0,2
2024-02-26 18:00:00,24,1031.0,18,0,2
2024-02-26 19:00:00,27,1255.1,19,0,2
2024-02-26 20:00:00,16,864.2,20,0,2
2024-02-26 21:00:00,10,500.1,21,0,2
2024-02-26 22:00:00,6,286.0,22,0,2
2024-02-26 23:00:00,11,607.0,23,0,2
2024-02-27 00:00:00,5,200.6,0,1,2
2024-02-27 01:00:00,6,234.7,1,1,2
2024-02-27 02:00:00,5,199.3,2,1,2
2024-02-27 03:00:00,2,84.3,3,1,2
2024-02-27 04:00:00,2,135.8,4,1,2
2024-02-27 05:00:00,14,631.9,5,1,2
2024-02-27 06:00:00,12,541.7,6,1,2
2024-02-27 07:00:00,18,918.7,7,1,2
2024-02-27 08:00:00,19,893.5,8,1,2
2024-02-27 09:00:00,36,1688.6,9,1,2
2024-02-27 10:00:00,32,1603.5,10,1,2
2024-02-27 11:00:00,27,1229.3,11,1,2
2024-02-27 12:00:00,39,1839.0,12,1,2
2024-02-27 13:00:00,49,2285.5,13,1,2
2024-02-27 14:00:00,43,1763.6,14,1,2
2024-02-27 15:00:00,36,1547.8,15,1,2
2024-02-27 16:00:00,29,1425.2,16,1,2
2024-02-27 17:00:00,27,1033.2,17,1,2
2024-02-27 18:00:00,27,1340.5,18,1,2
2024-02-27 19:00:00,30,1444.1000000000001,19,1,2
2024-02-27 20:00:00,17,716.0,20,1,2
2024-02-27 21:00:00,7,351.4,21,1,2
2024-02-27 22:00:00,0,0.0,22,1,2
2024-02-27 23:00:00,5,264.2,23,1,2
2024-02-28 00:00:00,4,189.2,0,2,2
2024-02-28 01:00:00,4,181.1,1,2,2
2024-02-28 02:00:00,7,398.6,2,2,2
2024-02-28 03:00:00,3,189.1,3,2,2
2024-02-28 04:00:00,3,166.6,4,2,2
2024-02-28 05:00:00,8,334.3,5,2,2
2024-02-28 06:00:00,12,451.1,6,2,2
2024-02-28 07:00:00,23,1083.3,7,2,2
2024-02-28 08:00:00,31,1388.9,8,2,2
2024-02-28 09:00:00,34,1750.6,9,2,2
2024-02-28 10:00:00,46,2281.8,10,2,2
2024-02-28 11:00:00,33,1527.0,11,2,2
2024-02-28 12:00:00,41,2005.7,12,2,2
2024-02-28 13:00:00,32,1504.9,13,2,2
2024-02-28 14:00:00,51,2415.0,14,2,2
2024-02-28 15:00:00,36,1748.2,15,2,2
2024-02-28 16:00:00,31,1223.5,16,2,2
2024-02-28 17:00:00,29,1139.1,17,2,2
2024-02-28 18:00:00,12,512.4,18,2,2
2024-02-28 19:00:00,17,757.2,19,2,2
2024-02-28 20:00:00,8,265.2,20,2,2
2024-02-28 21:00:00,9,437.7,21,2,2
2024-02-28 22:00:00,1,79.2,22,2,2
2024-02-28 23:00:00,1,33.4,23,2,2
2024-02-29 00:00:00,3,126.0,0,3,2
2024-02-29 01:00:00,2,107.0,1,3,2
2024-02-29 02:00:00,5,260.2,2,3,2
2024-02-29 03:00:00,4,250.8,3,3,2
2024-02-29 04:00:00,3,138.3,4,3,2
2024-02-29 05:00:00,8,393.5,5,3,2
2024-02-29 06:00:00,18,895.1,6,3,2
2024-02-29 07:00:00,21,823.0,7,3,2
2024-02-29 08:00:00,30,1375.7,8,3,2
2024-02-29 09:00:00,34,1554.7,9,3,2
2024-02-29 10:00:00,48,2325.8,10,3,2
2024-02-29 11:00:00,47,2313.3,11,3,2
2024-02-29 12:00:00,46,2036.5,12,3,2
2024-02-29 13:00:00,42,1983.2,13,3,2
2024-02-29 14:00:00,45,2042.0,14,3,2
2024-02-29 15:00:00,30,1409.7,15,3,2
2024-02-29 16:00:00,27,1290.4,16,3,2
2024-02-29 17:00:00,30,1389.8,17,3,2
2024-02-29 18:00:00,25,1214.1,18,3,2
2024-02-29 19:00:00,17,818.6,19,3,2
2024-02-29 20:00:00,16,708.7,20,3,2
2024-02-29 21:00:00,10,485.9,21,3,2
2024-02-29 22:00:00,6,247.7,22,3,2
2024-02-29 23:00:00,2,118.8,23,3,2
2024-03-01 00:00:00,4,187.6,0,4,3
2024-03-01 01:00:00,4,208.9,1,4,3
2024-03-01 02:00:00,2,77.1,2,4,3
2024-03-01 03:00:00,3,159.9,3,4,3
2024-03-01 04:00:00,6,242.5,4,4,3
2024-03-01 05:00:00,11,566.4,5,4,3
2024-03-01 06:00:00,11,532.2,6,4,3
2024-03-01 07:00:00,21,1153.4,7,4,3
2024-03-01 08:00:00,35,1595.4,8,4,3
2024-03-01 09:00:00,38,1730.8,9,4,3
2024-03-01 10:00:00,38,1724.1,10,4,3
2024-03-01 11:00:00,41,1855.8,11,4,3
2024-03-01 12:00:00,34,1504.6,12,4,3
2024-03-01 13:00:00,46,2229.7,13,4,3
2024-03-01 14:00:00,31,1471.5,14,4,3
2024-03-01 15:00:00,26,1153.1,15,4,3
2024-03-01 16:00:00,34,1668.9,16,4,3
2024-03-01 17:00:00,35,1658.6,17,4,3
2024-03-01 18:00:00,30,1416.3,18,4,3
2024-03-01 19:00:00,10,533.2,19,4,3
2024-03-01 20:00:00,12,491.8,20,4,3
2024-03-01 21:00:00,12,464.9,21,4,3
2024-03-01 22:00:00,5,282.4,22,4,3
2024-03-01 23:00:00,6,293.0,23,4,3
2024-03-02 00:00:00,4,141.0,0,5,3
2024-03-02 01:00:00,4,160.3,1,5,3
2024-03-02 02:00:00,3,145.8,2,5,3
2024-03-02 03:00:00,0,0.0,3,5,3
2024-03-02 04:00:00,2,78.1,4,5,3
2024-03-02 05:00:00,5,197.4,5,5,3
2024-03-02 06:00:00,7,348.2,6,5,3
2024-03-02 07:00:00,12,492.0,7,5,3
2024-03-02 08:00:00,20,988.7,8,5,3
2024-03-02 09:00:00,29,1344.0,9,5,3
2024-03-02 10:00:00,32,1385.4,10,5,3
2024-03-02 11:00:00,33,1580.5,11,5,3
2024-03-02 12:00:00,29,1410.6,12,5,3
2024-03-02 13:00:00,23,1017.0,13,5,3
2024-03-02 14:00:00,25,1090.7,14,5,3
2024-03-02 15:00:00,25,1230.6,15,5,3
2024-03-02 16:00:00,23,1056.9,16,5,3
2024-03-02 17:00:00,19,926.6999999999999,17,5,3
2024-03-02 18:00:00,15,640.1,18,5,3
2024-03-02 19:00:00,11,512.2,19,5,3
2024-03-02 20:00:00,11,542.3,20,5,3
2024-03-02 21:00:00,4,210.5,21,5,3
2024-03-02 22:00:00,3,146.9,22,5,3
2024-03-02 23:00:00,4,140.4,23,5,3
2024-03-03 00:00:00,1,34.3,0,6,3
2024-03-03 01:00:00,2,85.6,1,6,3
2024-03-03 02:00:00,5,227.9,2,6,3
2024-03-03 03:00:00,2,80.3,3,6,3
2024-03-03 04:00:00,1,53.9,4,6,3
2024-03-03 05:00:00,3,146.6,5,6,3
2024-03-03 06:00:00,4,231.9,6,6,3
2024-03-03 07:00:00,14,616.0,7,6,3
2024-03-03 08:00:00,18,759.3,8,6,3
2024-03-03 09:00:00,31,1574.0,9,6,3
2024-03-03 10:00:00,30,1437.7,10,6,3
2024-03-03 11:00:00,24,1133.6,11,6,3
2024-03-03 12:00:00,34,1436.3,12,6,3
2024-03-03 13:00:00,25,1298.9,13,6,3
2024-03-03 14:00:00,26,1276.0,14,6,3
2024-03-03 15:00:00,30,1347.0,15,6,3
2024-03-03 16:00:00,30,1425.7,16,6,3
2024-03-03 17:00:00,21,950.1,17,6,3
2024-03-03 18:00:00,21,944.9,18,6,3
2024-03-03 19:00:00,10,439.6,19,6,3
2024-03-03 20:00:00,3,112.69999999999999,20,6,3
2024-03-03 21:00:00,8,353.6,21,6,3
2024-03-03 22:00:00,4,174.5,22,6,3
2024-03-03 23:00:00,3,167.3,23,6,3
2024-03-04 00:00:00,7,336.8,0,0,3
2024-03-04 01:00:00,7,344.8,1,0,3
2024-03-04 02:00:00,1,80.0,2,0,3
2024-03-04 03:00:00,7,365.1,3,0,3
2024-03-04 04:00:00,1,29.8,4,0,3
2024-03-04 05:00:00,8,393.8,5,0,3
2024-03-04 06:00:00,21,1044.9,6,0,3
2024-03-04 07:00:00,17,778.8,7,0,3
2024-03-04 08:00:00,25,1100.6,8,0,3
2024-03-04 09:00:00,38,1697.0,9,0,3
2024-03-04 10:00:00,34,1554.6,10,0,3
2024-03-04 11:00:00,31,1295.6,11,0,3
2024-03-04 12:00:00,33,1495.6,12,0,3
2024-03-04 13:00:00,32,1590.3999999999999,13,0,3
2024-03-04 14:00:00,40,1743.3,14,0,3
2024-03-04 15:00:00,43,1913.4,15,0,3
2024-03-04 16:00:00,27,1337.4,16,0,3
2024-03-04 17:00:00,27,1202.1,17,0,3
2024-03-04 18:00:00,21,1012.8,18,0,3
2024-03-04 19:00:00,17,898.9,19,0,3
2024-03-04 20:00:00,10,404.1,20,0,3
2024-03-04 21:00:00,7,374.9,21,0,3
2024-03-04 22:00:00,3,137.6,22,0,3
2024-03-04 23:00:00,6,328.9,23,0,3
2024-03-05 00:00:00,5,246.6,0,1,3
2024-03-05 01:00:00,3,140.6,1,1,3
2024-03-05 02:00:00,9,400.09999999999997,2,1,3
2024-03-05 03:00:00,2,109.0,3,1,3
2024-03-05 04:00:00,4,147.2,4,1,3
2024-03-05 05:00:00,8,346.4,5,1,3
2024-03-05 06:00:00,12,754.8,6,1,3
2024-03-05 07:00:00,17,762.6,7,1,3
2024-03-05 08:00:00,25,1088.3,8,1,3
2024-03-05 09:00:00,45,2065.9,9,1,3
2024-03-05 10:00:00,47,2110.3,10,1,3
2024-03-05 11:00:00,40,1954.8,11,1,3
2024-03-05 12:00:00,28,1253.4,12,1,3
2024-03-05 13:00:00,40,1728.2,13,1,3
2024-03-05 14:00:00,42,1934.6000000000001,14,1,3
2024-03-05 15:00:00,32,1466.9,15,1,3
2024-03-05 16:00:00,25,1043.7,16,1,3
2024-03-05 17:00:00,29,1362.8,17,1,3
2024-03-05 18:00:00,20,955.6,18,1,3
2024-03-05 19:00:00,11,550.7,19,1,3
2024-03-05 20:00:00,13,606.5,20,1,3
2024-03-05 21:00:00,8,416.9,21,1,3
2024-03-05 22:00:00,0,0.0,22,1,3
2024-03-05 23:00:00,6,263.9,23,1,3
2024-03-06 00:00:00,2,81.7,0,2,3
2024-03-06 01:00:00,8,414.1,1,2,3
2024-03-06 02:00:00,2,92.3,2,2,3
2024-03-06 03:00:00,2,99.9,3,2,3
2024-03-06 04:00:00,3,91.60000000000001,4,2,3
2024-03-06 05:00:00,7,264.7,5,2,3
2024-03-06 06:00:00,15,726.7,6,2,3
2024-03-06 07:00:00,17,764.5,7,2,3
2024-03-06 08:00:00,27,1306.6,8,2,3
2024-03-06 09:00:00,35,1636.8,9,2,3
2024-03-06 10:00:00,53,2520.1,10,2,3
2024-03-06 11:00:00,33,1470.1,11,2,3
2024-03-06 12:00:00,39,1795.1,12,2,3
2024-03-06 13:00:00,44,2065.1,13,2,3
2024-03-06 14:00:00,38,1850.7,14,2,3
2024-03-06 15:00:00,40,1796.6,15,2,3
2024-03-06 16:00:00,31,1413.8,16,2,3
2024-03-06 17:00:00,25,1086.9,17,2,3
2024-03-06 18:00:00,25,1252.3,18,2,3
2024-03-06 19:00:00,18,783.9,19,2,3
2024-03-06 20:00:00,15,681.7,20,2,3
2024-03-06 21:00:00,10,471.6,21,2,3
2024-03-06 22:00:00,4,206.2,22,2,3
2024-03-06 23:00:00,5,234.1,23,2,3
2024-03-07 00:00:00,9,333.5,0,3,3
2024-03-07 01:00:00,4,162.1,1,3,3
2024-03-07 02:00:00,7,327.4,2,3,3
2024-03-07 03:00:00,10,512.1,3,3,3
2024-03-07 04:00:00,8,270.7,4,3,3
2024-03-07 05:00:00,10,488.29999999999995,5,3,3
2024-03-07 06:00:00,13,608.2,6,3,3
2024-03-07 07:00:00,23,934.8,7,3,3
2024-03-07 08:00:00,26,1236.8,8,3,3
2024-03-07 09:00:00,39,1814.4,9,3,3
2024-03-07 10:00:00,44,2109.4,10,3,3
2024-03-07 11:00:00,41,1952.7,11,3,3
2024-03-07 12:00:00,29,1525.0,12,3,3
2024-03-07 13:00:00,35,1587.4,13,3,3
2024-03-07 14:00:00,38,1705.2,14,3,3
2024-03-07 15:00:00,32,1456.8,15,3,3
2024-03-07 16:00:00,37,1665.0,16,3,3
2024-03-07 17:00:00,26,1184.2,17,3,3
2024-03-07 18:00:00,24,1060.2,18,3,3
2024-03-07 19:00:00,19,889.5,19,3,3
2024-03-07 20:00:00,11,571.4,20,3,3
2024-03-07 21:00:00,14,607.5,21,3,3
2024-03-07 22:00:00,1,48.2,22,3,3
2024-03-07 23:00:00,4,209.1,23,3,3
2024-03-08 00:00:00,5,253.4,0,4,3
2024-03-08 01:00:00,3,133.2,1,4,3
2024-03-08 02:00:00,4,212.7,2,4,3
2024-03-08 03:00:00,2,76.5,3,4,3
2024-03-08 04:00:00,4,194.3,4,4,3
2024-03-08 05:00:00,9,426.5,5,4,3
2024-03-08 06:00:00,10,425.6,6,4,3
2024-03-08 07:00:00,13,506.0,7,4,3
2024-03-08 08:00:00,24,1027.3,8,4,3
2024-03-08 09:00:00,31,1536.3,9,4,3
2024-03-08 10:00:00,40,1801.7,10,4,3
2024-03-08 11:00:00,39,1796.3,11,4,3
2024-03-08 12:00:00,46,2133.9,12,4,3
2024-03-08 13:00:00,39,1665.4,13,4,3
2024-03-08 14:00:00,31,1331.7,14,4,3
2024-03-08 15:00:00,28,1124.3,15,4,3
2024-03-08 16:00:00,36,1689.1,16,4,3
2024-03-08 17:00:00,38,1948.7,17,4,3
2024-03-08 18:00:00,28,1415.5,18,4,3
2024-03-08 19:00:00,21,1042.6,19,4,3
2024-03-08 20:00:00,11,429.5,20,4,3
2024-03-08 21:00:00,12,665.3,21,4,3
2024-03-08 22:00:00,8,314.2,22,4,3
2024-03-08 23:00:00,6,227.9,23,4,3
2024-03-09 00:00:00,2,156.3,0,5,3
2024-03-09 01:00:00,4,223.9,1,5,3
2024-03-09 02:00:00,2,83.5,2,5,3
2024-03-09 03:00:00,2,129.2,3,5,3
2024-03-09 04:00:00,2,80.1,4,5,3
2024-03-09 05:00:00,6,263.7,5,5,3
2024-03-09 06:00:00,7,320.29999999999995,6,5,3
2024-03-09 07:00:00,9,426.8,7,5,3
2024-03-09 08:00:00,21,887.0,8,5,3
2024-03-09 09:00:00,28,1404.3,9,5,3
2024-03-09 10:00:00,25,1240.6,10,5,3
2024-03-09 11:00:00,36,1649.6,11,5,3
2024-03-09 12:00:00,26,1171.6,12,5,3
2024-03-09 13:00:00,37,1813.7,13,5,3
2024-03-09 14:00:00,38,1803.3,14,5,3
2024-03-09 15:00:00,30,1316.3,15,5,3
2024-03-09 16:00:00,21,920.9,16,5,3
2024-03-09 17:00:00,15,649.5,17,5,3
2024-03-09 18:00:00,16,797.5,18,5,3
2024-03-09 19:00:00,12,591.2,19,5,3
2024-03-09 20:00:00,10,427.8,20,5,3
2024-03-09 21:00:00,7,330.7,21,5,3
2024-03-09 22:00:00,4,174.2,22,5,3
2024-03-09 23:00:00,0,0.0,23,5,3
2024-03-10 00:00:00,4,137.9,0,6,3
2024-03-10 01:00:00,2,113.4,1,6,3
2024-03-10 02:00:00,2,108.2,2,6,3
2024-03-10 03:00:00,2,70.4,3,6,3
2024-03-10 04:00:00,4,156.5,4,6,3
2024-03-10 05:00:00,5,198.3,5,6,3
2024-03-10 06:00:00,7,272.2,6,6,3
2024-03-10 07:00:00,19,966.5,7,6,3
2024-03-10 08:00:00,12,541.3,8,6,3
2024-03-10 09:00:00,28,1390.9,9,6,3
2024-03-10 10:00:00,22,1002.9,10,6,3
2024-03-10 11:00:00,28,1315.7,11,6,3
2024-03-10 12:00:00,29,1266.0,12,6,3
2024-03-10 13:00:00,25,1175.7,13,6,3
2024-03-10 14:00:00,30,1347.1,14,6,3
2024-03-10 15:00:00,27,1103.0,15,6,3
2024-03-10 16:00:00,26,1258.0,16,6,3
2024-03-10 17:00:00,18,803.5,17,6,3
2024-03-10 18:00:00,15,642.7,18,6,3
2024-03-10 19:00:00,21,911.2,19,6,3
2024-03-10 20:00:00,10,470.2,20,6,3
2024-03-10 21:00:00,8,379.0,21,6,3
2024-03-10 22:00:00,2,106.19999999999999,22,6,3
2024-03-10 23:00:00,4,176.6,23,6,3
2024-03-11 00:00:00,7,310.0,0,0,3
2024-03-11 01:00:00,4,156.2,1,0,3
2024-03-11 02:00:00,4,237.9,2,0,3
2024-03-11 03:00:00,5,238.2,3,0,3
2024-03-11 04:00:00,5,219.4,4,0,3
2024-03-11 05:00:00,9,511.90000000000003,5,0,3
2024-03-11 06:00:00,18,882.8,6,0,3
2024-03-11 07:00:00,17,732.2,7,0,3
2024-03-11 08:00:00,26,1092.7,8,0,3
2024-03-11 09:00:00,35,1585.3,9,0,3
2024-03-11 10:00:00,28,1271.4,10,0,3
2024-03-11 11:00:00,41,1955.3999999999999,11,0,3
2024-03-11 12:00:00,44,1909.0,12,0,3
2024-03-11 13:00:00,55,2684.0,13,0,3
2024-03-11 14:00:00,36,1693.1,14,0,3
2024-03-11 15:00:00,36,1656.8999999999999,15,0,3
2024-03-11 16:00:00,34,1506.6000000000001,16,0,3
2024-03-11 17:00:00,19,835.6,17,0,3
2024-03-11 18:00:00,23,1066.0,18,0,3
2024-03-11 19:00:00,13,642.0,19,0,3
2024-03-11 20:00:00,17,845.4,20,0,3
2024-03-11 21:00:00,7,310.5,21,0,3
2024-03-11 22:00:00,1,30.5,22,0,3
2024-03-11 23:00:00,5,213.1,23,0,3
2024-03-12 00:00:00,3,109.1,0,1,3
2024-03-12 01:00:00,3,131.8,1,1,3
2024-03-12 02:00:00,9,360.8,2,1,3
2024-03-12 03:00:00,3,136.7,3,1,3
2024-03-12 04:00:00,7,301.90000000000003,4,1,3
2024-03-12 05:00:00,9,418.9,5,1,3
2024-03-12 06:00:00,14,728.1,6,1,3
2024-03-12 07:00:00,23,1175.8,7,1,3
2024-03-12 08:00:00,15,729.1,8,1,3
2024-03-12 09:00:00,48,2319.4,9,1,3
2024-03-12 10:00:00,49,2257.4,10,1,3
2024-03-12 11:00:00,45,2055.5,11,1,3
2024-03-12 12:00:00,26,1191.1,12,1,3
2024-03-12 13:00:00,53,2484.7,13,1,3
2024-03-12 14:00:00,44,1943.8,14,1,3
2024-03-12 15:00:00,37,1622.1,15,1,3
2024-03-12 16:00:00,33,1385.8,16,1,3
2024-03-12 17:00:00,38,1782.7,17,1,3
2024-03-12 18:00:00,29,1444.3,18,1,3
2024-03-12 19:00:00,12,567.1,19,1,3
2024-03-12 20:00:00,12,501.5,20,1,3
2024-03-12 21:00:00,7,307.3,21,1,3
2024-03-12 22:00:00,3,165.1,22,1,3
2024-03-12 23:00:00,6,260.5,23,1,3
2024-03-13 00:00:00,6,313.6,0,2,3
2024-03-13 01:00:00,7,267.0,1,2,3
2024-03-13 02:00:00,5,218.0,2,2,3
2024-03-13 03:00:00,4,171.8,3,2,3
2024-03-13 04:00:00,5,190.9,4,2,3
2024-03-13 05:00:00,14,597.8000000000001,5,2,3
2024-03-13 06:00:00,7,313.3,6,2,3
2024-03-13 07:00:00,19,967.5,7,2,3
2024-03-13 08:00:00,18,812.3000000000001,8,2,3
2024-03-13 09:00:00,39,1789.5,9,2,3
2024-03-13 10:00:00,35,1603.7,10,2,3
2024-03-13 11:00:00,51,2402.5,11,2,3
2024-03-13 12:00:00,27,1315.6000000000001,12,2,3
2024-03-13 13:00:00,51,2251.4,13,2,3
2024-03-13 14:00:00,35,1620.8,14,2,3
2024-03-13 15:00:00,36,1667.5,15,2,3
2024-03-13 16:00:00,17,849.4,16,2,3
2024-03-13 17:00:00,44,2121.3,17,2,3
2024-03-13 18:00:00,20,1029.3,18,2,3
2024-03-13 19:00:00,15,713.6,19,2,3
2024-03-13 20:00:00,8,355.0,20,2,3
2024-03-13 21:00:00,12,521.7,21,2,3
2024-03-13 22:00:00,8,383.6,22,2,3
2024-03-13 23:00:00,5,285.3,23,2,3
2024-03-14 00:00:00,2,150.5,0,3,3
2024-03-14 01:00:00,5,237.6,1,3,3
2024-03-14 02:00:00,5,233.5,2,3,3
2024-03-14 03:00:00,3,145.9,3,3,3
2024-03-14 04:00:00,5,224.8,4,3,3
2024-03-14 05:00:00,6,244.60000000000002,5,3,3
2024-03-14 06:00:00,15,714.4,6,3,3
2024-03-14 07:00:00,21,1000.0,7,3,3
2024-03-14 08:00:00,30,1429.7,8,3,3
2024-03-14 09:00:00,41,1971.0,9,3,3
2024-03-14 10:00:00,34,1455.7,10,3,3
2024-03-14 11:00:00,31,1575.8,11,3,3
2024-03-14 12:00:00,45,2290.3,12,3,3
2024-03-14 13:00:00,31,1343.8,13,3,3
2024-03-14 14:00:00,35,1557.5,14,3,3
2024-03-14 15:00:00,38,1911.3,15,3,3
2024-03-14 16:00:00,26,1060.2,16,3,3
2024-03-14 17:00:00,28,1401.9,17,3,3
2024-03-14 18:00:00,24,1136.6,18,3,3
2024-03-14 19:00:00,14,759.9,19,3,3
2024-03-14 20:00:00,15,794.2,20,3,3
2024-03-14 21:00:00,6,307.4,21,3,3
2024-03-14 22:00:00,11,535.6,22,3,3
2024-03-14 23:00:00,2,88.2,23,3,3
2024-03-15 00:00:00,6,271.1,0,4,3
2024-03-15 01:00:00,0,0.0,1,4,3
2024-03-15 02:00:00,2,73.5,2,4,3
2024-03-15 03:00:00,5,213.9,3,4,3
2024-03-15 04:00:00,7,392.4,4,4,3
2024-03-15 05:00:00,7,301.2,5,4,3
2024-03-15 06:00:00,14,609.1,6,4,3
2024-03-15 07:00:00,16,739.1,7,4,3
2024-03-15 08:00:00,15,683.6999999999999,8,4,3
2024-03-15 09:00:00,33,1597.0,9,4,3
2024-03-15 10:00:00,44,1822.9,10,4,3
2024-03-15 11:00:00,44,2120.6,11,4,3
2024-03-15 12:00:00,42,1913.0,12,4,3
2024-03-15 13:00:00,37,1801.1,13,4,3
2024-03-15 14:00:00,39,1902.1,14,4,3
2024-03-15 15:00:00,36,1533.9,15,4,3
2024-03-15 16:00:00,41,1773.9,16,4,3
2024-03-15 17:00:00,22,1177.2,17,4,3
2024-03-15 18:00:00,26,1170.4,18,4,3
2024-03-15 19:00:00,19,786.5,19,4,3
2024-03-15 20:00:00,21,1033.2,20,4,3
2024-03-15 21:00:00,5,258.6,21,4,3
2024-03-15 22:00:00,4,196.6,22,4,3
2024-03-15 23:00:00,1,53.4,23,4,3
2024-03-16 00:00:00,3,137.9,0,5,3
2024-03-16 01:00:00,4,194.1,1,5,3
2024-03-16 02:00:00,1,51.3,2,5,3
2024-03-16 03:00:00,3,146.1,3,5,3
2024-03-16 04:00:00,3,106.5,4,5,3
2024-03-16 05:00:00,7,338.5,5,5,3
2024-03-16 06:00:00,7,286.3,6,5,3
2024-03-16 07:00:00,6,236.5,7,5,3
2024-03-16 08:00:00,21,934.0,8,5,3
2024-03-16 09:00:00,20,929.9,9,5,3
2024-03-16 10:00:00,21,967.3,10,5,3
2024-03-16 11:00:00,36,1854.4,11,5,3
2024-03-16 12:00:00,22,959.8,12,5,3
2024-03-16 13:00:00,28,1286.3,13,5,3
2024-03-16 14:00:00,36,1831.1,14,5,3
2024-03-16 15:00:00,31,1440.5,15,5,3
2024-03-16 16:00:00,25,1114.8,16,5,3
2024-03-16 17:00:00,16,724.0,17,5,3
2024-03-16 18:00:00,12,458.5,18,5,3
2024-03-16 19:00:00,10,451.6,19,5,3
2024-03-16 20:00:00,6,220.4,20,5,3
2024-03-16 21:00:00,5,236.70000000000002,21,5,3
2024-03-16 22:00:00,3,108.80000000000001,22,5,3
2024-03-16 23:00:00,2,66.19999999999999,23,5,3
2024-03-17 00:00:00,0,0.0,0,6,3
2024-03-17 01:00:00,2,111.9,1,6,3
2024-03-17 02:00:00,0,0.0,2,6,3
2024-03-17 03:00:00,2,82.4,3,6,3
2024-03-17 04:00:00,3,168.8,4,6,3
2024-03-17 05:00:00,5,183.8,5,6,3
2024-03-17 06:00:00,7,286.6,6,6,3
2024-03-17 07:00:00,16,798.9,7,6,3
2024-03-17 08:00:00,21,849.6,8,6,3
2024-03-17 09:00:00,23,1023.5,9,6,3
2024-03-17 10:00:00,29,1346.0,10,6,3
2024-03-17 11:00:00,40,1921.5,11,6,3
2024-03-17 12:00:00,27,1028.9,12,6,3
2024-03-17 13:00:00,28,1263.6,13,6,3
2024-03-17 14:00:00,26,1212.0,14,6,3
2024-03-17 15:00:00,19,828.9,15,6,3
2024-03-17 16:00:00,24,1190.9,16,6,3
2024-03-17 17:00:00,23,951.3,17,6,3
2024-03-17 18:00:00,19,939.7,18,6,3
2024-03-17 19:00:00,14,547.7,19,6,3
2024-03-17 20:00:00,5,232.5,20,6,3
2024-03-17 21:00:00,6,269.7,21,6,3
2024-03-17 22:00:00,3,145.0,22,6,3
2024-03-17 23:00:00,2,89.4,23,6,3
2024-03-18 00:00:00,6,292.6,0,0,3
2024-03-18 01:00:00,6,258.2,1,0,3
2024-03-18 02:00:00,9,366.3,2,0,3
2024-03-18 03:00:00,5,224.9,3,0,3
2024-03-18 04:00:00,6,252.9,4,0,3
2024-03-18 05:00:00,9,362.6,5,0,3
2024-03-18 06:00:00,13,552.4,6,0,3
2024-03-18 07:00:00,20,911.0,7,0,3
2024-03-18 08:00:00,32,1583.6,8,0,3
2024-03-18 09:00:00,47,2064.0,9,0,3
2024-03-18 10:00:00,39,1849.1,10,0,3
2024-03-18 11:00:00,36,1544.3,11,0,3
2024-03-18 12:00:00,44,2143.8,12,0,3
2024-03-18 13:00:00,38,1840.7,13,0,3
2024-03-18 14:00:00,36,1584.8,14,0,3
2024-03-18 15:00:00,30,1415.3,15,0,3
2024-03-18 16:00:00,37,1643.4,16,0,3
2024-03-18 17:00:00,20,915.1,17,0,3
2024-03-18 18:00:00,19,1021.7,18,0,3
2024-03-18 19:00:00,20,886.7,19,0,3
2024-03-18 20:00:00,9,440.9,20,0,3
2024-03-18 21:00:00,3,236.1,21,0,3
2024-03-18 22:00:00,2,101.3,22,0,3
2024-03-18 23:00:00,2,114.89999999999999,23,0,3
2024-03-19 00:00:00,9,381.5,0,1,3
2024-03-19 01:00:00,2,68.69999999999999,1,1,3
2024-03-19 02:00:00,4,157.4,2,1,3
2024-03-19 03:00:00,4,146.0,3,1,3
2024-03-19 04:00:00,2,59.6,4,1,3
2024-03-19 05:00:00,9,314.8,5,1,3
2024-03-19 06:00:00,12,453.1,6,1,3
2024-03-19 07:00:00,19,897.0,7,1,3
2024-03-19 08:00:00,30,1456.3,8,1,3
2024-03-19 09:00:00,37,1609.2,9,1,3
2024-03-19 10:00:00,46,2206.3,10,1,3
2024-03-19 11:00:00,31,1403.9,11,1,3
2024-03-19 12:00:00,41,2048.8,12,1,3
2024-03-19 13:00:00,45,2064.7,13,1,3
2024-03-19 14:00:00,36,1716.7,14,1,3
2024-03-19 15:00:00,34,1645.4,15,1,3
2024-03-19 16:00:00,36,1567.6,16,1,3
2024-03-19 17:00:00,18,805.4,17,1,3
2024-03-19 18:00:00,24,1093.4,18,1,3
2024-03-19 19:00:00,17,878.1,19,1,3
2024-03-19 20:00:00,15,861.3,20,1,3
2024-03-19 21:00:00,12,590.1,21,1,3
2024-03-19 22:00:00,2,94.3,22,1,3
2024-03-19 23:00:00,4,203.4,23,1,3
2024-03-20 00:00:00,2,80.8,0,2,3
2024-03-20 01:00:00,2,134.1,1,2,3
2024-03-20 02:00:00,4,238.2,2,2,3
2024-03-20 03:00:00,6,293.3,3,2,3
2024-03-20 04:00:00,2,104.60000000000001,4,2,3
2024-03-20 05:00:00,7,349.7,5,2,3
2024-03-20 06:00:00,14,632.8,6,2,3
2024-03-20 07:00:00,26,1332.3999999999999,7,2,3
2024-03-20 08:00:00,26,1402.7,8,2,3
2024-03-20 09:00:00,40,1837.5,9,2,3
2024-03-20 10:00:00,42,1869.9,10,2,3
2024-03-20 11:00:00,42,1861.2,11,2,3
2024-03-20 12:00:00,38,1657.2,12,2,3
2024-03-20 13:00:00,50,2461.8,13,2,3
2024-03-20 14:00:00,42,2081.0,14,2,3
2024-03-20 15:00:00,31,1421.2,15,2,3
2024-03-20 16:00:00,34,1339.7,16,2,3
2024-03-20 17:00:00,23,969.4,17,2,3
2024-03-20 18:00:00,26,1292.2,18,2,3
2024-03-20 19:00:00,16,755.1,19,2,3
2024-03-20 20:00:00,11,602.8,20,2,3
2024-03-20 21:00:00,9,388.6,21,2,3
2024-03-20 22:00:00,1,34.5,22,2,3
2024-03-20 23:00:00,6,246.5,23,2,3
2024-03-21 00:00:00,3,169.7,0,3,3
2024-03-21 01:00:00,6,327.0,1,3,3
2024-03-21 02:00:00,6,327.8,2,3,3
2024-03-21 03:00:00,1,32.8,3,3,3
2024-03-21 04:00:00,6,222.9,4,3,3
2024-03-21 05:00:00,11,482.8,5,3,3
2024-03-21 06:00:00,14,689.6,6,3,3
2024-03-21 07:00:00,19,754.8,7,3,3
2024-03-21 08:00:00,33,1511.5,8,3,3
2024-03-21 09:00:00,30,1347.6,9,3,3
2024-03-21 10:00:00,45,2213.7,10,3,3
2024-03-21 11:00:00,50,2403.2,11,3,3
2024-03-21 12:00:00,36,1761.4,12,3,3
2024-03-21 13:00:00,28,1363.4,13,3,3
2024-03-21 14:00:00,37,1811.6,14,3,3
2024-03-21 15:00:00,43,1760.8,15,3,3
2024-03-21 16:00:00,37,1622.2,16,3,3
2024-03-21 17:00:00,34,1419.9,17,3,3
2024-03-21 18:00:00,17,684.9,18,3,3
2024-03-21 19:00:00,18,857.9,19,3,3
2024-03-21 20:00:00,8,411.1,20,3,3
2024-03-21 21:00:00,9,421.5,21,3,3
2024-03-21 22:00:00,5,214.3,22,3,3
2024-03-21 23:00:00,5,249.1,23,3,3
2024-03-22 00:00:00,6,248.6,0,4,3
2024-03-22 01:00:00,7,333.7,1,4,3
2024-03-22 02:00:00,5,238.0,2,4,3
2024-03-22 03:00:00,3,145.89999999999998,3,4,3
2024-03-22 04:00:00,2,63.0,4,4,3
2024-03-22 05:00:00,10,522.2,5,4,3
2024-03-22 06:00:00,19,770.8,6,4,3
2024-03-22 07:00:00,14,716.9,7,4,3
2024-03-22 08:00:00,30,1318.2,8,4,3
2024-03-22 09:00:00,36,1649.3,9,4,3
2024-03-22 10:00:00,44,2160.8,10,4,3
2024-03-22 11:00:00,55,2527.4,11,4,3
2024-03-22 12:00:00,37,1665.4,12,4,3
2024-03-22 13:00:00,46,1935.5,13,4,3
2024-03-22 14:00:00,47,2147.1,14,4,3
2024-03-22 15:00:00,30,1380.4,15,4,3
2024-03-22 16:00:00,33,1675.0,16,4,3
2024-03-22 17:00:00,21,951.0,17,4,3
2024-03-22 18:00:00,22,969.5,18,4,3
2024-03-22 19:00:00,15,672.7,19,4,3
2024-03-22 20:00:00,20,1034.7,20,4,3
2024-03-22 21:00:00,9,390.1,21,4,3
2024-03-22 22:00:00,4,220.2,22,4,3
2024-03-22 23:00:00,4,185.10000000000002,23,4,3
2024-03-23 00:00:00,1,34.3,0,5,3
2024-03-23 01:00:00,3,143.8,1,5,3
2024-03-23 02:00:00,4,143.7,2,5,3
2024-03-23 03:00:00,3,178.4,3,5,3
2024-03-23 04:00:00,2,66.1,4,5,3
2024-03-23 05:00:00,10,481.1,5,5,3
2024-03-23 06:00:00,5,232.0,6,5,3
2024-03-23 07:00:00,16,741.2,7,5,3
2024-03-23 08:00:00,18,977.8,8,5,3
2024-03-23 09:00:00,27,1198.0,9,5,3
2024-03-23 10:00:00,33,1457.4,10,5,3
2024-03-23 11:00:00,31,1348.9,11,5,3
2024-03-23 12:00:00,27,1224.1,12,5,3
2024-03-23 13:00:00,20,777.8,13,5,3
2024-03-23 14:00:00,37,1699.0,14,5,3
2024-03-23 15:00:00,28,1345.9,15,5,3
2024-03-23 16:00:00,22,1104.9,16,5,3
2024-03-23 17:00:00,18,875.4,17,5,3
2024-03-23 18:00:00,19,712.5,18,5,3
2024-03-23 19:00:00,11,558.8,19,5,3
2024-03-23 20:00:00,4,169.4,20,5,3
2024-03-23 21:00:00,6,256.0,21,5,3
2024-03-23 22:00:00,0,0.0,22,5,3
2024-03-23 23:00:00,0,0.0,23,5,3
2024-03-24 00:00:00,0,0.0,0,6,3
2024-03-24 01:00:00,2,132.5,1,6,3
2024-03-24 02:00:00,3,135.7,2,6,3
2024-03-24 03:00:00,8,377.3,3,6,3
2024-03-24 04:00:00,3,182.39999999999998,4,6,3
2024-03-24 05:00:00,7,349.0,5,6,3
2024-03-24 06:00:00,12,532.9,6,6,3
2024-03-24 07:00:00,14,702.4,7,6,3
2024-03-24 08:00:00,20,904.7,8,6,3
2024-03-24 09:00:00,28,1285.9,9,6,3
2024-03-24 10:00:00,22,1036.5,10,6,3
2024-03-24 11:00:00,37,1735.9,11,6,3
2024-03-24 12:00:00,26,1342.4,12,6,3
2024-03-24 13:00:00,30,1327.4,13,6,3
2024-03-24 14:00:00,31,1474.4,14,6,3
2024-03-24 15:00:00,35,1625.7,15,6,3
2024-03-24 16:00:00,16,747.5,16,6,3
2024-03-24 17:00:00,20,889.8,17,6,3
2024-03-24 18:00:00,20,913.4,18,6,3
2024-03-24 19:00:00,20,917.2,19,6,3
2024-03-24 20:00:00,10,415.1,20,6,3
2024-03-24 21:00:00,5,221.6,21,6,3
2024-03-24 22:00:00,4,177.7,22,6,3
2024-03-24 23:00:00,2,108.3,23,6,3
2024-03-25 00:00:00,1,44.4,0,0,3
2024-03-25 01:00:00,4,202.0,1,0,3
2024-03-25 02:00:00,1,71.1,2,0,3
2024-03-25 03:00:00,1,50.4,3,0,3
2024-03-25 04:00:00,8,318.2,4,0,3
2024-03-25 05:00:00,7,295.7,5,0,3
2024-03-25 06:00:00,20,992.6,6,0,3
2024-03-25 07:00:00,15,668.4,7,0,3
2024-03-25 08:00:00,23,1004.7,8,0,3
2024-03-25 09:00:00,47,2161.2,9,0,3
2024-03-25 10:00:00,52,2185.1,10,0,3
2024-03-25 11:00:00,36,1618.5,11,0,3
2024-03-25 12:00:00,28,1217.5,12,0,3
2024-03-25 13:00:00,36,1541.5,13,0,3
2024-03-25 14:00:00,36,1653.4,14,0,3
2024-03-25 15:00:00,34,1736.6,15,0,3
2024-03-25 16:00:00,29,1362.4,16,0,3
2024-03-25 17:00:00,31,1422.4,17,0,3
2024-03-25 18:00:00,14,602.2,18,0,3
2024-03-25 19:00:00,16,669.7,19,0,3
2024-03-25 20:00:00,13,525.2,20,0,3
2024-03-25 21:00:00,6,253.6,21,0,3
2024-03-25 22:00:00,4,195.4,22,0,3
2024-03-25 23:00:00,5,257.8,23,0,3
2024-03-26 00:00:00,2,78.1,0,1,3
2024-03-26 01:00:00,4,158.4,1,1,3
2024-03-26 02:00:00,3,137.8,2,1,3
2024-03-26 03:00:00,3,137.7,3,1,3
2024-03-26 04:00:00,2,70.8,4,1,3
2024-03-26 05:00:00,12,529.7,5,1,3
2024-03-26 06:00:00,15,787.7,6,1,3
2024-03-26 07:00:00,15,729.6,7,1,3
2024-03-26 08:00:00,24,962.0,8,1,3
2024-03-26 09:00:00,29,1246.1,9,1,3
2024-03-26 10:00:00,35,1494.6,10,1,3
2024-03-26 11:00:00,37,1760.7,11,1,3
2024-03-26 12:00:00,54,2659.4,12,1,3
2024-03-26 13:00:00,35,1636.6,13,1,3
2024-03-26 14:00:00,48,2087.7,14,1,3
2024-03-26 15:00:00,46,2228.1,15,1,3
2024-03-26 16:00:00,30,1323.3,16,1,3
2024-03-26 17:00:00,23,1061.2,17,1,3
2024-03-26 18:00:00,27,1241.4,18,1,3
2024-03-26 19:00:00,21,1045.4,19,1,3
2024-03-26 20:00:00,9,449.4,20,1,3
2024-03-26 21:00:00,6,257.5,21,1,3
2024-03-26 22:00:00,4,191.1,22,1,3
2024-03-26 23:00:00,3,187.9,23,1,3
2024-03-27 00:00:00,7,267.2,0,2,3
2024-03-27 01:00:00,4,240.0,1,2,3
2024-03-27 02:00:00,0,0.0,2,2,3
2024-03-27 03:00:00,5,185.3,3,2,3
2024-03-27 04:00:00,3,172.3,4,2,3
2024-03-27 05:00:00,10,435.8,5,2,3
2024-03-27 06:00:00,12,403.0,6,2,3
2024-03-27 07:00:00,12,453.5,7,2,3
2024-03-27 08:00:00,30,1452.8,8,2,3
2024-03-27 09:00:00,34,1645.2,9,2,3
2024-03-27 10:00:00,41,1919.4,10,2,3
2024-03-27 11:00:00,44,2018.7,11,2,3
2024-03-27 12:00:00,28,1164.3,12,2,3
2024-03-27 13:00:00,37,1583.3,13,2,3
2024-03-27 14:00:00,46,2298.1,14,2,3
2024-03-27 15:00:00,44,2152.2,15,2,3
2024-03-27 16:00:00,36,1700.8,16,2,3
2024-03-27 17:00:00,29,1315.7,17,2,3
2024-03-27 18:00:00,19,927.4,18,2,3
2024-03-27 19:00:00,22,1026.8,19,2,3
2024-03-27 20:00:00,16,778.8,20,2,3
2024-03-27 21:00:00,6,255.2,21,2,3
2024-03-27 22:00:00,4,267.2,22,2,3
2024-03-27 23:00:00,4,174.29999999999998,23,2,3
2024-03-28 00:00:00,7,370.3,0,3,3
2024-03-28 01:00:00,6,270.0,1,3,3
2024-03-28 02:00:00,2,69.0,2,3,3
2024-03-28 03:00:00,6,260.6,3,3,3
2024-03-28 04:00:00,3,117.5,4,3,3
2024-03-28 05:00:00,6,284.0,5,3,3
2024-03-28 06:00:00,17,795.9,6,3,3
2024-03-28 07:00:00,18,881.4,7,3,3
2024-03-28 08:00:00,24,1165.7,8,3,3
2024-03-28 09:00:00,32,1593.3,9,3,3
2024-03-28 10:00:00,37,1803.6,10,3,3
2024-03-28 11:00:00,35,1575.1,11,3,3
2024-03-28 12:00:00,45,2001.4,12,3,3
2024-03-28 13:00:00,54,2312.5,13,3,3
2024-03-28 14:00:00,54,2676.0,14,3,3
2024-03-28 15:00:00,32,1384.6,15,3,3
2024-03-28 16:00:00,27,1286.1,16,3,3
2024-03-28 17:00:00,27,1330.4,17,3,3
2024-03-28 18:00:00,28,1354.1,18,3,3
2024-03-28 19:00:00,26,1282.5,19,3,3
2024-03-28 20:00:00,13,633.5,20,3,3
2024-03-28 21:00:00,13,566.6,21,3,3
2024-03-28 22:00:00,6,357.7,22,3,3
2024-03-28 23:00:00,1,38.9,23,3,3
2024-03-29 00:00:00,8,325.9,0,4,3
2024-03-29 01:00:00,7,221.4,1,4,3
2024-03-29 02:00:00,2,94.6,2,4,3
2024-03-29 03:00:00,2,68.6,3,4,3
2024-03-29 04:00:00,7,442.8,4,4,3
2024-03-29 05:00:00,10,546.2,5,4,3
2024-03-29 06:00:00,15,624.2,6,4,3
2024-03-29 07:00:00,14,595.0,7,4,3
2024-03-29 08:00:00,23,1230.8,8,4,3
2024-03-29 09:00:00,47,2178.2,9,4,3
2024-03-29 10:00:00,26,1265.5,10,4,3
2024-03-29 11:00:00,34,1499.7,11,4,3
2024-03-29 12:00:00,42,1960.7,12,4,3
2024-03-29 13:00:00,51,2212.5,13,4,3
2024-03-29 14:00:00,45,2055.6,14,4,3
2024-03-29 15:00:00,39,1679.3,15,4,3
2024-03-29 16:00:00,39,1899.3,16,4,3
2024-03-29 17:00:00,22,897.4,17,4,3
2024-03-29 18:00:00,29,1327.0,18,4,3
2024-03-29 19:00:00,14,564.8,19,4,3
2024-03-29 20:00:00,8,334.8,20,4,3
2024-03-29 21:00:00,9,366.9,21,4,3
2024-03-29 22:00:00,3,131.1,22,4,3
2024-03-29 23:00:00,8,273.59999999999997,23,4,3
2024-03-30 00:00:00,3,105.0,0,5,3
2024-03-30 01:00:00,0,0.0,1,5,3
2024-03-30 02:00:00,2,76.6,2,5,3
2024-03-30 03:00:00,6,317.4,3,5,3
2024-03-30 04:00:00,5,175.7,4,5,3
2024-03-30 05:00:00,7,306.1,5,5,3
2024-03-30 06:00:00,14,634.5,6,5,3
2024-03-30 07:00:00,16,729.7,7,5,3
2024-03-30 08:00:00,23,1004.1,8,5,3
2024-03-30 09:00:00,32,1446.5,9,5,3
2024-03-30 10:00:00,31,1466.4,10,5,3
2024-03-30 11:00:00,29,1243.3,11,5,3
2024-03-30 12:00:00,25,1112.6,12,5,3
2024-03-30 13:00:00,41,1929.3,13,5,3
2024-03-30 14:00:00,29,1381.0,14,5,3
2024-03-30 15:00:00,26,1323.6,15,5,3
2024-03-30 16:00:00,19,865.0,16,5,3
2024-03-30 17:00:00,19,859.6,17,5,3
2024-03-30 18:00:00,18,753.2,18,5,3
2024-03-30 19:00:00,10,430.3,19,5,3
2024-03-30 20:00:00,10,469.8,20,5,3
2024-03-30 21:00:00,6,257.7,21,5,3
2024-03-30 22:00:00,3,160.6,22,5,3
2024-03-30 23:00:00,2,99.80000000000001,23,5,3
2024-03-31 00:00:00,9,469.6,0,6,3
2024-03-31 01:00:00,3,182.9,1,6,3
2024-03-31 02:00:00,3,160.4,2,6,3
2024-03-31 03:00:00,9,370.1,3,6,3
2024-03-31 04:00:00,1,55.0,4,6,3
2024-03-31 05:00:00,5,218.9,5,6,3
2024-03-31 06:00:00,5,301.1,6,6,3
2024-03-31 07:00:00,17,696.8,7,6,3
2024-03-31 08:00:00,13,653.4,8,6,3
2024-03-31 09:00:00,19,847.3000000000001,9,6,3
2024-03-31 10:00:00,28,1370.3,10,6,3
2024-03-31 11:00:00,35,1646.6,11,6,3
2024-03-31 12:00:00,30,1442.1,12,6,3
2024-03-31 13:00:00,26,1177.7,13,6,3
2024-03-31 14:00:00,35,1598.2,14,6,3
2024-03-31 15:00:00,24,1203.4,15,6,3
2024-03-31 16:00:00,27,1193.6,16,6,3
2024-03-31 17:00:00,19,865.9,17,6,3
2024-03-31 18:00:00,14,701.9,18,6,3
2024-03-31 19:00:00,11,509.1,19,6,3
2024-03-31 20:00:00,13,569.2,20,6,3
2024-03-31 21:00:00,4,195.8,21,6,3
2024-03-31 22:00:00,6,272.5,22,6,3
2024-03-31 23:00:00,3,144.7,23,6,3
2024-04-01 00:00:00,2,80.0,0,0,4
2024-04-01 01:00:00,7,247.8,1,0,4
2024-04-01 02:00:00,5,213.2,2,0,4
2024-04-01 03:00:00,5,234.89999999999998,3,0,4
2024-04-01 04:00:00,5,219.9,4,0,4
2024-04-01 05:00:00,8,382.2,5,0,4
2024-04-01 06:00:00,15,762.8000000000001,6,0,4
2024-04-01 07:00:00,18,769.8,7,0,4
2024-04-01 08:00:00,24,1153.0,8,0,4
2024-04-01 09:00:00,38,1779.6,9,0,4
2024-04-01 10:00:00,38,1681.0,10,0,4
2024-04-01 11:00:00,45,2138.9,11,0,4
2024-04-01 12:00:00,36,1661.5,12,0,4
2024-04-01 13:00:00,40,1891.3,13,0,4
2024-04-01 14:00:00,42,1962.6,14,0,4
2024-04-01 15:00:00,36,1615.0,15,0,4
2024-04-01 16:00:00,20,908.9,16,0,4
2024-04-01 17:00:00,31,1381.6,17,0,4
2024-04-01 18:00:00,16,747.0,18,0,4
2024-04-01 19:00:00,17,769.8,19,0,4
2024-04-01 20:00:00,6,260.3,20,0,4
2024-04-01 21:00:00,17,773.0,21,0,4
2024-04-01 22:00:00,4,151.1,22,0,4
2024-04-01 23:00:00,8,360.70000000000005,23,0,4
2024-04-02 00:00:00,9,431.7,0,1,4
2024-04-02 01:00:00,3,138.4,1,1,4
2024-04-02 02:00:00,1,75.6,2,1,4
2024-04-02 03:00:00,3,101.1,3,1,4
2024-04-02 04:00:00,6,250.4,4,1,4
2024-04-02 05:00:00,10,477.9,5,1,4
2024-04-02 06:00:00,7,340.2,6,1,4
2024-04-02 07:00:00,18,859.9,7,1,4
2024-04-02 08:00:00,32,1496.6,8,1,4
2024-04-02 09:00:00,20,982.1,9,1,4
2024-04-02 10:00:00,40,1887.2,10,1,4
2024-04-02 11:00:00,37,1731.8,11,1,4
2024-04-02 12:00:00,40,1877.8,12,1,4
2024-04-02 13:00:00,29,1474.9,13,1,4
2024-04-02 14:00:00,40,1820.0,14,1,4
2024-04-02 15:00:00,40,1988.4,15,1,4
2024-04-02 16:00:00,35,1637.7,16,1,4
2024-04-02 17:00:00,22,889.7,17,1,4
2024-04-02 18:00:00,33,1511.1,18,1,4
2024-04-02 19:00:00,20,976.3,19,1,4
2024-04-02 20:00:00,14,616.7,20,1,4
2024-04-02 21:00:00,13,678.0,21,1,4
2024-04-02 22:00:00,6,218.9,22,1,4
2024-04-02 23:00:00,3,164.8,23,1,4
2024-04-03 00:00:00,4,150.0,0,2,4
2024-04-03 01:00:00,6,278.0,1,2,4
2024-04-03 02:00:00,2,113.6,2,2,4
2024-04-03 03:00:00,2,64.2,3,2,4
2024-04-03 04:00:00,2,76.8,4,2,4
2024-04-03 05:00:00,6,306.1,5,2,4
2024-04-03 06:00:00,9,426.0,6,2,4
2024-04-03 07:00:00,20,1003.2,7,2,4
2024-04-03 08:00:00,25,1116.9,8,2,4
2024-04-03 09:00:00,24,1090.9,9,2,4
2024-04-03 10:00:00,44,2195.4,10,2,4
2024-04-03 11:00:00,33,1466.9,11,2,4
2024-04-03 12:00:00,33,1535.8,12,2,4
2024-04-03 13:00:00,39,1827.6,13,2,4
2024-04-03 14:00:00,43,1908.0,14,2,4
2024-04-03 15:00:00,40,1859.6,15,2,4
2024-04-03 16:00:00,43,1982.6,16,2,4
2024-04-03 17:00:00,31,1524.6,17,2,4
2024-04-03 18:00:00,22,933.6,18,2,4
2024-04-03 19:00:00,19,822.0,19,2,4
2024-04-03 20:00:00,16,624.9,20,2,4
2024-04-03 21:00:00,12,457.2,21,2,4
2024-04-03 22:00:00,2,126.5,22,2,4
2024-04-03 23:00:00,6,270.4,23,2,4
2024-04-04 00:00:00,6,268.9,0,3,4
2024-04-04 01:00:00,6,264.2,1,3,4
2024-04-04 02:00:00,3,166.8,2,3,4
2024-04-04 03:00:00,4,234.7,3,3,4
2024-04-04 04:00:00,6,222.9,4,3,4
2024-04-04 05:00:00,12,534.7,5,3,4
2024-04-04 06:00:00,18,711.1,6,3,4
2024-04-04 07:00:00,19,713.9,7,3,4
2024-04-04 08:00:00,28,1360.8,8,3,4
2024-04-04 09:00:00,33,1478.6,9,3,4
2024-04-04 10:00:00,40,1753.3,10,3,4
2024-04-04 11:00:00,35,1748.1,11,3,4
2024-04-04 12:00:00,29,1441.6,12,3,4
2024-04-04 13:00:00,40,1884.2,13,3,4
2024-04-04 14:00:00,33,1891.1000000000001,14,3,4
2024-04-04 15:00:00,40,1922.5,15,3,4
2024-04-04 16:00:00,28,1265.4,16,3,4
2024-04-04 17:00:00,27,1176.7,17,3,4
2024-04-04 18:00:00,19,963.3,18,3,4
2024-04-04 19:00:00,16,682.3,19,3,4
2024-04-04 20:00:00,17,712.7,20,3,4
2024-04-04 21:00:00,14,621.9,21,3,4
2024-04-04 22:00:00,8,353.9,22,3,4
2024-04-04 23:00:00,7,325.5,23,3,4
2024-04-05 00:00:00,4,151.1,0,4,4
2024-04-05 01:00:00,7,271.7,1,4,4
2024-04-05 02:00:00,5,284.1,2,4,4
2024-04-05 03:00:00,2,104.4,3,4,4
2024-04-05 04:00:00,5,239.7,4,4,4
2024-04-05 05:00:00,9,330.9,5,4,4
2024-04-05 06:00:00,12,603.0,6,4,4
2024-04-05 07:00:00,16,741.0,7,4,4
2024-04-05 08:00:00,28,1370.2,8,4,4
2024-04-05 09:00:00,34,1733.5,9,4,4
2024-04-05 10:00:00,38,1622.9,10,4,4
2024-04-05 11:00:00,42,2067.7,11,4,4
2024-04-05 12:00:00,42,1833.6,12,4,4
2024-04-05 13:00:00,43,1843.3,13,4,4
2024-04-05 14:00:00,36,1723.4,14,4,4
2024-04-05 15:00:00,35,1650.2,15,4,4
2024-04-05 16:00:00,36,1448.9,16,4,4
2024-04-05 17:00:00,28,1170.3,17,4,4
2024-04-05 18:00:00,24,1228.0,18,4,4
2024-04-05 19:00:00,17,823.9,19,4,4
2024-04-05 20:00:00,14,645.6,20,4,4
2024-04-05 21:00:00,8,416.1,21,4,4
2024-04-05 22:00:00,5,202.2,22,4,4
2024-04-05 23:00:00,2,66.9,23,4,4
2024-04-06 00:00:00,2,70.3,0,5,4
2024-04-06 01:00:00,3,148.9,1,5,4
2024-04-06 02:00:00,1,36.4,2,5,4
2024-04-06 03:00:00,1,60.8,3,5,4
2024-04-06 04:00:00,4,228.6,4,5,4
2024-04-06 05:00:00,6,265.2,5,5,4
2024-04-06 06:00:00,6,315.5,6,5,4
2024-04-06 07:00:00,11,541.8,7,5,4
2024-04-06 08:00:00,20,941.4,8,5,4
2024-04-06 09:00:00,17,712.4,9,5,4
2024-04-06 10:00:00,31,1442.8,10,5,4
2024-04-06 11:00:00,29,1247.8,11,5,4
2024-04-06 12:00:00,21,940.1,12,5,4
2024-04-06 13:00:00,30,1520.7,13,5,4
2024-04-06 14:00:00,27,1366.8,14,5,4
2024-04-06 15:00:00,35,1644.8,15,5,4
2024-04-06 16:00:00,28,1333.7,16,5,4
2024-04-06 17:00:00,14,662.0,17,5,4
2024-04-06 18:00:00,20,1002.8,18,5,4
2024-04-06 19:00:00,21,1186.0,19,5,4
2024-04-06 20:00:00,12,531.2,20,5,4
2024-04-06 21:00:00,3,107.3,21,5,4
2024-04-06 22:00:00,3,99.9,22,5,4
2024-04-06 23:00:00,0,0.0,23,5,4
2024-04-07 00:00:00,4,141.5,0,6,4
2024-04-07 01:00:00,5,296.4,1,6,4
2024-04-07 02:00:00,4,208.4,2,6,4
2024-04-07 03:00:00,7,246.6,3,6,4
2024-04-07 04:00:00,5,259.3,4,6,4
2024-04-07 05:00:00,5,197.2,5,6,4
2024-04-07 06:00:00,9,371.9,6,6,4
2024-04-07 07:00:00,17,889.4,7,6,4
2024-04-07 08:00:00,23,1059.1,8,6,4
2024-04-07 09:00:00,19,910.0,9,6,4
2024-04-07 10:00:00,28,1397.2,10,6,4
2024-04-07 11:00:00,23,960.6,11,6,4
2024-04-07 12:00:00,32,1497.9,12,6,4
2024-04-07 13:00:00,33,1505.6,13,6,4
2024-04-07 14:00:00,36,1523.9,14,6,4
2024-04-07 15:00:00,23,1039.5,15,6,4
2024-04-07 16:00:00,16,803.4,16,6,4
2024-04-07 17:00:00,12,590.6,17,6,4
2024-04-07 18:00:00,16,872.6,18,6,4
2024-04-07 19:00:00,14,654.6,19,6,4
2024-04-07 20:00:00,9,363.79999999999995,20,6,4
2024-04-07 21:00:00,7,296.9,21,6,4
2024-04-07 22:00:00,3,136.6,22,6,4
2024-04-07 23:00:00,3,141.9,23,6,4
2024-04-08 00:00:00,8,426.6,0,0,4
2024-04-08 01:00:00,2,74.80000000000001,1,0,4
2024-04-08 02:00:00,2,100.5,2,0,4
2024-04-08 03:00:00,4,165.5,3,0,4
2024-04-08 04:00:00,8,343.4,4,0,4
2024-04-08 05:00:00,8,360.2,5,0,4
2024-04-08 06:00:00,9,435.2,6,0,4
2024-04-08 07:00:00,15,712.7,7,0,4
2024-04-08 08:00:00,35,1558.6,8,0,4
2024-04-08 09:00:00,41,1847.0,9,0,4
2024-04-08 10:00:00,44,2045.1000000000001,10,0,4
2024-04-08 11:00:00,35,1514.4,11,0,4
2024-04-08 12:00:00,37,1801.2,12,0,4
2024-04-08 13:00:00,50,2509.3,13,0,4
2024-04-08 14:00:00,39,1628.7,14,0,4
2024-04-08 15:00:00,37,1791.0,15,0,4
2024-04-08 16:00:00,26,1105.8,16,0,4
2024-04-08 17:00:00,28,1270.3,17,0,4
2024-04-08 18:00:00,25,1133.7,18,0,4
2024-04-08 19:00:00,11,579.0,19,0,4
2024-04-08 20:00:00,10,450.9,20,0,4
2024-04-08 21:00:00,12,594.4,21,0,4
2024-04-08 22:00:00,6,283.6,22,0,4
2024-04-08 23:00:00,2,111.5,23,0,4
2024-04-09 00:00:00,3,136.4,0,1,4
2024-04-09 01:00:00,4,195.1,1,1,4
2024-04-09 02:00:00,6,244.1,2,1,4
2024-04-09 03:00:00,1,80.0,3,1,4
2024-04-09 04:00:00,3,95.1,4,1,4
2024-04-09 05:00:00,6,383.0,5,1,4
2024-04-09 06:00:00,13,620.6,6,1,4
2024-04-09 07:00:00,10,455.7,7,1,4
2024-04-09 08:00:00,23,1094.6,8,1,4
2024-04-09 09:00:00,42,2032.7,9,1,4
2024-04-09 10:00:00,34,1537.8,10,1,4
2024-04-09 11:00:00,35,1652.0,11,1,4
2024-04-09 12:00:00,48,2085.7,12,1,4
2024-04-09 13:00:00,38,1966.1,13,1,4
2024-04-09 14:00:00,34,1738.2,14,1,4
2024-04-09 15:00:00,41,1961.3999999999999,15,1,4
2024-04-09 16:00:00,30,1276.9,16,1,4
2024-04-09 17:00:00,23,1110.3,17,1,4
2024-04-09 18:00:00,36,1680.0,18,1,4
2024-04-09 19:00:00,22,976.6,19,1,4
2024-04-09 20:00:00,16,742.4,20,1,4
2024-04-09 21:00:00,12,565.4,21,1,4
2024-04-09 22:00:00,3,173.6,22,1,4
2024-04-09 23:00:00,6,288.2,23,1,4
2024-04-10 00:00:00,4,142.1,0,2,4
2024-04-10 01:00:00,7,314.0,1,2,4
2024-04-10 02:00:00,7,317.79999999999995,2,2,4
2024-04-10 03:00:00,2,96.4,3,2,4
2024-04-10 04:00:00,5,219.5,4,2,4
2024-04-10 05:00:00,9,393.1,5,2,4
2024-04-10 06:00:00,8,353.3,6,2,4
2024-04-10 07:00:00,16,686.4,7,2,4
2024-04-10 08:00:00,33,1523.5,8,2,4
2024-04-10 09:00:00,38,1781.1,9,2,4
2024-04-10 10:00:00,30,1315.9,10,2,4
2024-04-10 11:00:00,32,1336.7,11,2,4
2024-04-10 12:00:00,44,1989.1,12,2,4
2024-04-10 13:00:00,48,2174.3,13,2,4
2024-04-10 14:00:00,39,1749.4,14,2,4
2024-04-10 15:00:00,38,1746.2,15,2,4
2024-04-10 16:00:00,39,1950.6000000000001,16,2,4
2024-04-10 17:00:00,21,1092.8,17,2,4
2024-04-10 18:00:00,23,1127.3,18,2,4
2024-04-10 19:00:00,19,914.4,19,2,4
2024-04-10 20:00:00,11,469.3,20,2,4
2024-04-10 21:00:00,7,310.8,21,2,4
2024-04-10 22:00:00,7,336.6,22,2,4
2024-04-10 23:00:00,3,96.8,23,2,4
2024-04-11 00:00:00,3,105.3,0,3,4
2024-04-11 01:00:00,7,316.4,1,3,4
2024-04-11 02:00:00,2,126.9,2,3,4
2024-04-11 03:00:00,9,371.6,3,3,4
2024-04-11 04:00:00,7,342.9,4,3,4
2024-04-11 05:00:00,10,463.3,5,3,4
2024-04-11 06:00:00,14,697.2,6,3,4
2024-04-11 07:00:00,30,1548.9,7,3,4
2024-04-11 08:00:00,27,1248.9,8,3,4
2024-04-11 09:00:00,44,2074.0,9,3,4
2024-04-11 10:00:00,38,1751.0,10,3,4
2024-04-11 11:00:00,44,1924.7,11,3,4
2024-04-11 12:00:00,41,1793.2,12,3,4
2024-04-11 13:00:00,37,1820.6,13,3,4
2024-04-11 14:00:00,41,1793.3,14,3,4
2024-04-11 15:00:00,32,1766.3,15,3,4
2024-04-11 16:00:00,31,1457.2,16,3,4
2024-04-11 17:00:00,26,1230.7,17,3,4
2024-04-11 18:00:00,15,664.9,18,3,4
2024-04-11 19:00:00,15,616.1,19,3,4
2024-04-11 20:00:00,18,892.0,20,3,4
2024-04-11 21:00:00,12,598.0,21,3,4
2024-04-11 22:00:00,5,269.90000000000003,22,3,4
2024-04-11 23:00:00,6,365.9,23,3,4
2024-04-12 00:00:00,2,64.1,0,4,4
2024-04-12 01:00:00,6,230.6,1,4,4
2024-04-12 02:00:00,5,179.5,2,4,4
2024-04-12 03:00:00,6,306.9,3,4,4
2024-04-12 04:00:00,1,80.0,4,4,4
2024-04-12 05:00:00,8,390.5,5,4,4
2024-04-12 06:00:00,17,792.1999999999999,6,4,4
2024-04-12 07:00:00,21,1065.0,7,4,4
2024-04-12 08:00:00,26,1101.7,8,4,4
2024-04-12 09:00:00,35,1717.8,9,4,4
2024-04-12 10:00:00,48,2240.2,10,4,4
2024-04-12 11:00:00,44,2067.1,11,4,4
2024-04-12 12:00:00,34,1574.5,12,4,4
2024-04-12 13:00:00,39,1816.0,13,4,4
2024-04-12 14:00:00,35,1781.0,14,4,4
2024-04-12 15:00:00,33,1559.9,15,4,4
2024-04-12 16:00:00,35,1619.5,16,4,4
2024-04-12 17:00:00,24,998.6,17,4,4
2024-04-12 18:00:00,25,1233.3,18,4,4
2024-04-12 19:00:00,21,1060.3,19,4,4
2024-04-12 20:00:00,17,712.6,20,4,4
2024-04-12 21:00:00,5,259.5,21,4,4
2024-04-12 22:00:00,2,117.69999999999999,22,4,4
2024-04-12 23:00:00,2,101.5,23,4,4
2024-04-13 00:00:00,1,54.4,0,5,4
2024-04-13 01:00:00,3,132.4,1,5,4
2024-04-13 02:00:00,6,298.4,2,5,4
2024-04-13 03:00:00,0,0.0,3,5,4
2024-04-13 04:00:00,4,212.4,4,5,4
2024-04-13 05:00:00,5,234.7,5,5,4
2024-04-13 06:00:00,8,383.1,6,5,4
2024-04-13 07:00:00,11,478.0,7,5,4
2024-04-13 08:00:00,17,700.6,8,5,4
2024-04-13 09:00:00,20,861.1,9,5,4
2024-04-13 10:00:00,21,1091.7,10,5,4
2024-04-13 11:00:00,22,1095.5,11,5,4
2024-04-13 12:00:00,29,1291.1,12,5,4
2024-04-13 13:00:00,34,1588.1,13,5,4
2024-04-13 14:00:00,38,1830.8,14,5,4
2024-04-13 15:00:00,26,1169.0,15,5,4
2024-04-13 16:00:00,29,1216.0,16,5,4
2024-04-13 17:00:00,21,815.7,17,5,4
2024-04-13 18:00:00,12,710.0,18,5,4
2024-04-13 19:00:00,9,351.2,19,5,4
2024-04-13 20:00:00,9,465.0,20,5,4
2024-04-13 21:00:00,2,101.0,21,5,4
2024-04-13 22:00:00,4,183.7,22,5,4
2024-04-13 23:00:00,6,307.79999999999995,23,5,4
2024-04-14 00:00:00,3,136.7,0,6,4
2024-04-14 01:00:00,4,233.5,1,6,4
2024-04-14 02:00:00,2,65.3,2,6,4
2024-04-14 03:00:00,1,51.6,3,6,4
2024-04-14 04:00:00,3,110.8,4,6,4
2024-04-14 05:00:00,3,127.8,5,6,4
2024-04-14 06:00:00,9,504.8,6,6,4
2024-04-14 07:00:00,16,726.3,7,6,4
2024-04-14 08:00:00,12,572.7,8,6,4
2024-04-14 09:00:00,32,1511.1,9,6,4
2024-04-14 10:00:00,40,1850.6,10,6,4
2024-04-14 11:00:00,27,1248.6,11,6,4
2024-04-14 12:00:00,29,1377.1,12,6,4
2024-04-14 13:00:00,28,1278.7,13,6,4
2024-04-14 14:00:00,27,1386.4,14,6,4
2024-04-14 15:00:00,29,1408.6,15,6,4
2024-04-14 16:00:00,18,932.8,16,6,4
2024-04-14 17:00:00,20,887.2,17,6,4
2024-04-14 18:00:00,15,728.8,18,6,4
2024-04-14 19:00:00,14,713.7,19,6,4
2024-04-14 20:00:00,8,367.6,20,6,4
2024-04-14 21:00:00,3,103.9,21,6,4
2024-04-14 22:00:00,6,248.3,22,6,4
2024-04-14 23:00:00,1,43.9,23,6,4
2024-04-15 00:00:00,1,29.7,0,0,4
2024-04-15 01:00:00,3,115.0,1,0,4
2024-04-15 02:00:00,5,191.6,2,0,4
2024-04-15 03:00:00,2,94.9,3,0,4
2024-04-15 04:00:00,6,319.7,4,0,4
2024-04-15 05:00:00,17,849.4,5,0,4
2024-04-15 06:00:00,10,509.8,6,0,4
2024-04-15 07:00:00,18,773.6,7,0,4
2024-04-15 08:00:00,29,1388.5,8,0,4
2024-04-15 09:00:00,45,2198.4,9,0,4
2024-04-15 10:00:00,40,1971.8,10,0,4
2024-04-15 11:00:00,42,2143.0,11,0,4
2024-04-15 12:00:00,34,1588.4,12,0,4
2024-04-15 13:00:00,33,1604.3,13,0,4
2024-04-15 14:00:00,40,1732.1,14,0,4
2024-04-15 15:00:00,43,1797.1,15,0,4
2024-04-15 16:00:00,36,1722.6,16,0,4
2024-04-15 17:00:00,24,1060.3,17,0,4
2024-04-15 18:00:00,18,754.6,18,0,4
2024-04-15 19:00:00,20,1000.5,19,0,4
2024-04-15 20:00:00,12,528.6,20,0,4
2024-04-15 21:00:00,3,186.7,21,0,4
2024-04-15 22:00:00,6,266.4,22,0,4
2024-04-15 23:00:00,4,205.7,23,0,4
2024-04-16 00:00:00,3,105.5,0,1,4
2024-04-16 01:00:00,3,144.5,1,1,4
2024-04-16 02:00:00,7,337.8,2,1,4
2024-04-16 03:00:00,4,175.0,3,1,4
2024-04-16 04:00:00,2,92.4,4,1,4
2024-04-16 05:00:00,9,314.8,5,1,4
2024-04-16 06:00:00,21,907.5,6,1,4
2024-04-16 07:00:00,22,1001.8,7,1,4
2024-04-16 08:00:00,30,1423.6,8,1,4
2024-04-16 09:00:00,44,2082.5,9,1,4
2024-04-16 10:00:00,42,1889.1,10,1,4
2024-04-16 11:00:00,30,1395.0,11,1,4
2024-04-16 12:00:00,39,1781.1,12,1,4
2024-04-16 13:00:00,34,1597.8,13,1,4
2024-04-16 14:00:00,40,1694.7,14,1,4
2024-04-16 15:00:00,38,1689.6,15,1,4
2024-04-16 16:00:00,27,1141.6,16,1,4
2024-04-16 17:00:00,37,1683.3,17,1,4
2024-04-16 18:00:00,24,1153.8,18,1,4
2024-04-16 19:00:00,19,805.6,19,1,4
2024-04-16 20:00:00,14,632.0,20,1,4
2024-04-16 21:00:00,6,223.8,21,1,4
2024-04-16 22:00:00,6,268.0,22,1,4
2024-04-16 23:00:00,4,243.8,23,1,4
2024-04-17 00:00:00,3,105.30000000000001,0,2,4
2024-04-17 01:00:00,0,0.0,1,2,4
2024-04-17 02:00:00,5,270.5,2,2,4
2024-04-17 03:00:00,5,194.3,3,2,4
2024-04-17 04:00:00,3,119.1,4,2,4
2024-04-17 05:00:00,10,339.9,5,2,4
2024-04-17 06:00:00,15,779.9,6,2,4
2024-04-17 07:00:00,15,772.9,7,2,4
2024-04-17 08:00:00,23,1083.5,8,2,4
2024-04-17 09:00:00,39,1808.3,9,2,4
2024-04-17 10:00:00,24,994.5,10,2,4
2024-04-17 11:00:00,35,1505.4,11,2,4
2024-04-17 12:00:00,40,1933.6,12,2,4
2024-04-17 13:00:00,58,2758.4,13,2,4
2024-04-17 14:00:00,26,1174.0,14,2,4
2024-04-17 15:00:00,25,1230.7,15,2,4
2024-04-17 16:00:00,23,1200.9,16,2,4
2024-04-17 17:00:00,27,1100.7,17,2,4
2024-04-17 18:00:00,23,1030.0,18,2,4
2024-04-17 19:00:00,21,800.5,19,2,4
2024-04-17 20:00:00,11,505.1,20,2,4
2024-04-17 21:00:00,10,406.0,21,2,4
2024-04-17 22:00:00,4,159.6,22,2,4
2024-04-17 23:00:00,5,220.0,23,2,4
2024-04-18 00:00:00,6,308.1,0,3,4
2024-04-18 01:00:00,6,264.1,1,3,4
2024-04-18 02:00:00,6,215.4,2,3,4
2024-04-18 03:00:00,3,195.4,3,3,4
2024-04-18 04:00:00,3,111.9,4,3,4
2024-04-18 05:00:00,13,517.8000000000001,5,3,4
2024-04-18 06:00:00,11,528.9,6,3,4
2024-04-18 07:00:00,16,736.3,7,3,4
2024-04-18 08:00:00,27,1196.4,8,3,4
2024-04-18 09:00:00,43,2057.8,9,3,4
2024-04-18 10:00:00,42,1949.5,10,3,4
2024-04-18 11:00:00,37,1669.6,11,3,4
2024-04-18 12:00:00,42,1996.1,12,3,4
2024-04-18 13:00:00,44,1913.2,13,3,4
2024-04-18 14:00:00,38,1692.3,14,3,4
2024-04-18 15:00:00,39,1878.9,15,3,4
2024-04-18 16:00:00,34,1568.9,16,3,4
2024-04-18 17:00:00,20,948.0,17,3,4
2024-04-18 18:00:00,17,820.4,18,3,4
2024-04-18 19:00:00,20,1086.8,19,3,4
2024-04-18 20:00:00,14,663.4,20,3,4
2024-04-18 21:00:00,11,583.2,21,3,4
2024-04-18 22:00:00,3,154.3,22,3,4
2024-04-18 23:00:00,6,262.8,23,3,4
2024-04-19 00:00:00,5,227.4,0,4,4
2024-04-19 01:00:00,5,231.3,1,4,4
2024-04-19 02:00:00,2,88.19999999999999,2,4,4
2024-04-19 03:00:00,10,480.7,3,4,4
2024-04-19 04:00:00,5,268.0,4,4,4
2024-04-19 05:00:00,13,623.2,5,4,4
2024-04-19 06:00:00,15,612.8000000000001,6,4,4
2024-04-19 07:00:00,27,1117.8,7,4,4
2024-04-19 08:00:00,33,1612.1,8,4,4
2024-04-19 09:00:00,40,1873.1,9,4,4
2024-04-19 10:00:00,41,1890.8,10,4,4
2024-04-19 11:00:00,35,1581.1,11,4,4
2024-04-19 12:00:00,40,1884.1,12,4,4
2024-04-19 13:00:00,50,2211.0,13,4,4
2024-04-19 14:00:00,48,2356.4,14,4,4
2024-04-19 15:00:00,32,1392.4,15,4,4
2024-04-19 16:00:00,38,1527.3,16,4,4
2024-04-19 17:00:00,29,1320.5,17,4,4
2024-04-19 18:00:00,24,923.9,18,4,4
2024-04-19 19:00:00,19,852.9,19,4,4
2024-04-19 20:00:00,11,580.8,20,4,4
2024-04-19 21:00:00,7,303.7,21,4,4
2024-04-19 22:00:00,3,168.2,22,4,4
2024-04-19 23:00:00,4,244.3,23,4,4
2024-04-20 00:00:00,3,209.3,0,5,4
2024-04-20 01:00:00,3,114.3,1,5,4
2024-04-20 02:00:00,3,125.6,2,5,4
2024-04-20 03:00:00,3,151.9,3,5,4
2024-04-20 04:00:00,0,0.0,4,5,4
2024-04-20 05:00:00,8,341.0,5,5,4
2024-04-20 06:00:00,14,648.3,6,5,4
2024-04-20 07:00:00,15,686.9,7,5,4
2024-04-20 08:00:00,23,1144.4,8,5,4
2024-04-20 09:00:00,23,1020.3,9,5,4
2024-04-20 10:00:00,23,1125.8,10,5,4
2024-04-20 11:00:00,26,1123.5,11,5,4
2024-04-20 12:00:00,31,1514.0,12,5,4
2024-04-20 13:00:00,33,1592.7,13,5,4
2024-04-20 14:00:00,31,1354.7,14,5,4
2024-04-20 15:00:00,28,1242.5,15,5,4
2024-04-20 16:00:00,29,1332.2,16,5,4
2024-04-20 17:00:00,15,616.7,17,5,4
2024-04-20 18:00:00,22,980.1,18,5,4
2024-04-20 19:00:00,17,652.8,19,5,4
2024-04-20 20:00:00,8,299.9,20,5,4
2024-04-20 21:00:00,7,336.9,21,5,4
2024-04-20 22:00:00,3,155.4,22,5,4
2024-04-20 23:00:00,6,263.9,23,5,4
2024-04-21 00:00:00,6,292.9,0,6,4
2024-04-21 01:00:00,2,84.5,1,6,4
2024-04-21 02:00:00,2,91.4,2,6,4
2024-04-21 03:00:00,4,158.8,3,6,4
2024-04-21 04:00:00,6,278.3,4,6,4
2024-04-21 05:00:00,13,634.2,5,6,4
2024-04-21 06:00:00,9,357.1,6,6,4
2024-04-21 07:00:00,12,609.7,7,6,4
2024-04-21 08:00:00,19,841.0,8,6,4
2024-04-21 09:00:00,20,931.7,9,6,4
2024-04-21 10:00:00,23,1156.0,10,6,4
2024-04-21 11:00:00,31,1410.6,11,6,4
2024-04-21 12:00:00,20,946.6999999999999,12,6,4
2024-04-21 13:00:00,29,1331.3,13,6,4
2024-04-21 14:00:00,28,1162.0,14,6,4
2024-04-21 15:00:00,18,882.4,15,6,4
2024-04-21 16:00:00,27,1288.1,16,6,4
2024-04-21 17:00:00,22,1031.7,17,6,4
2024-04-21 18:00:00,22,875.6,18,6,4
2024-04-21 19:00:00,4,184.5,19,6,4
2024-04-21 20:00:00,4,161.6,20,6,4
2024-04-21 21:00:00,11,476.8,21,6,4
2024-04-21 22:00:00,0,0.0,22,6,4
2024-04-21 23:00:00,1,33.6,23,6,4
2024-04-22 00:00:00,5,227.4,0,0,4
2024-04-22 01:00:00,8,310.1,1,0,4
2024-04-22 02:00:00,3,114.0,2,0,4
2024-04-22 03:00:00,4,173.3,3,0,4
2024-04-22 04:00:00,5,212.9,4,0,4
2024-04-22 05:00:00,10,509.1,5,0,4
2024-04-22 06:00:00,18,788.7,6,0,4
2024-04-22 07:00:00,20,795.2,7,0,4
2024-04-22 08:00:00,22,945.5,8,0,4
2024-04-22 09:00:00,48,2132.9,9,0,4
2024-04-22 10:00:00,30,1174.9,10,0,4
2024-04-22 11:00:00,51,2493.7,11,0,4
2024-04-22 12:00:00,41,1893.5,12,0,4
2024-04-22 13:00:00,36,1856.7,13,0,4
2024-04-22 14:00:00,25,1298.5,14,0,4
2024-04-22 15:00:00,29,1321.5,15,0,4
2024-04-22 16:00:00,27,1299.7,16,0,4
2024-04-22 17:00:00,25,1134.5,17,0,4
2024-04-22 18:00:00,30,1330.4,18,0,4
2024-04-22 19:00:00,18,825.5,19,0,4
2024-04-22 20:00:00,6,356.5,20,0,4
2024-04-22 21:00:00,11,468.5,21,0,4
2024-04-22 22:00:00,6,302.7,22,0,4
2024-04-22 23:00:00,6,236.7,23,0,4
2024-04-23 00:00:00,10,452.8,0,1,4
2024-04-23 01:00:00,2,87.0,1,1,4
2024-04-23 02:00:00,7,384.9,2,1,4
2024-04-23 03:00:00,2,133.4,3,1,4
2024-04-23 04:00:00,2,135.0,4,1,4
2024-04-23 05:00:00,10,494.2,5,1,4
2024-04-23 06:00:00,14,753.8,6,1,4
2024-04-23 07:00:00,21,945.3,7,1,4
2024-04-23 08:00:00,27,1239.8,8,1,4
2024-04-23 09:00:00,43,1972.6,9,1,4
2024-04-23 10:00:00,37,1829.8,10,1,4
2024-04-23 11:00:00,36,1916.9,11,1,4
2024-04-23 12:00:00,32,1441.1,12,1,4
2024-04-23 13:00:00,39,1740.3,13,1,4
2024-04-23 14:00:00,44,1997.4,14,1,4
2024-04-23 15:00:00,46,2113.0,15,1,4
2024-04-23 16:00:00,31,1423.7,16,1,4
2024-04-23 17:00:00,31,1431.5,17,1,4
2024-04-23 18:00:00,30,1273.6,18,1,4
2024-04-23 19:00:00,25,1202.1,19,1,4
2024-04-23 20:00:00,11,562.4,20,1,4
2024-04-23 21:00:00,14,576.5,21,1,4
2024-04-23 22:00:00,4,184.4,22,1,4
2024-04-23 23:00:00,1,33.3,23,1,4
2024-04-24 00:00:00,5,242.0,0,2,4
2024-04-24 01:00:00,3,159.0,1,2,4
2024-04-24 02:00:00,2,151.89999999999998,2,2,4
2024-04-24 03:00:00,4,158.0,3,2,4
2024-04-24 04:00:00,3,136.2,4,2,4
2024-04-24 05:00:00,10,446.0,5,2,4
2024-04-24 06:00:00,9,397.3,6,2,4
2024-04-24 07:00:00,20,849.3,7,2,4
2024-04-24 08:00:00,24,1138.0,8,2,4
2024-04-24 09:00:00,43,1979.3,9,2,4
2024-04-24 10:00:00,50,2385.6,10,2,4
2024-04-24 11:00:00,35,1681.0,11,2,4
2024-04-24 12:00:00,46,1915.0,12,2,4
2024-04-24 13:00:00,36,1694.7,13,2,4
2024-04-24 14:00:00,42,1930.8,14,2,4
2024-04-24 15:00:00,31,1437.1,15,2,4
2024-04-24 16:00:00,44,2083.1,16,2,4
2024-04-24 17:00:00,20,907.8,17,2,4
2024-04-24 18:00:00,34,1630.7,18,2,4
2024-04-24 19:00:00,16,725.6,19,2,4
2024-04-24 20:00:00,12,538.3,20,2,4
2024-04-24 21:00:00,6,291.8,21,2,4
2024-04-24 22:00:00,4,163.2,22,2,4
2024-04-24 23:00:00,3,121.69999999999999,23,2,4
2024-04-25 00:00:00,3,160.0,0,3,4
2024-04-25 01:00:00,6,308.0,1,3,4
2024-04-25 02:00:00,6,305.9,2,3,4
2024-04-25 03:00:00,3,145.2,3,3,4
2024-04-25 04:00:00,5,203.0,4,3,4
2024-04-25 05:00:00,7,265.9,5,3,4
2024-04-25 06:00:00,11,494.0,6,3,4
2024-04-25 07:00:00,24,1009.2,7,3,4
2024-04-25 08:00:00,32,1589.9,8,3,4
2024-04-25 09:00:00,29,1498.0,9,3,4
2024-04-25 10:00:00,60,2688.2,10,3,4
2024-04-25 11:00:00,36,1636.2,11,3,4
2024-04-25 12:00:00,41,1923.9,12,3,4
2024-04-25 13:00:00,35,1525.8,13,3,4
2024-04-25 14:00:00,35,1635.5,14,3,4
2024-04-25 15:00:00,40,1670.2,15,3,4
2024-04-25 16:00:00,37,1811.2,16,3,4
2024-04-25 17:00:00,26,1173.9,17,3,4
2024-04-25 18:00:00,17,858.1,18,3,4
2024-04-25 19:00:00,16,740.5,19,3,4
2024-04-25 20:00:00,18,799.1,20,3,4
2024-04-25 21:00:00,9,420.9,21,3,4
2024-04-25 22:00:00,7,383.0,22,3,4
2024-04-25 23:00:00,2,84.9,23,3,4
2024-04-26 00:00:00,7,291.0,0,4,4
2024-04-26 01:00:00,2,115.8,1,4,4
2024-04-26 02:00:00,5,233.3,2,4,4
2024-04-26 03:00:00,3,94.3,3,4,4
2024-04-26 04:00:00,5,179.1,4,4,4
2024-04-26 05:00:00,8,324.2,5,4,4
2024-04-26 06:00:00,10,423.0,6,4,4
2024-04-26 07:00:00,23,1059.1,7,4,4
2024-04-26 08:00:00,22,952.2,8,4,4
2024-04-26 09:00:00,39,1887.5,9,4,4
2024-04-26 10:00:00,46,2081.1,10,4,4
2024-04-26 11:00:00,39,1851.3,11,4,4
2024-04-26 12:00:00,39,1920.1,12,4,4
2024-04-26 13:00:00,30,1543.3,13,4,4
2024-04-26 14:00:00,40,1901.6,14,4,4
2024-04-26 15:00:00,28,1338.2,15,4,4
2024-04-26 16:00:00,36,1761.7,16,4,4
2024-04-26 17:00:00,32,1545.8,17,4,4
2024-04-26 18:00:00,21,1127.5,18,4,4
2024-04-26 19:00:00,13,649.5,19,4,4
2024-04-26 20:00:00,9,354.3,20,4,4
2024-04-26 21:00:00,8,377.4,21,4,4
2024-04-26 22:00:00,6,342.1,22,4,4
2024-04-26 23:00:00,8,427.2,23,4,4
2024-04-27 00:00:00,4,131.1,0,5,4
2024-04-27 01:00:00,0,0.0,1,5,4
2024-04-27 02:00:00,3,140.1,2,5,4
2024-04-27 03:00:00,3,177.0,3,5,4
2024-04-27 04:00:00,2,106.39999999999999,4,5,4
2024-04-27 05:00:00,8,389.5,5,5,4
2024-04-27 06:00:00,10,387.7,6,5,4
2024-04-27 07:00:00,18,796.7,7,5,4
2024-04-27 08:00:00,16,678.1,8,5,4
2024-04-27 09:00:00,23,975.5,9,5,4
2024-04-27 10:00:00,27,1246.8,10,5,4
2024-04-27 11:00:00,38,1795.6,11,5,4
2024-04-27 12:00:00,32,1347.7,12,5,4
2024-04-27 13:00:00,31,1497.6,13,5,4
2024-04-27 14:00:00,34,1657.2,14,5,4
2024-04-27 15:00:00,23,1036.3,15,5,4
2024-04-27 16:00:00,25,1204.9,16,5,4
2024-04-27 17:00:00,21,846.4,17,5,4
2024-04-27 18:00:00,19,857.5,18,5,4
2024-04-27 19:00:00,15,766.7,19,5,4
2024-04-27 20:00:00,14,639.4,20,5,4
2024-04-27 21:00:00,6,224.9,21,5,4
2024-04-27 22:00:00,1,64.9,22,5,4
2024-04-27 23:00:00,3,102.30000000000001,23,5,4
2024-04-28 00:00:00,0,0.0,0,6,4
2024-04-28 01:00:00,3,132.6,1,6,4
2024-04-28 02:00:00,2,123.80000000000001,2,6,4
2024-04-28 03:00:00,1,40.5,3,6,4
2024-04-28 04:00:00,4,185.9,4,6,4
2024-04-28 05:00:00,4,198.2,5,6,4
2024-04-28 06:00:00,10,421.1,6,6,4
2024-04-28 07:00:00,14,564.5,7,6,4
2024-04-28 08:00:00,24,1067.2,8,6,4
2024-04-28 09:00:00,29,1274.7,9,6,4
2024-04-28 10:00:00,28,1325.3,10,6,4
2024-04-28 11:00:00,29,1458.2,11,6,4
2024-04-28 12:00:00,33,1591.6,12,6,4
2024-04-28 13:00:00,36,1686.5,13,6,4
2024-04-28 14:00:00,26,1185.9,14,6,4
2024-04-28 15:00:00,31,1486.7,15,6,4
2024-04-28 16:00:00,24,1142.2,16,6,4
2024-04-28 17:00:00,17,769.9,17,6,4
2024-04-28 18:00:00,19,891.6,18,6,4
2024-04-28 19:00:00,15,830.5,19,6,4
2024-04-28 20:00:00,9,360.9,20,6,4
2024-04-28 21:00:00,8,313.9,21,6,4
2024-04-28 22:00:00,2,117.9,22,6,4
2024-04-28 23:00:00,2,126.8,23,6,4
2024-04-29 00:00:00,7,318.0,0,0,4
2024-04-29 01:00:00,4,187.3,1,0,4
2024-04-29 02:00:00,3,135.1,2,0,4
2024-04-29 03:00:00,5,263.7,3,0,4
2024-04-29 04:00:00,6,234.0,4,0,4
2024-04-29 05:00:00,9,459.8,5,0,4
2024-04-29 06:00:00,14,583.1,6,0,4
2024-04-29 07:00:00,21,972.5,7,0,4
2024-04-29 08:00:00,20,768.9,8,0,4
2024-04-29 09:00:00,30,1271.4,9,0,4
2024-04-29 10:00:00,49,2333.6,10,0,4
2024-04-29 11:00:00,36,1762.2,11,0,4
2024-04-29 12:00:00,30,1332.7,12,0,4
2024-04-29 13:00:00,36,1594.2,13,0,4
2024-04-29 14:00:00,40,1884.9,14,0,4
2024-04-29 15:00:00,42,1774.7,15,0,4
2024-04-29 16:00:00,35,1493.8,16,0,4
2024-04-29 17:00:00,16,704.3,17,0,4
2024-04-29 18:00:00,26,1261.6,18,0,4
2024-04-29 19:00:00,23,1021.9,19,0,4
2024-04-29 20:00:00,8,437.9,20,0,4
2024-04-29 21:00:00,11,612.2,21,0,4
2024-04-29 22:00:00,6,236.10000000000002,22,0,4
2024-04-29 23:00:00,5,204.9,23,0,4
2024-04-30 00:00:00,6,278.9,0,1,4
2024-04-30 01:00:00,6,203.1,1,1,4
2024-04-30 02:00:00,4,175.3,2,1,4
2024-04-30 03:00:00,5,202.6,3,1,4
2024-04-30 04:00:00,2,59.9,4,1,4
2024-04-30 05:00:00,18,879.4,5,1,4
2024-04-30 06:00:00,14,678.4,6,1,4
2024-04-30 07:00:00,24,1151.2,7,1,4
2024-04-30 08:00:00,24,865.3,8,1,4
2024-04-30 09:00:00,33,1372.3,9,1,4
2024-04-30 10:00:00,27,1197.2,10,1,4
2024-04-30 11:00:00,41,1930.1,11,1,4
2024-04-30 12:00:00,51,2476.1,12,1,4
2024-04-30 13:00:00,42,2033.1,13,1,4
2024-04-30 14:00:00,40,1843.2,14,1,4
2024-04-30 15:00:00,38,1792.6,15,1,4
2024-04-30 16:00:00,30,1407.9,16,1,4
2024-04-30 17:00:00,29,1204.3,17,1,4
2024-04-30 18:00:00,16,770.8,18,1,4
2024-04-30 19:00:00,20,896.9,19,1,4
2024-04-30 20:00:00,14,639.5,20,1,4
2024-04-30 21:00:00,8,304.1,21,1,4
2024-04-30 22:00:00,6,276.6,22,1,4
2024-04-30 23:00:00,6,276.8,23,1,4
2024-05-01 00:00:00,6,240.9,0,2,5
2024-05-01 01:00:00,4,134.6,1,2,5
2024-05-01 02:00:00,2,77.7,2,2,5
2024-05-01 03:00:00,4,242.0,3,2,5
2024-05-01 04:00:00,6,269.4,4,2,5
2024-05-01 05:00:00,10,450.1,5,2,5
2024-05-01 06:00:00,17,836.8,6,2,5
2024-05-01 07:00:00,19,740.7,7,2,5
2024-05-01 08:00:00,21,863.3,8,2,5
2024-05-01 09:00:00,37,1696.3,9,2,5
2024-05-01 10:00:00,43,2057.4,10,2,5
2024-05-01 11:00:00,35,1703.6,11,2,5
2024-05-01 12:00:00,38,1700.9,12,2,5
2024-05-01 13:00:00,43,1983.7,13,2,5
2024-05-01 14:00:00,32,1424.9,14,2,5
2024-05-01 15:00:00,47,2289.3,15,2,5
2024-05-01 16:00:00,34,1559.5,16,2,5
2024-05-01 17:00:00,30,1380.0,17,2,5
2024-05-01 18:00:00,24,950.2,18,2,5
2024-05-01 19:00:00,15,618.2,19,2,5
2024-05-01 20:00:00,14,718.9,20,2,5
2024-05-01 21:00:00,7,257.4,21,2,5
2024-05-01 22:00:00,4,213.1,22,2,5
2024-05-01 23:00:00,5,282.0,23,2,5
2024-05-02 00:00:00,4,131.9,0,3,5
2024-05-02 01:00:00,4,193.8,1,3,5
2024-05-02 02:00:00,5,220.0,2,3,5
2024-05-02 03:00:00,6,260.8,3,3,5
2024-05-02 04:00:00,5,232.0,4,3,5
2024-05-02 05:00:00,2,84.0,5,3,5
2024-05-02 06:00:00,7,278.9,6,3,5
2024-05-02 07:00:00,17,754.4,7,3,5
2024-05-02 08:00:00,31,1443.7,8,3,5
2024-05-02 09:00:00,47,1971.0,9,3,5
2024-05-02 10:00:00,46,2237.9,10,3,5
2024-05-02 11:00:00,38,1619.1,11,3,5
2024-05-02 12:00:00,40,1966.4,12,3,5
2024-05-02 13:00:00,42,1929.8,13,3,5
2024-05-02 14:00:00,44,2021.7,14,3,5
2024-05-02 15:00:00,37,1871.3,15,3,5
2024-05-02 16:00:00,32,1765.2,16,3,5
2024-05-02 17:00:00,20,1016.0,17,3,5
2024-05-02 18:00:00,25,1275.0,18,3,5
2024-05-02 19:00:00,21,1000.6,19,3,5
2024-05-02 20:00:00,18,765.4,20,3,5
2024-05-02 21:00:00,5,245.3,21,3,5
2024-05-02 22:00:00,4,234.5,22,3,5
2024-05-02 23:00:00,5,275.4,23,3,5
2024-05-03 00:00:00,6,273.6,0,4,5
2024-05-03 01:00:00,3,187.7,1,4,5
2024-05-03 02:00:00,2,143.3,2,4,5
2024-05-03 03:00:00,5,211.8,3,4,5
2024-05-03 04:00:00,5,201.0,4,4,5
2024-05-03 05:00:00,6,248.4,5,4,5
2024-05-03 06:00:00,19,861.8,6,4,5
2024-05-03 07:00:00,20,954.8,7,4,5
2024-05-03 08:00:00,30,1541.5,8,4,5
2024-05-03 09:00:00,34,1614.1,9,4,5
2024-05-03 10:00:00,44,1983.6000000000001,10,4,5
2024-05-03 11:00:00,36,1702.9,11,4,5
2024-05-03 12:00:00,40,2056.1,12,4,5
2024-05-03 13:00:00,35,1878.4,13,4,5
2024-05-03 14:00:00,39,1724.4,14,4,5
2024-05-03 15:00:00,32,1481.5,15,4,5
2024-05-03 16:00:00,37,1621.1,16,4,5
2024-05-03 17:00:00,23,1149.4,17,4,5
2024-05-03 18:00:00,23,957.9,18,4,5
2024-05-03 19:00:00,17,831.4,19,4,5
2024-05-03 20:00:00,14,653.5,20,4,5
2024-05-03 21:00:00,11,413.5,21,4,5
2024-05-03 22:00:00,2,96.5,22,4,5
2024-05-03 23:00:00,2,97.19999999999999,23,4,5
2024-05-04 00:00:00,4,164.4,0,5,5
2024-05-04 01:00:00,3,168.6,1,5,5
2024-05-04 02:00:00,1,75.7,2,5,5
2024-05-04 03:00:00,6,317.7,3,5,5
2024-05-04 04:00:00,3,95.5,4,5,5
2024-05-04 05:00:00,4,201.9,5,5,5
2024-05-04 06:00:00,6,245.5,6,5,5
2024-05-04 07:00:00,17,774.3,7,5,5
2024-05-04 08:00:00,18,814.5,8,5,5
2024-05-04 09:00:00,23,1027.7,9,5,5
2024-05-04 10:00:00,37,1813.0,10,5,5
2024-05-04 11:00:00,40,1947.7,11,5,5
2024-05-04 12:00:00,23,1028.6,12,5,5
2024-05-04 13:00:00,26,1161.0,13,5,5
2024-05-04 14:00:00,26,1234.3,14,5,5
2024-05-04 15:00:00,23,1060.3,15,5,5
2024-05-04 16:00:00,25,1148.4,16,5,5
2024-05-04 17:00:00,19,917.5,17,5,5
2024-05-04 18:00:00,27,1200.7,18,5,5
2024-05-04 19:00:00,8,368.4,19,5,5
2024-05-04 20:00:00,13,661.9,20,5,5
2024-05-04 21:00:00,5,199.8,21,5,5
2024-05-04 22:00:00,2,81.19999999999999,22,5,5
2024-05-04 23:00:00,3,141.8,23,5,5
2024-05-05 00:00:00,1,31.1,0,6,5
2024-05-05 01:00:00,3,112.0,1,6,5
2024-05-05 02:00:00,3,117.0,2,6,5
2024-05-05 03:00:00,5,211.0,3,6,5
2024-05-05 04:00:00,3,164.3,4,6,5
2024-05-05 05:00:00,5,240.0,5,6,5
2024-05-05 06:00:00,13,636.8,6,6,5
2024-05-05 07:00:00,5,218.2,7,6,5
2024-05-05 08:00:00,18,835.4,8,6,5
2024-05-05 09:00:00,32,1584.8,9,6,5
2024-05-05 10:00:00,31,1481.1,10,6,5
2024-05-05 11:00:00,35,1624.2,11,6,5
2024-05-05 12:00:00,30,1312.7,12,6,5
2024-05-05 13:00:00,26,1027.7,13,6,5
2024-05-05 14:00:00,35,1543.0,14,6,5
2024-05-05 15:00:00,15,787.7,15,6,5
2024-05-05 16:00:00,22,982.0,16,6,5
2024-05-05 17:00:00,20,1017.3,17,6,5
2024-05-05 18:00:00,17,769.5,18,6,5
2024-05-05 19:00:00,12,500.29999999999995,19,6,5
2024-05-05 20:00:00,4,187.2,20,6,5
2024-05-05 21:00:00,6,309.8,21,6,5
2024-05-05 22:00:00,5,203.4,22,6,5
2024-05-05 23:00:00,3,138.1,23,6,5
2024-05-06 00:00:00,2,68.1,0,0,5
2024-05-06 01:00:00,6,263.5,1,0,5
2024-05-06 02:00:00,3,216.9,2,0,5
2024-05-06 03:00:00,6,207.2,3,0,5
2024-05-06 04:00:00,3,148.7,4,0,5
2024-05-06 05:00:00,11,535.6,5,0,5
2024-05-06 06:00:00,8,363.6,6,0,5
2024-05-06 07:00:00,19,886.7,7,0,5
2024-05-06 08:00:00,29,1166.1,8,0,5
2024-05-06 09:00:00,34,1446.9,9,0,5
2024-05-06 10:00:00,48,2210.4,10,0,5
2024-05-06 11:00:00,35,1774.1,11,0,5
2024-05-06 12:00:00,44,1915.4,12,0,5
2024-05-06 13:00:00,49,2236.2,13,0,5
2024-05-06 14:00:00,30,1360.8,14,0,5
2024-05-06 15:00:00,35,1575.6,15,0,5
2024-05-06 16:00:00,33,1574.9,16,0,5
2024-05-06 17:00:00,29,1371.4,17,0,5
2024-05-06 18:00:00,20,847.5,18,0,5
2024-05-06 19:00:00,20,932.0,19,0,5
2024-05-06 20:00:00,20,870.0,20,0,5
2024-05-06 21:00:00,11,521.8,21,0,5
2024-05-06 22:00:00,8,410.9,22,0,5
2024-05-06 23:00:00,1,58.5,23,0,5
2024-05-07 00:00:00,5,224.0,0,1,5
2024-05-07 01:00:00,7,352.0,1,1,5
2024-05-07 02:00:00,2,62.3,2,1,5
2024-05-07 03:00:00,7,300.4,3,1,5
2024-05-07 04:00:00,3,122.80000000000001,4,1,5
2024-05-07 05:00:00,6,304.6,5,1,5
2024-05-07 06:00:00,17,804.1,6,1,5
2024-05-07 07:00:00,14,612.8,7,1,5
2024-05-07 08:00:00,30,1355.9,8,1,5
2024-05-07 09:00:00,41,1844.5,9,1,5
2024-05-07 10:00:00,40,1816.9,10,1,5
2024-05-07 11:00:00,30,1388.1,11,1,5
2024-05-07 12:00:00,50,2357.8,12,1,5
2024-05-07 13:00:00,49,2365.3,13,1,5
2024-05-07 14:00:00,35,1647.7,14,1,5
2024-05-07 15:00:00,33,1600.0,15,1,5
2024-05-07 16:00:00,16,727.4,16,1,5
2024-05-07 17:00:00,26,973.5,17,1,5
2024-05-07 18:00:00,22,1043.8,18,1,5
2024-05-07 19:00:00,13,570.4,19,1,5
2024-05-07 20:00:00,12,567.3,20,1,5
2024-05-07 21:00:00,7,340.6,21,1,5
2024-05-07 22:00:00,10,475.3,22,1,5
2024-05-07 23:00:00,4,188.39999999999998,23,1,5
2024-05-08 00:00:00,6,323.4,0,2,5
2024-05-08 01:00:00,4,194.1,1,2,5
2024-05-08 02:00:00,5,212.8,2,2,5
2024-05-08 03:00:00,2,75.2,3,2,5
2024-05-08 04:00:00,4,221.8,4,2,5
2024-05-08 05:00:00,13,730.0,5,2,5
2024-05-08 06:00:00,16,656.9,6,2,5
2024-05-08 07:00:00,10,433.0,7,2,5
2024-05-08 08:00:00,25,1238.6,8,2,5
2024-05-08 09:00:00,30,1436.1,9,2,5
2024-05-08 10:00:00,33,1609.7,10,2,5
2024-05-08 11:00:00,46,2225.0,11,2,5
2024-05-08 12:00:00,46,1976.3,12,2,5
2024-05-08 13:00:00,46,2265.1,13,2,5
2024-05-08 14:00:00,40,2044.5,14,2,5
2024-05-08 15:00:00,36,1640.9,15,2,5
2024-05-08 16:00:00,43,1960.6,16,2,5
2024-05-08 17:00:00,31,1501.9,17,2,5
2024-05-08 18:00:00,19,922.5,18,2,5
2024-05-08 19:00:00,16,707.3,19,2,5
2024-05-08 20:00:00,12,614.4,20,2,5
2024-05-08 21:00:00,14,700.5,21,2,5
2024-05-08 22:00:00,10,469.5,22,2,5
2024-05-08 23:00:00,6,261.6,23,2,5
2024-05-09 00:00:00,7,362.0,0,3,5
2024-05-09 01:00:00,2,117.6,1,3,5
2024-05-09 02:00:00,4,226.3,2,3,5
2024-05-09 03:00:00,5,301.4,3,3,5
2024-05-09 04:00:00,11,517.3,4,3,5
2024-05-09 05:00:00,9,399.6,5,3,5
2024-05-09 06:00:00,13,571.2,6,3,5
2024-05-09 07:00:00,11,477.7,7,3,5
2024-05-09 08:00:00,26,1269.1,8,3,5
2024-05-09 09:00:00,48,2115.1,9,3,5
2024-05-09 10:00:00,51,2318.0,10,3,5
2024-05-09 11:00:00,40,2041.7,11,3,5
2024-05-09 12:00:00,44,1817.6,12,3,5
2024-05-09 13:00:00,40,1984.4,13,3,5
2024-05-09 14:00:00,43,2153.1,14,3,5
2024-05-09 15:00:00,30,1382.7,15,3,5
2024-05-09 16:00:00,30,1429.1,16,3,5
2024-05-09 17:00:00,31,1526.5,17,3,5
2024-05-09 18:00:00,22,1070.1,18,3,5
2024-05-09 19:00:00,14,602.3,19,3,5
2024-05-09 20:00:00,11,471.9,20,3,5
2024-05-09 21:00:00,12,621.3,21,3,5
2024-05-09 22:00:00,5,171.8,22,3,5
2024-05-09 23:00:00,6,204.5,23,3,5
2024-05-10 00:00:00,1,29.1,0,4,5
2024-05-10 01:00:00,7,323.5,1,4,5
2024-05-10 02:00:00,4,195.7,2,4,5
2024-05-10 03:00:00,6,274.6,3,4,5
2024-05-10 04:00:00,2,119.5,4,4,5
2024-05-10 05:00:00,8,371.5,5,4,5
2024-05-10 06:00:00,16,790.3,6,4,5
2024-05-10 07:00:00,19,809.9,7,4,5
2024-05-10 08:00:00,17,797.0,8,4,5
2024-05-10 09:00:00,35,1678.7,9,4,5
2024-05-10 10:00:00,34,1421.9,10,4,5
2024-05-10 11:00:00,53,2477.2000000000003,11,4,5
2024-05-10 12:00:00,41,2046.8,12,4,5
2024-05-10 13:00:00,38,1735.6,13,4,5
2024-05-10 14:00:00,38,1869.1,14,4,5
2024-05-10 15:00:00,34,1528.5,15,4,5
2024-05-10 16:00:00,31,1388.7,16,4,5
2024-05-10 17:00:00,27,1191.9,17,4,5
2024-05-10 18:00:00,15,639.7,18,4,5
2024-05-10 19:00:00,18,774.8,19,4,5
2024-05-10 20:00:00,14,622.1,20,4,5
2024-05-10 21:00:00,7,302.6,21,4,5
2024-05-10 22:00:00,3,180.4,22,4,5
2024-05-10 23:00:00,3,115.1,23,4,5
2024-05-11 00:00:00,6,288.0,0,5,5
2024-05-11 01:00:00,2,108.3,1,5,5
2024-05-11 02:00:00,2,60.4,2,5,5
2024-05-11 03:00:00,5,307.8,3,5,5
2024-05-11 04:00:00,2,118.2,4,5,5
2024-05-11 05:00:00,5,293.5,5,5,5
2024-05-11 06:00:00,16,650.2,6,5,5
2024-05-11 07:00:00,10,379.9,7,5,5
2024-05-11 08:00:00,22,883.3,8,5,5
2024-05-11 09:00:00,23,970.5,9,5,5
2024-05-11 10:00:00,30,1383.3,10,5,5
2024-05-11 11:00:00,29,1496.4,11,5,5
2024-05-11 12:00:00,39,1812.8,12,5,5
2024-05-11 13:00:00,22,1049.7,13,5,5
2024-05-11 14:00:00,35,1530.2,14,5,5
2024-05-11 15:00:00,23,1013.3,15,5,5
2024-05-11 16:00:00,26,1257.2,16,5,5
2024-05-11 17:00:00,21,998.7,17,5,5
2024-05-11 18:00:00,25,1161.8,18,5,5
2024-05-11 19:00:00,6,343.70000000000005,19,5,5
2024-05-11 20:00:00,14,643.5,20,5,5
2024-05-11 21:00:00,5,190.7,21,5,5
2024-05-11 22:00:00,2,96.4,22,5,5
2024-05-11 23:00:00,3,135.6,23,5,5
2024-05-12 00:00:00,1,31.9,0,6,5
2024-05-12 01:00:00,6,291.8,1,6,5
2024-05-12 02:00:00,2,74.4,2,6,5
2024-05-12 03:00:00,4,177.5,3,6,5
2024-05-12 04:00:00,4,218.0,4,6,5
2024-05-12 05:00:00,7,323.7,5,6,5
2024-05-12 06:00:00,15,691.6,6,6,5
2024-05-12 07:00:00,14,653.9,7,6,5
2024-05-12 08:00:00,15,633.4,8,6,5
2024-05-12 09:00:00,25,979.3,9,6,5
2024-05-12 10:00:00,32,1510.6,10,6,5
2024-05-12 11:00:00,25,1150.1,11,6,5
2024-05-12 12:00:00,32,1419.1,12,6,5
2024-05-12 13:00:00,32,1393.2,13,6,5
2024-05-12 14:00:00,40,1839.3,14,6,5
2024-05-12 15:00:00,31,1524.5,15,6,5
2024-05-12 16:00:00,25,1327.8,16,6,5
2024-05-12 17:00:00,14,628.4,17,6,5
2024-05-12 18:00:00,18,873.5,18,6,5
2024-05-12 19:00:00,15,722.0,19,6,5
2024-05-12 20:00:00,7,309.2,20,6,5
2024-05-12 21:00:00,2,71.9,21,6,5
2024-05-12 22:00:00,3,187.1,22,6,5
2024-05-12 23:00:00,1,57.9,23,6,5
2024-05-13 00:00:00,7,282.0,0,0,5
2024-05-13 01:00:00,8,349.7,1,0,5
2024-05-13 02:00:00,2,69.30000000000001,2,0,5
2024-05-13 03:00:00,6,290.0,3,0,5
2024-05-13 04:00:00,4,218.3,4,0,5
2024-05-13 05:00:00,7,387.4,5,0,5
2024-05-13 06:00:00,16,825.1,6,0,5
2024-05-13 07:00:00,20,1022.7,7,0,5
2024-05-13 08:00:00,21,976.9,8,0,5
2024-05-13 09:00:00,40,1790.7,9,0,5
2024-05-13 10:00:00,41,1914.3,10,0,5
2024-05-13 11:00:00,47,2474.3,11,0,5
2024-05-13 12:00:00,44,2048.9,12,0,5
2024-05-13 13:00:00,44,1884.4,13,0,5
2024-05-13 14:00:00,34,1480.9,14,0,5
2024-05-13 15:00:00,37,1866.1,15,0,5
2024-05-13 16:00:00,42,1960.8,16,0,5
2024-05-13 17:00:00,26,1167.1000000000001,17,0,5
2024-05-13 18:00:00,16,787.9,18,0,5
2024-05-13 19:00:00,12,517.7,19,0,5
2024-05-13 20:00:00,15,805.6,20,0,5
2024-05-13 21:00:00,10,492.5,21,0,5
2024-05-13 22:00:00,3,119.5,22,0,5
2024-05-13 23:00:00,3,191.3,23,0,5
2024-05-14 00:00:00,0,0.0,0,1,5
2024-05-14 01:00:00,1,32.2,1,1,5
2024-05-14 02:00:00,8,336.0,2,1,5
2024-05-14 03:00:00,4,155.1,3,1,5
2024-05-14 04:00:00,3,122.5,4,1,5
2024-05-14 05:00:00,8,369.7,5,1,5
2024-05-14 06:00:00,13,663.8,6,1,5
2024-05-14 07:00:00,15,672.6,7,1,5
2024-05-14 08:00:00,19,908.4,8,1,5
2024-05-14 09:00:00,37,1932.9,9,1,5
2024-05-14 10:00:00,40,1997.3,10,1,5
2024-05-14 11:00:00,36,1749.3,11,1,5
2024-05-14 12:00:00,40,1861.5,12,1,5
2024-05-14 13:00:00,42,1781.1,13,1,5
2024-05-14 14:00:00,38,1711.4,14,1,5
2024-05-14 15:00:00,31,1538.0,15,1,5
2024-05-14 16:00:00,21,912.7,16,1,5
2024-05-14 17:00:00,23,1027.9,17,1,5
2024-05-14 18:00:00,22,991.4,18,1,5
2024-05-14 19:00:00,16,807.6,19,1,5
2024-05-14 20:00:00,11,469.6,20,1,5
2024-05-14 21:00:00,5,235.0,21,1,5
2024-05-14 22:00:00,5,225.0,22,1,5
2024-05-14 23:00:00,3,145.6,23,1,5
2024-05-15 00:00:00,7,315.5,0,2,5
2024-05-15 01:00:00,7,301.2,1,2,5
2024-05-15 02:00:00,8,368.3,2,2,5
2024-05-15 03:00:00,3,108.3,3,2,5
2024-05-15 04:00:00,4,205.7,4,2,5
2024-05-15 05:00:00,11,464.8,5,2,5
2024-05-15 06:00:00,12,635.9,6,2,5
2024-05-15 07:00:00,25,1261.0,7,2,5
2024-05-15 08:00:00,20,898.6,8,2,5
2024-05-15 09:00:00,46,2139.6,9,2,5
2024-05-15 10:00:00,39,1742.5,10,2,5
2024-05-15 11:00:00,43,1962.2,11,2,5
2024-05-15 12:00:00,40,1985.4,12,2,5
2024-05-15 13:00:00,44,2014.6,13,2,5
2024-05-15 14:00:00,46,2355.8,14,2,5
2024-05-15 15:00:00,39,1812.3,15,2,5
2024-05-15 16:00:00,34,1497.9,16,2,5
2024-05-15 17:00:00,31,1429.2,17,2,5
2024-05-15 18:00:00,20,814.8,18,2,5
2024-05-15 19:00:00,13,503.59999999999997,19,2,5
2024-05-15 20:00:00,12,677.8,20,2,5
2024-05-15 21:00:00,7,337.40000000000003,21,2,5
2024-05-15 22:00:00,1,56.0,22,2,5
2024-05-15 23:00:00,2,88.69999999999999,23,2,5
2024-05-16 00:00:00,16,714.0,0,3,5
2024-05-16 01:00:00,5,190.8,1,3,5
2024-05-16 02:00:00,3,240.0,2,3,5
2024-05-16 03:00:00,4,141.6,3,3,5
2024-05-16 04:00:00,5,235.3,4,3,5
2024-05-16 05:00:00,8,403.3,5,3,5
2024-05-16 06:00:00,16,747.3,6,3,5
2024-05-16 07:00:00,21,987.2,7,3,5
2024-05-16 08:00:00,40,1813.7,8,3,5
2024-05-16 09:00:00,30,1543.4,9,3,5
2024-05-16 10:00:00,29,1414.2,10,3,5
2024-05-16 11:00:00,36,1662.4,11,3,5
2024-05-16 12:00:00,34,1615.1,12,3,5
2024-05-16 13:00:00,37,1628.8,13,3,5
2024-05-16 14:00:00,43,2050.0,14,3,5
2024-05-16 15:00:00,28,1225.9,15,3,5
2024-05-16 16:00:00,30,1305.6,16,3,5
2024-05-16 17:00:00,33,1400.1,17,3,5
2024-05-16 18:00:00,26,1291.0,18,3,5
2024-05-16 19:00:00,22,1024.2,19,3,5
2024-05-16 20:00:00,12,533.8,20,3,5
2024-05-16 21:00:00,2,105.6,21,3,5
2024-05-16 22:00:00,6,356.2,22,3,5
2024-05-16 23:00:00,6,374.7,23,3,5
2024-05-17 00:00:00,7,339.7,0,4,5
2024-05-17 01:00:00,7,319.1,1,4,5
2024-05-17 02:00:00,5,268.7,2,4,5
2024-05-17 03:00:00,2,98.30000000000001,3,4,5
2024-05-17 04:00:00,5,271.4,4,4,5
2024-05-17 05:00:00,10,519.2,5,4,5
2024-05-17 06:00:00,13,569.6,6,4,5
2024-05-17 07:00:00,19,924.6,7,4,5
2024-05-17 08:00:00,25,1209.0,8,4,5
2024-05-17 09:00:00,39,1588.3,9,4,5
2024-05-17 10:00:00,43,1980.6,10,4,5
2024-05-17 11:00:00,37,1867.6,11,4,5
2024-05-17 12:00:00,39,1637.4,12,4,5
2024-05-17 13:00:00,43,2007.6,13,4,5
2024-05-17 14:00:00,39,1828.7,14,4,5
2024-05-17 15:00:00,27,1395.3,15,4,5
2024-05-17 16:00:00,38,1922.5,16,4,5
2024-05-17 17:00:00,27,1160.0,17,4,5
2024-05-17 18:00:00,25,1015.9,18,4,5
2024-05-17 19:00:00,17,788.4,19,4,5
2024-05-17 20:00:00,13,711.9,20,4,5
2024-05-17 21:00:00,6,243.3,21,4,5
2024-05-17 22:00:00,4,186.1,22,4,5
2024-05-17 23:00:00,4,198.4,23,4,5
2024-05-18 00:00:00,5,224.3,0,5,5
2024-05-18 01:00:00,5,203.0,1,5,5
2024-05-18 02:00:00,1,32.2,2,5,5
2024-05-18 03:00:00,3,159.3,3,5,5
2024-05-18 04:00:00,4,184.6,4,5,5
2024-05-18 05:00:00,9,483.2,5,5,5
2024-05-18 06:00:00,7,348.5,6,5,5
2024-05-18 07:00:00,14,720.2,7,5,5
2024-05-18 08:00:00,14,607.0,8,5,5
2024-05-18 09:00:00,28,1234.6,9,5,5
2024-05-18 10:00:00,38,1580.7,10,5,5
2024-05-18 11:00:00,28,1251.0,11,5,5
2024-05-18 12:00:00,33,1405.3,12,5,5
2024-05-18 13:00:00,35,1556.8,13,5,5
2024-05-18 14:00:00,33,1376.9,14,5,5
2024-05-18 15:00:00,27,1151.6,15,5,5
2024-05-18 16:00:00,24,1069.1,16,5,5
2024-05-18 17:00:00,21,1074.3,17,5,5
2024-05-18 18:00:00,18,890.9,18,5,5
2024-05-18 19:00:00,14,625.9,19,5,5
2024-05-18 20:00:00,8,388.6,20,5,5
2024-05-18 21:00:00,6,236.9,21,5,5
2024-05-18 22:00:00,1,73.1,22,5,5
2024-05-18 23:00:00,6,279.7,23,5,5
2024-05-19 00:00:00,3,100.5,0,6,5
2024-05-19 01:00:00,6,275.5,1,6,5
2024-05-19 02:00:00,4,181.2,2,6,5
2024-05-19 03:00:00,2,65.6,3,6,5
2024-05-19 04:00:00,3,105.6,4,6,5
2024-05-19 05:00:00,6,316.70000000000005,5,6,5
2024-05-19 06:00:00,8,343.6,6,6,5
2024-05-19 07:00:00,13,479.9,7,6,5
2024-05-19 08:00:00,22,1087.2,8,6,5
2024-05-19 09:00:00,28,1298.7,9,6,5
2024-05-19 10:00:00,24,1216.2,10,6,5
2024-05-19 11:00:00,33,1448.6,11,6,5
2024-05-19 12:00:00,24,980.4,12,6,5
2024-05-19 13:00:00,36,1738.5,13,6,5
2024-05-19 14:00:00,30,1397.9,14,6,5
2024-05-19 15:00:00,32,1498.3,15,6,5
2024-05-19 16:00:00,30,1399.5,16,6,5
2024-05-19 17:00:00,24,1184.8,17,6,5
2024-05-19 18:00:00,15,716.9,18,6,5
2024-05-19 19:00:00,10,534.1,19,6,5
2024-05-19 20:00:00,11,531.1,20,6,5
2024-05-19 21:00:00,8,361.9,21,6,5
2024-05-19 22:00:00,5,273.9,22,6,5
2024-05-19 23:00:00,3,117.9,23,6,5
2024-05-20 00:00:00,3,110.5,0,0,5
2024-05-20 01:00:00,5,178.7,1,0,5
2024-05-20 02:00:00,6,312.5,2,0,5
2024-05-20 03:00:00,3,132.9,3,0,5
2024-05-20 04:00:00,9,349.8,4,0,5
2024-05-20 05:00:00,16,633.4,5,0,5
2024-05-20 06:00:00,17,740.8,6,0,5
2024-05-20 07:00:00,27,1303.4,7,0,5
2024-05-20 08:00:00,29,1223.3,8,0,5
2024-05-20 09:00:00,32,1448.8,9,0,5
2024-05-20 10:00:00,39,1728.5,10,0,5
2024-05-20 11:00:00,42,1777.9,11,0,5
2024-05-20 12:00:00,52,2520.5,12,0,5
2024-05-20 13:00:00,42,1934.0,13,0,5
2024-05-20 14:00:00,44,2139.9,14,0,5
2024-05-20 15:00:00,36,1847.4,15,0,5
2024-05-20 16:00:00,25,1077.8,16,0,5
2024-05-20 17:00:00,30,1376.2,17,0,5
2024-05-20 18:00:00,15,772.5,18,0,5
2024-05-20 19:00:00,12,527.2,19,0,5
2024-05-20 20:00:00,12,617.2,20,0,5
2024-05-20 21:00:00,6,257.1,21,0,5
2024-05-20 22:00:00,4,194.5,22,0,5
2024-05-20 23:00:00,2,63.7,23,0,5
2024-05-21 00:00:00,8,367.7,0,1,5
2024-05-21 01:00:00,3,132.5,1,1,5
2024-05-21 02:00:00,5,220.5,2,1,5
2024-05-21 03:00:00,4,160.9,3,1,5
2024-05-21 04:00:00,7,255.6,4,1,5
2024-05-21 05:00:00,6,239.8,5,1,5
2024-05-21 06:00:00,15,680.5,6,1,5
2024-05-21 07:00:00,24,987.5,7,1,5
2024-05-21 08:00:00,25,1160.9,8,1,5
2024-05-21 09:00:00,40,1924.5,9,1,5
2024-05-21 10:00:00,49,2071.6,10,1,5
2024-05-21 11:00:00,41,1964.9,11,1,5
2024-05-21 12:00:00,49,2182.8,12,1,5
2024-05-21 13:00:00,34,1490.7,13,1,5
2024-05-21 14:00:00,35,1532.9,14,1,5
2024-05-21 15:00:00,36,1788.8,15,1,5
2024-05-21 16:00:00,32,1657.4,16,1,5
2024-05-21 17:00:00,28,1344.5,17,1,5
2024-05-21 18:00:00,19,765.3,18,1,5
2024-05-21 19:00:00,18,894.0,19,1,5
2024-05-21 20:00:00,14,677.2,20,1,5
2024-05-21 21:00:00,12,751.5,21,1,5
2024-05-21 22:00:00,3,98.5,22,1,5
2024-05-21 23:00:00,9,388.20000000000005,23,1,5
2024-05-22 00:00:00,3,171.8,0,2,5
2024-05-22 01:00:00,2,125.4,1,2,5
2024-05-22 02:00:00,4,176.8,2,2,5
2024-05-22 03:00:00,7,264.4,3,2,5
2024-05-22 04:00:00,6,255.1,4,2,5
2024-05-22 05:00:00,11,510.8,5,2,5
2024-05-22 06:00:00,10,493.2,6,2,5
2024-05-22 07:00:00,16,816.5,7,2,5
2024-05-22 08:00:00,26,1160.1,8,2,5
2024-05-22 09:00:00,45,2159.9,9,2,5
2024-05-22 10:00:00,43,1919.3,10,2,5
2024-05-22 11:00:00,46,2129.8,11,2,5
2024-05-22 12:00:00,44,1884.2,12,2,5
2024-05-22 13:00:00,38,1694.8,13,2,5
2024-05-22 14:00:00,33,1421.9,14,2,5
2024-05-22 15:00:00,30,1471.3,15,2,5
2024-05-22 16:00:00,31,1504.6,16,2,5
2024-05-22 17:00:00,32,1434.2,17,2,5
2024-05-22 18:00:00,17,856.5,18,2,5
2024-05-22 19:00:00,15,682.1,19,2,5
2024-05-22 20:00:00,14,582.3000000000001,20,2,5
2024-05-22 21:00:00,7,398.6,21,2,5
2024-05-22 22:00:00,8,347.6,22,2,5
2024-05-22 23:00:00,5,272.2,23,2,5
2024-05-23 00:00:00,6,304.1,0,3,5
2024-05-23 01:00:00,3,90.7,1,3,5
2024-05-23 02:00:00,4,236.6,2,3,5
2024-05-23 03:00:00,3,138.5,3,3,5
2024-05-23 04:00:00,6,323.4,4,3,5
2024-05-23 05:00:00,13,599.0,5,3,5
2024-05-23 06:00:00,12,465.9,6,3,5
2024-05-23 07:00:00,16,667.9,7,3,5
2024-05-23 08:00:00,30,1328.2,8,3,5
2024-05-23 09:00:00,36,1620.2,9,3,5
2024-05-23 10:00:00,32,1370.6,10,3,5
2024-05-23 11:00:00,50,2369.0,11,3,5
2024-05-23 12:00:00,42,1873.5,12,3,5
2024-05-23 13:00:00,31,1351.1,13,3,5
2024-05-23 14:00:00,31,1388.6,14,3,5
2024-05-23 15:00:00,32,1401.0,15,3,5
2024-05-23 16:00:00,41,1989.3,16,3,5
2024-05-23 17:00:00,31,1351.0,17,3,5
2024-05-23 18:00:00,15,744.7,18,3,5
2024-05-23 19:00:00,22,989.4,19,3,5
2024-05-23 20:00:00,14,672.8,20,3,5
2024-05-23 21:00:00,7,372.5,21,3,5
2024-05-23 22:00:00,5,219.3,22,3,5
2024-05-23 23:00:00,5,229.5,23,3,5
2024-05-24 00:00:00,4,213.2,0,4,5
2024-05-24 01:00:00,7,364.9,1,4,5
2024-05-24 02:00:00,5,198.4,2,4,5
2024-05-24 03:00:00,3,139.8,3,4,5
2024-05-24 04:00:00,6,266.7,4,4,5
2024-05-24 05:00:00,8,396.2,5,4,5
2024-05-24 06:00:00,12,539.6,6,4,5
2024-05-24 07:00:00,18,818.6,7,4,5
2024-05-24 08:00:00,18,870.9,8,4,5
2024-05-24 09:00:00,38,1729.5,9,4,5
2024-05-24 10:00:00,47,2223.4,10,4,5
2024-05-24 11:00:00,40,1673.7,11,4,5
2024-05-24 12:00:00,40,1767.4,12,4,5
2024-05-24 13:00:00,47,2110.1,13,4,5
2024-05-24 14:00:00,40,1841.0,14,4,5
2024-05-24 15:00:00,31,1463.6,15,4,5
2024-05-24 16:00:00,26,1062.2,16,4,5
2024-05-24 17:00:00,33,1571.7,17,4,5
2024-05-24 18:00:00,21,1079.5,18,4,5
2024-05-24 19:00:00,25,1162.6,19,4,5
2024-05-24 20:00:00,16,765.0,20,4,5
2024-05-24 21:00:00,15,588.6,21,4,5
2024-05-24 22:00:00,3,114.9,22,4,5
2024-05-24 23:00:00,7,294.3,23,4,5
2024-05-25 00:00:00,6,213.4,0,5,5
2024-05-25 01:00:00,3,100.8,1,5,5
2024-05-25 02:00:00,1,52.8,2,5,5
2024-05-25 03:00:00,3,146.8,3,5,5
2024-05-25 04:00:00,3,157.1,4,5,5
2024-05-25 05:00:00,7,285.0,5,5,5
2024-05-25 06:00:00,9,383.5,6,5,5
2024-05-25 07:00:00,13,532.2,7,5,5
2024-05-25 08:00:00,14,719.7,8,5,5
2024-05-25 09:00:00,31,1403.7,9,5,5
2024-05-25 10:00:00,34,1629.1,10,5,5
2024-05-25 11:00:00,29,1267.2,11,5,5
2024-05-25 12:00:00,32,1506.2,12,5,5
2024-05-25 13:00:00,32,1466.3,13,5,5
2024-05-25 14:00:00,29,1336.7,14,5,5
2024-05-25 15:00:00,25,1313.3,15,5,5
2024-05-25 16:00:00,19,925.5,16,5,5
2024-05-25 17:00:00,17,958.2,17,5,5
2024-05-25 18:00:00,24,1148.2,18,5,5
2024-05-25 19:00:00,11,590.0,19,5,5
2024-05-25 20:00:00,13,671.2,20,5,5
2024-05-25 21:00:00,6,281.2,21,5,5
2024-05-25 22:00:00,4,199.8,22,5,5
2024-05-25 23:00:00,3,109.19999999999999,23,5,5
2024-05-26 00:00:00,5,269.4,0,6,5
2024-05-26 01:00:00,4,155.1,1,6,5
2024-05-26 02:00:00,7,306.29999999999995,2,6,5
2024-05-26 03:00:00,4,152.4,3,6,5
2024-05-26 04:00:00,7,339.2,4,6,5
2024-05-26 05:00:00,3,177.60000000000002,5,6,5
2024-05-26 06:00:00,9,363.4,6,6,5
2024-05-26 07:00:00,8,442.9,7,6,5
2024-05-26 08:00:00,13,618.6,8,6,5
2024-05-26 09:00:00,31,1434.5,9,6,5
2024-05-26 10:00:00,36,1641.2,10,6,5
2024-05-26 11:00:00,27,1195.1,11,6,5
2024-05-26 12:00:00,31,1574.3,12,6,5
2024-05-26 13:00:00,28,1394.6,13,6,5
2024-05-26 14:00:00,25,1180.0,14,6,5
2024-05-26 15:00:00,29,1310.4,15,6,5
2024-05-26 16:00:00,26,1078.1,16,6,5
2024-05-26 17:00:00,21,1067.8,17,6,5
2024-05-26 18:00:00,18,719.1,18,6,5
2024-05-26 19:00:00,20,847.4,19,6,5
2024-05-26 20:00:00,9,491.79999999999995,20,6,5
2024-05-26 21:00:00,10,523.8,21,6,5
2024-05-26 22:00:00,3,131.3,22,6,5
2024-05-26 23:00:00,2,74.8,23,6,5
2024-05-27 00:00:00,3,112.9,0,0,5
2024-05-27 01:00:00,2,79.4,1,0,5
2024-05-27 02:00:00,2,110.6,2,0,5
2024-05-27 03:00:00,9,447.9,3,0,5
2024-05-27 04:00:00,3,108.9,4,0,5
2024-05-27 05:00:00,12,606.2,5,0,5
2024-05-27 06:00:00,10,485.8,6,0,5
2024-05-27 07:00:00,19,803.4,7,0,5
2024-05-27 08:00:00,21,976.9,8,0,5
2024-05-27 09:00:00,32,1296.9,9,0,5
2024-05-27 10:00:00,39,1860.5,10,0,5
2024-05-27 11:00:00,53,2448.3,11,0,5
2024-05-27 12:00:00,44,2019.9,12,0,5
2024-05-27 13:00:00,41,1907.6,13,0,5
2024-05-27 14:00:00,36,1617.8,14,0,5
2024-05-27 15:00:00,28,1297.4,15,0,5
2024-05-27 16:00:00,28,1342.3,16,0,5
2024-05-27 17:00:00,32,1458.0,17,0,5
2024-05-27 18:00:00,21,1019.1,18,0,5
2024-05-27 19:00:00,21,859.3,19,0,5
2024-05-27 20:00:00,16,750.7,20,0,5
2024-05-27 21:00:00,8,405.2,21,0,5
2024-05-27 22:00:00,6,356.5,22,0,5
2024-05-27 23:00:00,2,123.69999999999999,23,0,5
2024-05-28 00:00:00,5,279.0,0,1,5
2024-05-28 01:00:00,0,0.0,1,1,5
2024-05-28 02:00:00,5,220.7,2,1,5
2024-05-28 03:00:00,5,202.8,3,1,5
2024-05-28 04:00:00,5,212.8,4,1,5
2024-05-28 05:00:00,6,240.4,5,1,5
2024-05-28 06:00:00,7,441.79999999999995,6,1,5
2024-05-28 07:00:00,12,639.8,7,1,5
2024-05-28 08:00:00,32,1544.4,8,1,5
2024-05-28 09:00:00,24,1210.4,9,1,5
2024-05-28 10:00:00,46,2189.6,10,1,5
2024-05-28 11:00:00,44,1888.6,11,1,5
2024-05-28 12:00:00,35,1784.7,12,1,5
2024-05-28 13:00:00,40,1885.7,13,1,5
2024-05-28 14:00:00,39,1732.8,14,1,5
2024-05-28 15:00:00,44,2162.4,15,1,5
2024-05-28 16:00:00,37,1873.7,16,1,5
2024-05-28 17:00:00,24,957.2,17,1,5
2024-05-28 18:00:00,31,1360.1,18,1,5
2024-05-28 19:00:00,16,800.4,19,1,5
2024-05-28 20:00:00,10,476.9,20,1,5
2024-05-28 21:00:00,8,390.7,21,1,5
2024-05-28 22:00:00,6,378.5,22,1,5
2024-05-28 23:00:00,2,117.6,23,1,5
2024-05-29 00:00:00,8,379.7,0,2,5
2024-05-29 01:00:00,5,273.1,1,2,5
2024-05-29 02:00:00,6,241.5,2,2,5
2024-05-29 03:00:00,2,104.9,3,2,5
2024-05-29 04:00:00,2,79.7,4,2,5
2024-05-29 05:00:00,8,309.3,5,2,5
2024-05-29 06:00:00,17,654.3,6,2,5
2024-05-29 07:00:00,12,479.0,7,2,5
2024-05-29 08:00:00,27,1332.2,8,2,5
2024-05-29 09:00:00,40,1936.3,9,2,5
2024-05-29 10:00:00,43,2015.5,10,2,5
2024-05-29 11:00:00,37,1782.5,11,2,5
2024-05-29 12:00:00,44,2008.0,12,2,5
2024-05-29 13:00:00,35,1661.4,13,2,5
2024-05-29 14:00:00,52,2283.1,14,2,5
2024-05-29 15:00:00,37,1655.6,15,2,5
2024-05-29 16:00:00,38,1669.2,16,2,5
2024-05-29 17:00:00,21,1025.7,17,2,5
2024-05-29 18:00:00,23,991.6,18,2,5
2024-05-29 19:00:00,20,820.9,19,2,5
2024-05-29 20:00:00,18,827.1999999999999,20,2,5
2024-05-29 21:00:00,8,307.4,21,2,5
2024-05-29 22:00:00,8,428.7,22,2,5
2024-05-29 23:00:00,7,300.4,23,2,5
2024-05-30 00:00:00,2,70.6,0,3,5
2024-05-30 01:00:00,2,72.2,1,3,5
2024-05-30 02:00:00,2,68.1,2,3,5
2024-05-30 03:00:00,9,353.7,3,3,5
2024-05-30 04:00:00,5,271.2,4,3,5
2024-05-30 05:00:00,13,539.8,5,3,5
2024-05-30 06:00:00,15,653.5,6,3,5
2024-05-30 07:00:00,21,1093.1,7,3,5
2024-05-30 08:00:00,27,1075.1,8,3,5
2024-05-30 09:00:00,39,1671.8999999999999,9,3,5
2024-05-30 10:00:00,38,1852.1,10,3,5
2024-05-30 11:00:00,35,1619.4,11,3,5
2024-05-30 12:00:00,26,1344.1,12,3,5
2024-05-30 13:00:00,39,1893.7,13,3,5
2024-05-30 14:00:00,48,2203.9,14,3,5
2024-05-30 15:00:00,34,1485.0,15,3,5
2024-05-30 16:00:00,26,1231.6,16,3,5
2024-05-30 17:00:00,14,575.2,17,3,5
2024-05-30 18:00:00,17,837.1,18,3,5
2024-05-30 19:00:00,22,1073.5,19,3,5
2024-05-30 20:00:00,17,743.7,20,3,5
2024-05-30 21:00:00,9,407.6,21,3,5
2024-05-30 22:00:00,5,216.1,22,3,5
2024-05-30 23:00:00,1,80.0,23,3,5
2024-05-31 00:00:00,2,64.0,0,4,5
2024-05-31 01:00:00,4,179.0,1,4,5
2024-05-31 02:00:00,10,522.0,2,4,5
2024-05-31 03:00:00,7,328.3,3,4,5
2024-05-31 04:00:00,4,240.1,4,4,5
2024-05-31 05:00:00,9,383.0,5,4,5
2024-05-31 06:00:00,10,482.8,6,4,5
2024-05-31 07:00:00,22,1006.7,7,4,5
2024-05-31 08:00:00,21,1006.8,8,4,5
2024-05-31 09:00:00,40,1817.6,9,4,5
2024-05-31 10:00:00,32,1492.9,10,4,5
2024-05-31 11:00:00,42,2059.0,11,4,5
2024-05-31 12:00:00,27,1297.4,12,4,5
2024-05-31 13:00:00,38,1836.5,13,4,5
2024-05-31 14:00:00,39,1852.7,14,4,5
2024-05-31 15:00:00,31,1416.2,15,4,5
2024-05-31 16:00:00,28,1322.8,16,4,5
2024-05-31 17:00:00,30,1496.1,17,4,5
2024-05-31 18:00:00,16,707.1,18,4,5
2024-05-31 19:00:00,20,979.5,19,4,5
2024-05-31 20:00:00,11,438.1,20,4,5
2024-05-31 21:00:00,14,752.7,21,4,5
2024-05-31 22:00:00,3,134.8,22,4,5
2024-05-31 23:00:00,1,42.7,23,4,5
2024-06-01 00:00:00,1,27.6,0,5,6
2024-06-01 01:00:00,3,155.6,1,5,6
2024-06-01 02:00:00,3,109.39999999999999,2,5,6
2024-06-01 03:00:00,2,81.6,3,5,6
2024-06-01 04:00:00,1,35.0,4,5,6
2024-06-01 05:00:00,4,195.2,5,5,6
2024-06-01 06:00:00,9,411.8,6,5,6
2024-06-01 07:00:00,15,666.8,7,5,6
2024-06-01 08:00:00,17,842.7,8,5,6
2024-06-01 09:00:00,40,1722.5,9,5,6
2024-06-01 10:00:00,24,1037.7,10,5,6
2024-06-01 11:00:00,28,1407.3,11,5,6
2024-06-01 12:00:00,28,1389.5,12,5,6
2024-06-01 13:00:00,34,1621.4,13,5,6
2024-06-01 14:00:00,29,1313.0,14,5,6
2024-06-01 15:00:00,29,1205.7,15,5,6
2024-06-01 16:00:00,15,680.4,16,5,6
2024-06-01 17:00:00,19,982.4,17,5,6
2024-06-01 18:00:00,21,1110.8,18,5,6
2024-06-01 19:00:00,15,682.7,19,5,6
2024-06-01 20:00:00,8,367.8,20,5,6
2024-06-01 21:00:00,11,509.6,21,5,6
2024-06-01 22:00:00,5,257.8,22,5,6
2024-06-01 23:00:00,3,141.8,23,5,6
2024-06-02 00:00:00,4,175.7,0,6,6
2024-06-02 01:00:00,4,145.3,1,6,6
2024-06-02 02:00:00,4,202.1,2,6,6
2024-06-02 03:00:00,4,190.7,3,6,6
2024-06-02 04:00:00,4,197.5,4,6,6
2024-06-02 05:00:00,5,163.7,5,6,6
2024-06-02 06:00:00,14,640.9,6,6,6
2024-06-02 07:00:00,21,930.8,7,6,6
2024-06-02 08:00:00,25,1256.7,8,6,6
2024-06-02 09:00:00,25,1227.7,9,6,6
2024-06-02 10:00:00,41,1917.0,10,6,6
2024-06-02 11:00:00,32,1582.0,11,6,6
2024-06-02 12:00:00,20,1008.0,12,6,6
2024-06-02 13:00:00,24,1170.4,13,6,6
2024-06-02 14:00:00,21,914.0,14,6,6
2024-06-02 15:00:00,27,1275.1,15,6,6
2024-06-02 16:00:00,24,1342.1,16,6,6
2024-06-02 17:00:00,19,908.2,17,6,6
2024-06-02 18:00:00,17,737.1,18,6,6
2024-06-02 19:00:00,10,487.0,19,6,6
2024-06-02 20:00:00,7,372.8,20,6,6
2024-06-02 21:00:00,8,419.09999999999997,21,6,6
2024-06-02 22:00:00,8,345.0,22,6,6
2024-06-02 23:00:00,4,141.3,23,6,6
2024-06-03 00:00:00,8,382.1,0,0,6
2024-06-03 01:00:00,6,409.0,1,0,6
2024-06-03 02:00:00,3,122.1,2,0,6
2024-06-03 03:00:00,8,341.5,3,0,6
2024-06-03 04:00:00,5,227.9,4,0,6
2024-06-03 05:00:00,17,777.9,5,0,6
2024-06-03 06:00:00,17,656.4,6,0,6
2024-06-03 07:00:00,16,770.3,7,0,6
2024-06-03 08:00:00,25,1180.1,8,0,6
2024-06-03 09:00:00,39,1976.4,9,0,6
2024-06-03 10:00:00,39,1605.6,10,0,6
2024-06-03 11:00:00,40,2077.8,11,0,6
2024-06-03 12:00:00,32,1516.5,12,0,6
2024-06-03 13:00:00,37,1750.5,13,0,6
2024-06-03 14:00:00,50,2026.7,14,0,6
2024-06-03 15:00:00,32,1448.1,15,0,6
2024-06-03 16:00:00,38,1821.6,16,0,6
2024-06-03 17:00:00,27,1145.8,17,0,6
2024-06-03 18:00:00,27,1291.2,18,0,6
2024-06-03 19:00:00,22,1016.4,19,0,6
2024-06-03 20:00:00,15,562.6,20,0,6
2024-06-03 21:00:00,7,294.2,21,0,6
2024-06-03 22:00:00,4,221.0,22,0,6
2024-06-03 23:00:00,5,180.1,23,0,6
2024-06-04 00:00:00,6,336.0,0,1,6
2024-06-04 01:00:00,4,131.1,1,1,6
2024-06-04 02:00:00,6,267.0,2,1,6
2024-06-04 03:00:00,8,413.2,3,1,6
2024-06-04 04:00:00,3,122.8,4,1,6
2024-06-04 05:00:00,14,634.5,5,1,6
2024-06-04 06:00:00,15,725.1,6,1,6
2024-06-04 07:00:00,19,811.1999999999999,7,1,6
2024-06-04 08:00:00,28,1359.8,8,1,6
2024-06-04 09:00:00,40,1865.9,9,1,6
2024-06-04 10:00:00,42,2004.2,10,1,6
2024-06-04 11:00:00,40,1897.3,11,1,6
2024-06-04 12:00:00,32,1385.9,12,1,6
2024-06-04 13:00:00,41,1852.1,13,1,6
2024-06-04 14:00:00,44,2098.4,14,1,6
2024-06-04 15:00:00,28,1394.9,15,1,6
2024-06-04 16:00:00,25,1051.5,16,1,6
2024-06-04 17:00:00,21,848.6,17,1,6
2024-06-04 18:00:00,21,994.8,18,1,6
2024-06-04 19:00:00,19,867.3,19,1,6
2024-06-04 20:00:00,8,420.5,20,1,6
2024-06-04 21:00:00,8,345.8,21,1,6
2024-06-04 22:00:00,7,406.29999999999995,22,1,6
2024-06-04 23:00:00,5,250.9,23,1,6
2024-06-05 00:00:00,5,182.0,0,2,6
2024-06-05 01:00:00,6,287.1,1,2,6
2024-06-05 02:00:00,6,354.0,2,2,6
2024-06-05 03:00:00,7,313.4,3,2,6
2024-06-05 04:00:00,5,220.89999999999998,4,2,6
2024-06-05 05:00:00,5,206.2,5,2,6
2024-06-05 06:00:00,20,834.2,6,2,6
2024-06-05 07:00:00,21,1011.2,7,2,6
2024-06-05 08:00:00,24,1138.8,8,2,6
2024-06-05 09:00:00,42,2002.7,9,2,6
2024-06-05 10:00:00,41,1918.5,10,2,6
2024-06-05 11:00:00,47,2012.3,11,2,6
2024-06-05 12:00:00,41,1831.1,12,2,6
2024-06-05 13:00:00,43,2065.7,13,2,6
2024-06-05 14:00:00,45,2075.3,14,2,6
2024-06-05 15:00:00,36,1638.4,15,2,6
2024-06-05 16:00:00,29,1401.3,16,2,6
2024-06-05 17:00:00,27,1180.9,17,2,6
2024-06-05 18:00:00,27,1404.3,18,2,6
2024-06-05 19:00:00,16,817.3,19,2,6
2024-06-05 20:00:00,13,650.3,20,2,6
2024-06-05 21:00:00,10,479.4,21,2,6
2024-06-05 22:00:00,7,325.4,22,2,6
2024-06-05 23:00:00,6,300.7,23,2,6
2024-06-06 00:00:00,5,207.3,0,3,6
2024-06-06 01:00:00,6,325.9,1,3,6
2024-06-06 02:00:00,3,93.5,2,3,6
2024-06-06 03:00:00,3,112.0,3,3,6
2024-06-06 04:00:00,9,391.1,4,3,6
2024-06-06 05:00:00,7,294.3,5,3,6
2024-06-06 06:00:00,14,643.5,6,3,6
2024-06-06 07:00:00,20,973.1,7,3,6
2024-06-06 08:00:00,22,1055.4,8,3,6
2024-06-06 09:00:00,42,2062.7,9,3,6
2024-06-06 10:00:00,44,1973.4,10,3,6
2024-06-06 11:00:00,42,1990.8,11,3,6
2024-06-06 12:00:00,55,2448.4,12,3,6
2024-06-06 13:00:00,42,1823.7,13,3,6
2024-06-06 14:00:00,30,1484.2,14,3,6
2024-06-06 15:00:00,14,701.6,15,3,6
2024-06-06 16:00:00,35,1721.6,16,3,6
2024-06-06 17:00:00,34,1505.2,17,3,6
2024-06-06 18:00:00,24,1039.5,18,3,6
2024-06-06 19:00:00,16,792.6,19,3,6
2024-06-06 20:00:00,16,794.6,20,3,6
2024-06-06 21:00:00,11,446.6,21,3,6
2024-06-06 22:00:00,2,110.8,22,3,6
2024-06-06 23:00:00,3,196.7,23,3,6
2024-06-07 00:00:00,7,300.4,0,4,6
2024-06-07 01:00:00,6,230.4,1,4,6
2024-06-07 02:00:00,8,376.2,2,4,6
2024-06-07 03:00:00,4,141.7,3,4,6
2024-06-07 04:00:00,6,268.9,4,4,6
2024-06-07 05:00:00,8,352.5,5,4,6
2024-06-07 06:00:00,16,914.9,6,4,6
2024-06-07 07:00:00,16,783.6,7,4,6
2024-06-07 08:00:00,28,1347.5,8,4,6
2024-06-07 09:00:00,31,1601.9,9,4,6
2024-06-07 10:00:00,39,1851.3,10,4,6
2024-06-07 11:00:00,45,1916.1,11,4,6
2024-06-07 12:00:00,42,1856.8,12,4,6
2024-06-07 13:00:00,49,2534.0,13,4,6
2024-06-07 14:00:00,50,2230.2,14,4,6
2024-06-07 15:00:00,41,1952.0,15,4,6
2024-06-07 16:00:00,38,1783.9,16,4,6
2024-06-07 17:00:00,30,1334.9,17,4,6
2024-06-07 18:00:00,32,1405.8,18,4,6
2024-06-07 19:00:00,16,832.9,19,4,6
2024-06-07 20:00:00,16,691.2,20,4,6
2024-06-07 21:00:00,13,514.3,21,4,6
2024-06-07 22:00:00,5,206.2,22,4,6
2024-06-07 23:00:00,3,115.5,23,4,6
2024-06-08 00:00:00,6,340.6,0,5,6
2024-06-08 01:00:00,4,163.4,1,5,6
2024-06-08 02:00:00,3,134.7,2,5,6
2024-06-08 03:00:00,0,0.0,3,5,6
2024-06-08 04:00:00,6,256.1,4,5,6
2024-06-08 05:00:00,10,426.8,5,5,6
2024-06-08 06:00:00,7,284.8,6,5,6
2024-06-08 07:00:00,13,573.9,7,5,6
2024-06-08 08:00:00,31,1373.3,8,5,6
2024-06-08 09:00:00,27,1249.1,9,5,6
2024-06-08 10:00:00,28,1362.5,10,5,6
2024-06-08 11:00:00,26,1137.9,11,5,6
2024-06-08 12:00:00,36,1657.3,12,5,6
2024-06-08 13:00:00,25,1176.0,13,5,6
2024-06-08 14:00:00,33,1696.7,14,5,6
2024-06-08 15:00:00,22,999.0,15,5,6
2024-06-08 16:00:00,20,997.4,16,5,6
2024-06-08 17:00:00,19,929.4,17,5,6
2024-06-08 18:00:00,14,680.8,18,5,6
2024-06-08 19:00:00,9,434.7,19,5,6
2024-06-08 20:00:00,11,500.5,20,5,6
2024-06-08 21:00:00,5,275.2,21,5,6
2024-06-08 22:00:00,3,103.6,22,5,6
2024-06-08 23:00:00,2,115.6,23,5,6
2024-06-09 00:00:00,2,84.2,0,6,6
2024-06-09 01:00:00,5,267.1,1,6,6
2024-06-09 02:00:00,1,34.1,2,6,6
2024-06-09 03:00:00,3,112.8,3,6,6
2024-06-09 04:00:00,3,172.89999999999998,4,6,6
2024-06-09 05:00:00,4,143.6,5,6,6
2024-06-09 06:00:00,12,588.8,6,6,6
2024-06-09 07:00:00,9,320.8,7,6,6
2024-06-09 08:00:00,21,950.3,8,6,6
2024-06-09 09:00:00,20,1035.1000000000001,9,6,6
2024-06-09 10:00:00,31,1422.1,10,6,6
2024-06-09 11:00:00,33,1732.7,11,6,6
2024-06-09 12:00:00,25,1121.8,12,6,6
2024-06-09 13:00:00,29,1271.4,13,6,6
2024-06-09 14:00:00,32,1489.2,14,6,6
2024-06-09 15:00:00,25,1097.5,15,6,6
2024-06-09 16:00:00,23,1135.2,16,6,6
2024-06-09 17:00:00,15,742.4,17,6,6
2024-06-09 18:00:00,17,792.7,18,6,6
2024-06-09 19:00:00,10,437.7,19,6,6
2024-06-09 20:00:00,15,752.1,20,6,6
2024-06-09 21:00:00,7,294.3,21,6,6
2024-06-09 22:00:00,5,193.8,22,6,6
2024-06-09 23:00:00,4,198.8,23,6,6
2024-06-10 00:00:00,7,249.7,0,0,6
2024-06-10 01:00:00,3,184.6,1,0,6
2024-06-10 02:00:00,8,290.3,2,0,6
2024-06-10 03:00:00,6,252.60000000000002,3,0,6
2024-06-10 04:00:00,4,181.5,4,0,6
2024-06-10 05:00:00,13,553.0,5,0,6
2024-06-10 06:00:00,13,592.6,6,0,6
2024-06-10 07:00:00,17,767.4,7,0,6
2024-06-10 08:00:00,31,1276.5,8,0,6
2024-06-10 09:00:00,44,2001.2,9,0,6
2024-06-10 10:00:00,33,1672.0,10,0,6
2024-06-10 11:00:00,37,1758.3,11,0,6
2024-06-10 12:00:00,45,2177.4,12,0,6
2024-06-10 13:00:00,39,1850.8,13,0,6
2024-06-10 14:00:00,36,1626.7,14,0,6
2024-06-10 15:00:00,39,1731.9,15,0,6
2024-06-10 16:00:00,35,1600.3,16,0,6
2024-06-10 17:00:00,30,1389.9,17,0,6
2024-06-10 18:00:00,18,802.1,18,0,6
2024-06-10 19:00:00,15,705.6,19,0,6
2024-06-10 20:00:00,15,635.3,20,0,6
2024-06-10 21:00:00,11,578.7,21,0,6
2024-06-10 22:00:00,6,283.5,22,0,6
2024-06-10 23:00:00,3,145.9,23,0,6
2024-06-11 00:00:00,6,224.39999999999998,0,1,6
2024-06-11 01:00:00,4,189.1,1,1,6
2024-06-11 02:00:00,8,353.2,2,1,6
2024-06-11 03:00:00,8,396.5,3,1,6
2024-06-11 04:00:00,2,135.8,4,1,6
2024-06-11 05:00:00,10,468.2,5,1,6
2024-06-11 06:00:00,13,572.8,6,1,6
2024-06-11 07:00:00,19,892.4,7,1,6
2024-06-11 08:00:00,34,1383.1,8,1,6
2024-06-11 09:00:00,30,1459.0,9,1,6
2024-06-11 10:00:00,45,2001.1,10,1,6
2024-06-11 11:00:00,40,1903.4,11,1,6
2024-06-11 12:00:00,29,1317.2,12,1,6
2024-06-11 13:00:00,34,1605.6,13,1,6
2024-06-11 14:00:00,32,1409.8,14,1,6
2024-06-11 15:00:00,35,1494.8,15,1,6
2024-06-11 16:00:00,15,722.2,16,1,6
2024-06-11 17:00:00,28,1243.9,17,1,6
2024-06-11 18:00:00,29,1513.0,18,1,6
2024-06-11 19:00:00,16,767.2,19,1,6
2024-06-11 20:00:00,12,513.3,20,1,6
2024-06-11 21:00:00,12,588.3,21,1,6
2024-06-11 22:00:00,2,102.80000000000001,22,1,6
2024-06-11 23:00:00,3,134.0,23,1,6
2024-06-12 00:00:00,3,93.9,0,2,6
2024-06-12 01:00:00,6,282.8,1,2,6
2024-06-12 02:00:00,6,238.0,2,2,6
2024-06-12 03:00:00,4,207.4,3,2,6
2024-06-12 04:00:00,5,278.9,4,2,6
2024-06-12 05:00:00,8,363.0,5,2,6
2024-06-12 06:00:00,4,151.2,6,2,6
2024-06-12 07:00:00,15,664.7,7,2,6
2024-06-12 08:00:00,24,1021.9,8,2,6
2024-06-12 09:00:00,48,2303.3,9,2,6
2024-06-12 10:00:00,34,1454.5,10,2,6
2024-06-12 11:00:00,34,1714.6,11,2,6
2024-06-12 12:00:00,30,1245.3,12,2,6
2024-06-12 13:00:00,45,2086.7,13,2,6
2024-06-12 14:00:00,37,1750.4,14,2,6
2024-06-12 15:00:00,47,2006.2,15,2,6
2024-06-12 16:00:00,37,1650.3,16,2,6
2024-06-12 17:00:00,29,1438.5,17,2,6
2024-06-12 18:00:00,27,1283.2,18,2,6
2024-06-12 19:00:00,14,658.2,19,2,6
2024-06-12 20:00:00,23,930.7,20,2,6
2024-06-12 21:00:00,10,482.6,21,2,6
2024-06-12 22:00:00,6,290.0,22,2,6
2024-06-12 23:00:00,6,270.5,23,2,6
2024-06-13 00:00:00,1,33.1,0,3,6
2024-06-13 01:00:00,6,280.0,1,3,6
2024-06-13 02:00:00,5,209.1,2,3,6
2024-06-13 03:00:00,6,253.3,3,3,6
2024-06-13 04:00:00,6,302.9,4,3,6
2024-06-13 05:00:00,8,358.2,5,3,6
2024-06-13 06:00:00,15,561.1,6,3,6
2024-06-13 07:00:00,13,566.5,7,3,6
2024-06-13 08:00:00,24,1184.6,8,3,6
2024-06-13 09:00:00,33,1563.2,9,3,6
2024-06-13 10:00:00,38,1887.1,10,3,6
2024-06-13 11:00:00,36,1896.7,11,3,6
2024-06-13 12:00:00,44,1967.0,12,3,6
2024-06-13 13:00:00,48,2218.7,13,3,6
2024-06-13 14:00:00,44,1956.7,14,3,6
2024-06-13 15:00:00,40,1982.6,15,3,6
2024-06-13 16:00:00,34,1741.6000000000001,16,3,6
2024-06-13 17:00:00,28,1270.9,17,3,6
2024-06-13 18:00:00,23,1089.9,18,3,6
2024-06-13 19:00:00,24,1119.3,19,3,6
2024-06-13 20:00:00,11,517.6,20,3,6
2024-06-13 21:00:00,6,224.5,21,3,6
2024-06-13 22:00:00,4,172.7,22,3,6
2024-06-13 23:00:00,3,96.6,23,3,6
2024-06-14 00:00:00,4,139.3,0,4,6
2024-06-14 01:00:00,4,138.6,1,4,6
2024-06-14 02:00:00,2,114.0,2,4,6
2024-06-14 03:00:00,3,167.3,3,4,6
2024-06-14 04:00:00,6,310.40000000000003,4,4,6
2024-06-14 05:00:00,8,400.0,5,4,6
2024-06-14 06:00:00,15,644.7,6,4,6
2024-06-14 07:00:00,17,873.0,7,4,6
2024-06-14 08:00:00,25,1116.8,8,4,6
2024-06-14 09:00:00,36,1713.7,9,4,6
2024-06-14 10:00:00,38,1729.4,10,4,6
2024-06-14 11:00:00,44,2042.8,11,4,6
2024-06-14 12:00:00,45,2035.6,12,4,6
2024-06-14 13:00:00,45,2036.6,13,4,6
2024-06-14 14:00:00,37,1761.5,14,4,6
2024-06-14 15:00:00,40,2043.5,15,4,6
2024-06-14 16:00:00,27,1376.8,16,4,6
2024-06-14 17:00:00,29,1321.1,17,4,6
2024-06-14 18:00:00,18,746.5,18,4,6
2024-06-14 19:00:00,20,921.3,19,4,6
2024-06-14 20:00:00,11,490.5,20,4,6
2024-06-14 21:00:00,6,362.3,21,4,6
2024-06-14 22:00:00,3,140.6,22,4,6
2024-06-14 23:00:00,7,297.1,23,4,6
2024-06-15 00:00:00,2,87.1,0,5,6
2024-06-15 01:00:00,3,161.3,1,5,6
2024-06-15 02:00:00,3,124.8,2,5,6
2024-06-15 03:00:00,4,211.8,3,5,6
2024-06-15 04:00:00,4,200.8,4,5,6
2024-06-15 05:00:00,5,250.9,5,5,6
2024-06-15 06:00:00,9,347.90000000000003,6,5,6
2024-06-15 07:00:00,9,423.1,7,5,6
2024-06-15 08:00:00,24,1155.7,8,5,6
2024-06-15 09:00:00,27,1297.3,9,5,6
2024-06-15 10:00:00,28,1333.3,10,5,6
2024-06-15 11:00:00,30,1405.9,11,5,6
2024-06-15 12:00:00,30,1450.4,12,5,6
2024-06-15 13:00:00,28,1352.0,13,5,6
2024-06-15 14:00:00,36,1745.4,14,5,6
2024-06-15 15:00:00,31,1350.8,15,5,6
2024-06-15 16:00:00,21,949.6,16,5,6
2024-06-15 17:00:00,26,1112.9,17,5,6
2024-06-15 18:00:00,22,1155.3,18,5,6
2024-06-15 19:00:00,15,678.0,19,5,6
2024-06-15 20:00:00,7,366.9,20,5,6
2024-06-15 21:00:00,7,376.7,21,5,6
2024-06-15 22:00:00,4,196.8,22,5,6
2024-06-15 23:00:00,4,152.8,23,5,6
2024-06-16 00:00:00,2,70.8,0,6,6
2024-06-16 01:00:00,6,246.6,1,6,6
2024-06-16 02:00:00,5,205.89999999999998,2,6,6
2024-06-16 03:00:00,1,50.3,3,6,6
2024-06-16 04:00:00,3,123.2,4,6,6
2024-06-16 05:00:00,7,339.6,5,6,6
2024-06-16 06:00:00,14,684.8,6,6,6
2024-06-16 07:00:00,15,701.0,7,6,6
2024-06-16 08:00:00,17,818.3,8,6,6
2024-06-16 09:00:00,24,1151.6,9,6,6
2024-06-16 10:00:00,26,1282.4,10,6,6
2024-06-16 11:00:00,28,1308.2,11,6,6
2024-06-16 12:00:00,27,1323.0,12,6,6
2024-06-16 13:00:00,29,1380.1,13,6,6
2024-06-16 14:00:00,31,1297.1000000000001,14,6,6
2024-06-16 15:00:00,29,1447.2,15,6,6
2024-06-16 16:00:00,18,829.5,16,6,6
2024-06-16 17:00:00,12,555.4,17,6,6
2024-06-16 18:00:00,22,1118.2,18,6,6
2024-06-16 19:00:00,15,839.0,19,6,6
2024-06-16 20:00:00,16,796.1,20,6,6
2024-06-16 21:00:00,8,446.20000000000005,21,6,6
2024-06-16 22:00:00,5,295.4,22,6,6
2024-06-16 23:00:00,8,363.7,23,6,6
2024-06-17 00:00:00,3,183.3,0,0,6
2024-06-17 01:00:00,5,246.8,1,0,6
2024-06-17 02:00:00,5,266.3,2,0,6
2024-06-17 03:00:00,5,246.4,3,0,6
2024-06-17 04:00:00,5,233.0,4,0,6
2024-06-17 05:00:00,9,351.1,5,0,6
2024-06-17 06:00:00,10,491.5,6,0,6
2024-06-17 07:00:00,17,813.9,7,0,6
2024-06-17 08:00:00,29,1381.4,8,0,6
2024-06-17 09:00:00,33,1546.6,9,0,6
2024-06-17 10:00:00,31,1501.1000000000001,10,0,6
2024-06-17 11:00:00,42,1947.7,11,0,6
2024-06-17 12:00:00,36,1605.7,12,0,6
2024-06-17 13:00:00,53,2536.0,13,0,6
2024-06-17 14:00:00,32,1539.4,14,0,6
2024-06-17 15:00:00,38,1912.8,15,0,6
2024-06-17 16:00:00,41,1919.1,16,0,6
2024-06-17 17:00:00,16,734.4,17,0,6
2024-06-17 18:00:00,14,659.4,18,0,6
2024-06-17 19:00:00,18,800.6999999999999,19,0,6
2024-06-17 20:00:00,15,571.2,20,0,6
2024-06-17 21:00:00,11,642.8,21,0,6
2024-06-17 22:00:00,3,106.5,22,0,6
2024-06-17 23:00:00,3,138.4,23,0,6
2024-06-18 00:00:00,5,215.7,0,1,6
2024-06-18 01:00:00,5,209.70000000000002,1,1,6
2024-06-18 02:00:00,5,255.60000000000002,2,1,6
2024-06-18 03:00:00,4,181.0,3,1,6
2024-06-18 04:00:00,3,122.2,4,1,6
2024-06-18 05:00:00,11,550.3,5,1,6
2024-06-18 06:00:00,17,729.7,6,1,6
2024-06-18 07:00:00,21,952.2,7,1,6
2024-06-18 08:00:00,34,1508.0,8,1,6
2024-06-18 09:00:00,32,1565.8,9,1,6
2024-06-18 10:00:00,40,1963.0,10,1,6
2024-06-18 11:00:00,34,1632.6,11,1,6
2024-06-18 12:00:00,41,1973.2,12,1,6
2024-06-18 13:00:00,35,1647.3,13,1,6
2024-06-18 14:00:00,36,1968.1,14,1,6
2024-06-18 15:00:00,39,1803.7,15,1,6
2024-06-18 16:00:00,33,1585.4,16,1,6
2024-06-18 17:00:00,24,1193.8,17,1,6
2024-06-18 18:00:00,19,872.0,18,1,6
2024-06-18 19:00:00,19,800.5,19,1,6
2024-06-18 20:00:00,13,606.4,20,1,6
2024-06-18 21:00:00,6,308.6,21,1,6
2024-06-18 22:00:00,4,160.8,22,1,6
2024-06-18 23:00:00,7,267.1,23,1,6
2024-06-19 00:00:00,2,80.69999999999999,0,2,6
2024-06-19 01:00:00,4,142.1,1,2,6
2024-06-19 02:00:00,7,289.8,2,2,6
2024-06-19 03:00:00,6,259.0,3,2,6
2024-06-19 04:00:00,4,181.7,4,2,6
2024-06-19 05:00:00,12,568.1,5,2,6
2024-06-19 06:00:00,10,466.7,6,2,6
2024-06-19 07:00:00,24,1050.3,7,2,6
2024-06-19 08:00:00,27,1361.8,8,2,6
2024-06-19 09:00:00,30,1171.9,9,2,6
2024-06-19 10:00:00,37,1612.5,10,2,6
2024-06-19 11:00:00,33,1523.7,11,2,6
2024-06-19 12:00:00,36,1603.5,12,2,6
2024-06-19 13:00:00,42,1865.9,13,2,6
2024-06-19 14:00:00,38,1846.9,14,2,6
2024-06-19 15:00:00,33,1566.7,15,2,6
2024-06-19 16:00:00,27,1313.6,16,2,6
2024-06-19 17:00:00,27,1172.4,17,2,6
2024-06-19 18:00:00,24,1126.3,18,2,6
2024-06-19 19:00:00,19,842.6,19,2,6
2024-06-19 20:00:00,19,844.8,20,2,6
2024-06-19 21:00:00,7,298.4,21,2,6
2024-06-19 22:00:00,4,196.8,22,2,6
2024-06-19 23:00:00,8,347.3,23,2,6
2024-06-20 00:00:00,2,109.10000000000001,0,3,6
2024-06-20 01:00:00,5,216.8,1,3,6
2024-06-20 02:00:00,1,50.3,2,3,6
2024-06-20 03:00:00,5,162.7,3,3,6
2024-06-20 04:00:00,3,141.1,4,3,6
2024-06-20 05:00:00,14,615.8,5,3,6
2024-06-20 06:00:00,10,387.7,6,3,6
2024-06-20 07:00:00,22,1140.0,7,3,6
2024-06-20 08:00:00,35,1475.6,8,3,6
2024-06-20 09:00:00,36,1959.1,9,3,6
2024-06-20 10:00:00,38,1734.3,10,3,6
2024-06-20 11:00:00,36,1667.6,11,3,6
2024-06-20 12:00:00,39,1826.7,12,3,6
2024-06-20 13:00:00,36,1749.5,13,3,6
2024-06-20 14:00:00,49,2516.0,14,3,6
2024-06-20 15:00:00,38,1921.3,15,3,6
2024-06-20 16:00:00,34,1540.0,16,3,6
2024-06-20 17:00:00,36,1563.0,17,3,6
2024-06-20 18:00:00,23,1052.4,18,3,6
2024-06-20 19:00:00,22,1118.2,19,3,6
2024-06-20 20:00:00,7,369.8,20,3,6
2024-06-20 21:00:00,10,518.0,21,3,6
2024-06-20 22:00:00,2,82.2,22,3,6
2024-06-20 23:00:00,5,173.1,23,3,6
2024-06-21 00:00:00,3,140.9,0,4,6
2024-06-21 01:00:00,3,94.7,1,4,6
2024-06-21 02:00:00,4,229.8,2,4,6
2024-06-21 03:00:00,9,505.40000000000003,3,4,6
2024-06-21 04:00:00,8,368.09999999999997,4,4,6
2024-06-21 05:00:00,7,301.8,5,4,6
2024-06-21 06:00:00,12,561.8,6,4,6
2024-06-21 07:00:00,19,802.1999999999999,7,4,6
2024-06-21 08:00:00,26,1238.4,8,4,6
2024-06-21 09:00:00,50,2182.7,9,4,6
2024-06-21 10:00:00,37,1807.7,10,4,6
2024-06-21 11:00:00,35,1752.1,11,4,6
2024-06-21 12:00:00,38,1825.3,12,4,6
2024-06-21 13:00:00,45,2122.0,13,4,6
2024-06-21 14:00:00,43,2009.4,14,4,6
2024-06-21 15:00:00,38,1735.3,15,4,6
2024-06-21 16:00:00,26,1273.3,16,4,6
2024-06-21 17:00:00,25,1109.2,17,4,6
2024-06-21 18:00:00,26,1319.2,18,4,6
2024-06-21 19:00:00,14,809.9,19,4,6
2024-06-21 20:00:00,12,660.6,20,4,6
2024-06-21 21:00:00,8,427.9,21,4,6
2024-06-21 22:00:00,7,322.4,22,4,6
2024-06-21 23:00:00,6,302.20000000000005,23,4,6
2024-06-22 00:00:00,6,333.6,0,5,6
2024-06-22 01:00:00,3,149.8,1,5,6
2024-06-22 02:00:00,2,60.6,2,5,6
2024-06-22 03:00:00,3,170.60000000000002,3,5,6
2024-06-22 04:00:00,1,44.2,4,5,6
2024-06-22 05:00:00,9,445.0,5,5,6
2024-06-22 06:00:00,7,287.9,6,5,6
2024-06-22 07:00:00,16,823.5,7,5,6
2024-06-22 08:00:00,24,1056.3,8,5,6
2024-06-22 09:00:00,26,1127.9,9,5,6
2024-06-22 10:00:00,23,1228.4,10,5,6
2024-06-22 11:00:00,22,1017.0,11,5,6
2024-06-22 12:00:00,35,1597.7,12,5,6
2024-06-22 13:00:00,23,949.1,13,5,6
2024-06-22 14:00:00,36,1743.8,14,5,6
2024-06-22 15:00:00,33,1539.7,15,5,6
2024-06-22 16:00:00,27,1171.0,16,5,6
2024-06-22 17:00:00,25,1182.5,17,5,6
2024-06-22 18:00:00,13,573.7,18,5,6
2024-06-22 19:00:00,15,637.4,19,5,6
2024-06-22 20:00:00,12,530.3,20,5,6
2024-06-22 21:00:00,6,252.8,21,5,6
2024-06-22 22:00:00,3,99.2,22,5,6
2024-06-22 23:00:00,2,71.1,23,5,6
2024-06-23 00:00:00,3,114.1,0,6,6
2024-06-23 01:00:00,1,35.4,1,6,6
2024-06-23 02:00:00,5,260.4,2,6,6
2024-06-23 03:00:00,3,154.2,3,6,6
2024-06-23 04:00:00,2,160.0,4,6,6
2024-06-23 05:00:00,6,235.6,5,6,6
2024-06-23 06:00:00,11,637.2,6,6,6
2024-06-23 07:00:00,14,588.2,7,6,6
2024-06-23 08:00:00,14,540.1,8,6,6
2024-06-23 09:00:00,32,1579.3,9,6,6
2024-06-23 10:00:00,27,1086.5,10,6,6
2024-06-23 11:00:00,25,1212.8,11,6,6
2024-06-23 12:00:00,33,1495.9,12,6,6
2024-06-23 13:00:00,28,1289.2,13,6,6
2024-06-23 14:00:00,25,1069.8,14,6,6
2024-06-23 15:00:00,32,1491.4,15,6,6
2024-06-23 16:00:00,32,1381.0,16,6,6
2024-06-23 17:00:00,14,680.8,17,6,6
2024-06-23 18:00:00,24,1027.5,18,6,6
2024-06-23 19:00:00,14,643.3,19,6,6
2024-06-23 20:00:00,8,347.2,20,6,6
2024-06-23 21:00:00,11,650.0,21,6,6
2024-06-23 22:00:00,3,119.0,22,6,6
2024-06-23 23:00:00,2,54.0,23,6,6
2024-06-24 00:00:00,4,211.8,0,0,6
2024-06-24 01:00:00,4,173.6,1,0,6
2024-06-24 02:00:00,2,109.7,2,0,6
2024-06-24 03:00:00,5,248.7,3,0,6
2024-06-24 04:00:00,5,212.10000000000002,4,0,6
2024-06-24 05:00:00,15,610.0,5,0,6
2024-06-24 06:00:00,16,801.7,6,0,6
2024-06-24 07:00:00,24,1252.9,7,0,6
2024-06-24 08:00:00,14,625.5,8,0,6
2024-06-24 09:00:00,49,2285.0,9,0,6
2024-06-24 10:00:00,43,2026.7,10,0,6
2024-06-24 11:00:00,42,2150.1,11,0,6
2024-06-24 12:00:00,41,1925.8,12,0,6
2024-06-24 13:00:00,39,1692.1,13,0,6
2024-06-24 14:00:00,38,1863.4,14,0,6
2024-06-24 15:00:00,47,2263.1,15,0,6
2024-06-24 16:00:00,32,1506.7,16,0,6
2024-06-24 17:00:00,21,822.4,17,0,6
2024-06-24 18:00:00,23,1239.6,18,0,6
2024-06-24 19:00:00,21,983.0,19,0,6
2024-06-24 20:00:00,12,586.4,20,0,6
2024-06-24 21:00:00,5,225.39999999999998,21,0,6
2024-06-24 22:00:00,6,285.6,22,0,6
2024-06-24 23:00:00,1,50.0,23,0,6
2024-06-25 00:00:00,5,180.1,0,1,6
2024-06-25 01:00:00,6,242.3,1,1,6
2024-06-25 02:00:00,6,288.3,2,1,6
2024-06-25 03:00:00,7,285.3,3,1,6
2024-06-25 04:00:00,3,161.1,4,1,6
2024-06-25 05:00:00,9,432.1,5,1,6
2024-06-25 06:00:00,14,583.2,6,1,6
2024-06-25 07:00:00,18,832.5,7,1,6
2024-06-25 08:00:00,30,1219.1,8,1,6
2024-06-25 09:00:00,42,1816.5,9,1,6
2024-06-25 10:00:00,30,1334.6,10,1,6
2024-06-25 11:00:00,43,1942.3999999999999,11,1,6
2024-06-25 12:00:00,38,1824.7,12,1,6
2024-06-25 13:00:00,39,2117.2,13,1,6
2024-06-25 14:00:00,45,2200.6,14,1,6
2024-06-25 15:00:00,33,1658.3,15,1,6
2024-06-25 16:00:00,24,1130.3,16,1,6
2024-06-25 17:00:00,28,1253.8,17,1,6
2024-06-25 18:00:00,21,1028.7,18,1,6
2024-06-25 19:00:00,14,596.5,19,1,6
2024-06-25 20:00:00,12,562.5,20,1,6
2024-06-25 21:00:00,13,580.9,21,1,6
2024-06-25 22:00:00,3,160.3,22,1,6
2024-06-25 23:00:00,4,150.7,23,1,6
2024-06-26 00:00:00,2,81.80000000000001,0,2,6
2024-06-26 01:00:00,2,72.7,1,2,6
2024-06-26 02:00:00,3,111.1,2,2,6
2024-06-26 03:00:00,6,280.4,3,2,6
2024-06-26 04:00:00,3,123.6,4,2,6
2024-06-26 05:00:00,10,495.0,5,2,6
2024-06-26 06:00:00,8,395.8,6,2,6
2024-06-26 07:00:00,15,676.3,7,2,6
2024-06-26 08:00:00,24,1048.4,8,2,6
2024-06-26 09:00:00,40,1748.0,9,2,6
2024-06-26 10:00:00,39,1736.4,10,2,6
2024-06-26 11:00:00,39,1937.3,11,2,6
2024-06-26 12:00:00,42,1830.6,12,2,6
2024-06-26 13:00:00,46,2209.9,13,2,6
2024-06-26 14:00:00,47,2241.0,14,2,6
2024-06-26 15:00:00,31,1351.4,15,2,6
2024-06-26 16:00:00,29,1466.5,16,2,6
2024-06-26 17:00:00,18,702.3,17,2,6
2024-06-26 18:00:00,23,1058.3,18,2,6
2024-06-26 19:00:00,16,656.9,19,2,6
2024-06-26 20:00:00,10,476.3,20,2,6
2024-06-26 21:00:00,9,473.40000000000003,21,2,6
2024-06-26 22:00:00,5,220.1,22,2,6
2024-06-26 23:00:00,4,174.6,23,2,6
2024-06-27 00:00:00,4,138.0,0,3,6
2024-06-27 01:00:00,5,212.10000000000002,1,3,6
2024-06-27 02:00:00,7,373.0,2,3,6
2024-06-27 03:00:00,11,468.4,3,3,6
2024-06-27 04:00:00,2,90.9,4,3,6
2024-06-27 05:00:00,14,603.4,5,3,6
2024-06-27 06:00:00,9,472.0,6,3,6
2024-06-27 07:00:00,18,745.7,7,3,6
2024-06-27 08:00:00,33,1533.5,8,3,6
2024-06-27 09:00:00,30,1338.1,9,3,6
2024-06-27 10:00:00,33,1566.2,10,3,6
2024-06-27 11:00:00,30,1276.9,11,3,6
2024-06-27 12:00:00,42,1841.0,12,3,6
2024-06-27 13:00:00,37,1621.6,13,3,6
2024-06-27 14:00:00,41,1774.7,14,3,6
2024-06-27 15:00:00,35,1757.5,15,3,6
2024-06-27 16:00:00,38,1835.8,16,3,6
2024-06-27 17:00:00,24,1077.5,17,3,6
2024-06-27 18:00:00,19,769.2,18,3,6
2024-06-27 19:00:00,15,675.5,19,3,6
2024-06-27 20:00:00,16,575.0,20,3,6
2024-06-27 21:00:00,13,593.4,21,3,6
2024-06-27 22:00:00,7,312.3,22,3,6
2024-06-27 23:00:00,4,141.2,23,3,6
2024-06-28 00:00:00,6,268.4,0,4,6
2024-06-28 01:00:00,4,302.7,1,4,6
2024-06-28 02:00:00,5,182.3,2,4,6
2024-06-28 03:00:00,2,65.8,3,4,6
2024-06-28 04:00:00,1,43.1,4,4,6
2024-06-28 05:00:00,5,197.8,5,4,6
2024-06-28 06:00:00,14,606.8,6,4,6
2024-06-28 07:00:00,15,743.1,7,4,6
2024-06-28 08:00:00,32,1427.6,8,4,6
2024-06-28 09:00:00,30,1380.8,9,4,6
2024-06-28 10:00:00,36,1706.0,10,4,6
2024-06-28 11:00:00,45,2087.7,11,4,6
2024-06-28 12:00:00,40,1752.6,12,4,6
2024-06-28 13:00:00,34,1747.1000000000001,13,4,6
2024-06-28 14:00:00,41,1835.9,14,4,6
2024-06-28 15:00:00,41,2085.0,15,4,6
2024-06-28 16:00:00,29,1323.5,16,4,6
2024-06-28 17:00:00,22,1129.0,17,4,6
2024-06-28 18:00:00,29,1387.3,18,4,6
2024-06-28 19:00:00,16,686.2,19,4,6
2024-06-28 20:00:00,11,500.7,20,4,6
2024-06-28 21:00:00,12,576.6,21,4,6
2024-06-28 22:00:00,5,182.1,22,4,6
2024-06-28 23:00:00,8,356.1,23,4,6
2024-06-29 00:00:00,5,250.7,0,5,6
2024-06-29 01:00:00,2,64.2,1,5,6
2024-06-29 02:00:00,3,132.79999999999998,2,5,6
2024-06-29 03:00:00,2,77.80000000000001,3,5,6
2024-06-29 04:00:00,3,156.39999999999998,4,5,6
2024-06-29 05:00:00,8,337.6,5,5,6
2024-06-29 06:00:00,6,281.4,6,5,6
2024-06-29 07:00:00,18,824.2,7,5,6
2024-06-29 08:00:00,22,959.5,8,5,6
2024-06-29 09:00:00,25,1235.1,9,5,6
2024-06-29 10:00:00,40,1950.1,10,5,6
2024-06-29 11:00:00,35,1438.1,11,5,6
2024-06-29 12:00:00,29,1269.5,12,5,6
2024-06-29 13:00:00,38,1864.7,13,5,6
2024-06-29 14:00:00,34,1395.1,14,5,6
2024-06-29 15:00:00,21,1088.8,15,5,6
2024-06-29 16:00:00,19,835.3,16,5,6
2024-06-29 17:00:00,23,1058.9,17,5,6
2024-06-29 18:00:00,17,800.6,18,5,6
2024-06-29 19:00:00,11,619.4,19,5,6
2024-06-29 20:00:00,6,326.8,20,5,6
2024-06-29 21:00:00,6,296.9,21,5,6
2024-06-29 22:00:00,4,147.7,22,5,6
2024-06-29 23:00:00,0,0.0,23,5,6
2024-06-30 00:00:00,6,334.1,0,6,6
2024-06-30 01:00:00,8,404.5,1,6,6
2024-06-30 02:00:00,4,168.4,2,6,6
2024-06-30 03:00:00,1,73.9,3,6,6
2024-06-30 04:00:00,3,181.2,4,6,6
2024-06-30 05:00:00,7,329.0,5,6,6
2024-06-30 06:00:00,14,736.3,6,6,6
2024-06-30 07:00:00,20,1005.4,7,6,6
2024-06-30 08:00:00,23,991.7,8,6,6
2024-06-30 09:00:00,21,802.0,9,6,6
2024-06-30 10:00:00,25,1210.7,10,6,6
2024-06-30 11:00:00,29,1320.3,11,6,6
2024-06-30 12:00:00,29,1287.2,12,6,6
2024-06-30 13:00:00,22,1027.0,13,6,6
2024-06-30 14:00:00,25,1345.5,14,6,6
2024-06-30 15:00:00,25,1301.7,15,6,6
2024-06-30 16:00:00,24,1115.0,16,6,6
2024-06-30 17:00:00,18,847.7,17,6,6
2024-06-30 18:00:00,14,679.4,18,6,6
2024-06-30 19:00:00,17,757.3000000000001,19,6,6
2024-06-30 20:00:00,11,466.0,20,6,6
2024-06-30 21:00:00,11,515.1,21,6,6
2024-06-30 22:00:00,1,45.2,22,6,6
2024-06-30 23:00:00,3,144.4,23,6,6
2024-07-01 00:00:00,9,454.5,0,0,7
2024-07-01 01:00:00,3,136.1,1,0,7
2024-07-01 02:00:00,5,277.1,2,0,7
2024-07-01 03:00:00,3,160.1,3,0,7
2024-07-01 04:00:00,3,100.3,4,0,7
2024-07-01 05:00:00,12,547.4,5,0,7
2024-07-01 06:00:00,13,687.7,6,0,7
2024-07-01 07:00:00,11,525.4,7,0,7
2024-07-01 08:00:00,26,1142.6,8,0,7
2024-07-01 09:00:00,31,1661.6,9,0,7
2024-07-01 10:00:00,38,1551.3,10,0,7
2024-07-01 11:00:00,40,1776.0,11,0,7
2024-07-01 12:00:00,49,2366.6,12,0,7
2024-07-01 13:00:00,44,2134.6,13,0,7
2024-07-01 14:00:00,40,1988.3,14,0,7
2024-07-01 15:00:00,40,1855.1000000000001,15,0,7
2024-07-01 16:00:00,32,1485.6,16,0,7
2024-07-01 17:00:00,28,1341.4,17,0,7
2024-07-01 18:00:00,14,711.5,18,0,7
2024-07-01 19:00:00,16,844.5,19,0,7
2024-07-01 20:00:00,16,782.0,20,0,7
2024-07-01 21:00:00,7,291.4,21,0,7
2024-07-01 22:00:00,5,206.1,22,0,7
2024-07-01 23:00:00,5,168.2,23,0,7
2024-07-02 00:00:00,3,183.4,0,1,7
2024-07-02 01:00:00,0,0.0,1,1,7
2024-07-02 02:00:00,5,299.9,2,1,7
2024-07-02 03:00:00,3,132.0,3,1,7
2024-07-02 04:00:00,3,185.8,4,1,7
2024-07-02 05:00:00,4,229.1,5,1,7
2024-07-02 06:00:00,12,581.5,6,1,7
2024-07-02 07:00:00,15,649.0,7,1,7
2024-07-02 08:00:00,28,1314.8,8,1,7
2024-07-02 09:00:00,40,2009.3,9,1,7
2024-07-02 10:00:00,40,1908.8,10,1,7
2024-07-02 11:00:00,40,1849.9,11,1,7
2024-07-02 12:00:00,39,1651.4,12,1,7
2024-07-02 13:00:00,45,2207.9,13,1,7
2024-07-02 14:00:00,33,1571.1,14,1,7
2024-07-02 15:00:00,41,2037.0,15,1,7
2024-07-02 16:00:00,22,963.9,16,1,7
2024-07-02 17:00:00,31,1266.5,17,1,7
2024-07-02 18:00:00,25,1129.1,18,1,7
2024-07-02 19:00:00,12,505.3,19,1,7
2024-07-02 20:00:00,12,554.1,20,1,7
2024-07-02 21:00:00,5,220.4,21,1,7
2024-07-02 22:00:00,2,80.0,22,1,7
2024-07-02 23:00:00,2,112.7,23,1,7
2024-07-03 00:00:00,4,157.7,0,2,7
2024-07-03 01:00:00,7,281.4,1,2,7
2024-07-03 02:00:00,2,82.2,2,2,7
2024-07-03 03:00:00,3,136.8,3,2,7
2024-07-03 04:00:00,5,231.1,4,2,7
2024-07-03 05:00:00,12,673.4,5,2,7
2024-07-03 06:00:00,14,641.7,6,2,7
2024-07-03 07:00:00,22,1032.5,7,2,7
2024-07-03 08:00:00,26,1195.8,8,2,7
2024-07-03 09:00:00,39,1780.1,9,2,7
2024-07-03 10:00:00,39,1651.0,10,2,7
2024-07-03 11:00:00,40,1970.8,11,2,7
2024-07-03 12:00:00,41,1856.9,12,2,7
2024-07-03 13:00:00,37,1899.9,13,2,7
2024-07-03 14:00:00,42,2002.7,14,2,7
2024-07-03 15:00:00,34,1713.9,15,2,7
2024-07-03 16:00:00,33,1563.0,16,2,7
2024-07-03 17:00:00,36,1464.3,17,2,7
2024-07-03 18:00:00,27,1136.0,18,2,7
2024-07-03 19:00:00,14,639.2,19,2,7
2024-07-03 20:00:00,9,332.3,20,2,7
2024-07-03 21:00:00,11,537.1,21,2,7
2024-07-03 22:00:00,4,201.3,22,2,7
2024-07-03 23:00:00,10,412.3,23,2,7
2024-07-04 00:00:00,4,206.4,0,3,7
2024-07-04 01:00:00,6,259.1,1,3,7
2024-07-04 02:00:00,4,210.9,2,3,7
2024-07-04 03:00:00,6,297.2,3,3,7
2024-07-04 04:00:00,7,408.8,4,3,7
2024-07-04 05:00:00,5,224.0,5,3,7
2024-07-04 06:00:00,18,855.6,6,3,7
2024-07-04 07:00:00,17,754.9,7,3,7
2024-07-04 08:00:00,34,1662.2,8,3,7
2024-07-04 09:00:00,31,1533.0,9,3,7
2024-07-04 10:00:00,37,1916.2,10,3,7
2024-07-04 11:00:00,41,1875.5,11,3,7
2024-07-04 12:00:00,35,1521.2,12,3,7
2024-07-04 13:00:00,39,1820.2,13,3,7
2024-07-04 14:00:00,32,1413.4,14,3,7
2024-07-04 15:00:00,29,1438.1,15,3,7
2024-07-04 16:00:00,43,1871.0,16,3,7
2024-07-04 17:00:00,29,1476.6,17,3,7
2024-07-04 18:00:00,17,759.9,18,3,7
2024-07-04 19:00:00,25,1017.2,19,3,7
2024-07-04 20:00:00,16,883.7,20,3,7
2024-07-04 21:00:00,6,266.0,21,3,7
2024-07-04 22:00:00,4,183.6,22,3,7
2024-07-04 23:00:00,2,62.300000000000004,23,3,7
2024-07-05 00:00:00,9,451.5,0,4,7
2024-07-05 01:00:00,4,129.1,1,4,7
2024-07-05 02:00:00,1,32.1,2,4,7
2024-07-05 03:00:00,4,136.3,3,4,7
2024-07-05 04:00:00,4,218.1,4,4,7
2024-07-05 05:00:00,11,476.3,5,4,7
2024-07-05 06:00:00,8,401.6,6,4,7
2024-07-05 07:00:00,23,1160.7,7,4,7
2024-07-05 08:00:00,21,1014.5,8,4,7
2024-07-05 09:00:00,30,1473.5,9,4,7
2024-07-05 10:00:00,46,2053.0,10,4,7
2024-07-05 11:00:00,41,1727.7,11,4,7
2024-07-05 12:00:00,50,2483.8,12,4,7
2024-07-05 13:00:00,41,1710.4,13,4,7
2024-07-05 14:00:00,42,1916.7,14,4,7
2024-07-05 15:00:00,41,1761.6000000000001,15,4,7
2024-07-05 16:00:00,27,1170.0,16,4,7
2024-07-05 17:00:00,30,1353.4,17,4,7
2024-07-05 18:00:00,19,848.8,18,4,7
2024-07-05 19:00:00,17,708.4,19,4,7
2024-07-05 20:00:00,18,757.4,20,4,7
2024-07-05 21:00:00,8,401.8,21,4,7
2024-07-05 22:00:00,6,202.39999999999998,22,4,7
2024-07-05 23:00:00,4,195.9,23,4,7
2024-07-06 00:00:00,4,158.7,0,5,7
2024-07-06 01:00:00,6,258.1,1,5,7
2024-07-06 02:00:00,2,90.4,2,5,7
2024-07-06 03:00:00,4,160.2,3,5,7
2024-07-06 04:00:00,5,292.2,4,5,7
2024-07-06 05:00:00,12,555.4,5,5,7
2024-07-06 06:00:00,7,340.1,6,5,7
2024-07-06 07:00:00,9,375.3,7,5,7
2024-07-06 08:00:00,16,726.1,8,5,7
2024-07-06 09:00:00,30,1609.3,9,5,7
2024-07-06 10:00:00,36,1547.2,10,5,7
2024-07-06 11:00:00,31,1431.5,11,5,7
2024-07-06 12:00:00,28,1252.2,12,5,7
2024-07-06 13:00:00,27,1204.0,13,5,7
2024-07-06 14:00:00,26,1150.2,14,5,7
2024-07-06 15:00:00,37,1770.1,15,5,7
2024-07-06 16:00:00,24,1004.8,16,5,7
2024-07-06 17:00:00,19,938.8000000000001,17,5,7
2024-07-06 18:00:00,17,767.2,18,5,7
2024-07-06 19:00:00,12,697.1,19,5,7
2024-07-06 20:00:00,9,451.8,20,5,7
2024-07-06 21:00:00,8,393.9,21,5,7
2024-07-06 22:00:00,4,132.2,22,5,7
2024-07-06 23:00:00,1,36.4,23,5,7
2024-07-07 00:00:00,3,136.5,0,6,7
2024-07-07 01:00:00,2,122.4,1,6,7
2024-07-07 02:00:00,2,62.8,2,6,7
2024-07-07 03:00:00,3,111.3,3,6,7
2024-07-07 04:00:00,6,286.0,4,6,7
2024-07-07 05:00:00,7,353.9,5,6,7
2024-07-07 06:00:00,14,694.9,6,6,7
2024-07-07 07:00:00,16,762.2,7,6,7
2024-07-07 08:00:00,19,846.6,8,6,7
2024-07-07 09:00:00,35,1666.7,9,6,7
2024-07-07 10:00:00,25,1365.5,10,6,7
2024-07-07 11:00:00,30,1446.1,11,6,7
2024-07-07 12:00:00,37,1730.9,12,6,7
2024-07-07 13:00:00,24,1099.3,13,6,7
2024-07-07 14:00:00,26,1228.4,14,6,7
2024-07-07 15:00:00,26,1213.3,15,6,7
2024-07-07 16:00:00,24,1043.9,16,6,7
2024-07-07 17:00:00,22,1031.4,17,6,7
2024-07-07 18:00:00,19,799.1,18,6,7
2024-07-07 19:00:00,8,397.2,19,6,7
2024-07-07 20:00:00,12,570.4,20,6,7
2024-07-07 21:00:00,5,255.60000000000002,21,6,7
2024-07-07 22:00:00,3,194.0,22,6,7
2024-07-07 23:00:00,1,49.8,23,6,7
2024-07-08 00:00:00,2,115.5,0,0,7
2024-07-08 01:00:00,5,173.1,1,0,7
2024-07-08 02:00:00,3,134.6,2,0,7
2024-07-08 03:00:00,2,113.5,3,0,7
2024-07-08 04:00:00,3,152.6,4,0,7
2024-07-08 05:00:00,13,558.7,5,0,7
2024-07-08 06:00:00,12,543.9,6,0,7
2024-07-08 07:00:00,11,485.9,7,0,7
2024-07-08 08:00:00,33,1652.2,8,0,7
2024-07-08 09:00:00,34,1577.7,9,0,7
2024-07-08 10:00:00,52,2349.5,10,0,7
2024-07-08 11:00:00,38,1682.7,11,0,7
2024-07-08 12:00:00,38,1672.7,12,0,7
2024-07-08 13:00:00,42,2075.4,13,0,7
2024-07-08 14:00:00,49,2329.0,14,0,7
2024-07-08 15:00:00,33,1619.7,15,0,7
2024-07-08 16:00:00,39,1744.0,16,0,7
2024-07-08 17:00:00,21,922.3,17,0,7
2024-07-08 18:00:00,15,838.3,18,0,7
2024-07-08 19:00:00,19,952.1,19,0,7
2024-07-08 20:00:00,16,878.7,20,0,7
2024-07-08 21:00:00,7,297.1,21,0,7
2024-07-08 22:00:00,4,197.8,22,0,7
2024-07-08 23:00:00,5,247.7,23,0,7
2024-07-09 00:00:00,3,106.3,0,1,7
2024-07-09 01:00:00,6,315.2,1,1,7
2024-07-09 02:00:00,3,153.2,2,1,7
2024-07-09 03:00:00,3,169.8,3,1,7
2024-07-09 04:00:00,5,276.1,4,1,7
2024-07-09 05:00:00,6,241.5,5,1,7
2024-07-09 06:00:00,10,492.59999999999997,6,1,7
2024-07-09 07:00:00,15,744.6,7,1,7
2024-07-09 08:00:00,14,687.9,8,1,7
2024-07-09 09:00:00,32,1370.0,9,1,7
2024-07-09 10:00:00,42,1769.6,10,1,7
2024-07-09 11:00:00,37,1624.2,11,1,7
2024-07-09 12:00:00,39,1775.4,12,1,7
2024-07-09 13:00:00,52,2220.7,13,1,7
2024-07-09 14:00:00,41,1856.8,14,1,7
2024-07-09 15:00:00,35,1546.2,15,1,7
2024-07-09 16:00:00,42,1800.5,16,1,7
2024-07-09 17:00:00,25,1135.3,17,1,7
2024-07-09 18:00:00,25,963.3,18,1,7
2024-07-09 19:00:00,19,880.2,19,1,7
2024-07-09 20:00:00,11,411.6,20,1,7
2024-07-09 21:00:00,6,275.2,21,1,7
2024-07-09 22:00:00,3,177.4,22,1,7
2024-07-09 23:00:00,5,262.4,23,1,7
2024-07-10 00:00:00,8,339.6,0,2,7
2024-07-10 01:00:00,5,243.3,1,2,7
2024-07-10 02:00:00,5,276.0,2,2,7
2024-07-10 03:00:00,0,0.0,3,2,7
2024-07-10 04:00:00,6,298.4,4,2,7
2024-07-10 05:00:00,8,423.3,5,2,7
2024-07-10 06:00:00,5,204.0,6,2,7
2024-07-10 07:00:00,20,866.3,7,2,7
2024-07-10 08:00:00,29,1244.6,8,2,7
2024-07-10 09:00:00,34,1591.0,9,2,7
2024-07-10 10:00:00,44,2043.9,10,2,7
2024-07-10 11:00:00,45,2138.8,11,2,7
2024-07-10 12:00:00,37,1649.3,12,2,7
2024-07-10 13:00:00,39,2010.8,13,2,7
2024-07-10 14:00:00,33,1637.7,14,2,7
2024-07-10 15:00:00,43,1950.5,15,2,7
2024-07-10 16:00:00,25,1062.7,16,2,7
2024-07-10 17:00:00,33,1468.3,17,2,7
2024-07-10 18:00:00,27,1291.4,18,2,7
2024-07-10 19:00:00,31,1486.9,19,2,7
2024-07-10 20:00:00,12,621.0,20,2,7
2024-07-10 21:00:00,9,523.1,21,2,7
2024-07-10 22:00:00,2,101.80000000000001,22,2,7
2024-07-10 23:00:00,8,415.59999999999997,23,2,7
2024-07-11 00:00:00,5,266.8,0,3,7
2024-07-11 01:00:00,5,203.9,1,3,7
2024-07-11 02:00:00,3,157.9,2,3,7
2024-07-11 03:00:00,5,270.5,3,3,7
2024-07-11 04:00:00,7,359.6,4,3,7
2024-07-11 05:00:00,8,418.0,5,3,7
2024-07-11 06:00:00,13,716.3,6,3,7
2024-07-11 07:00:00,19,855.4,7,3,7
2024-07-11 08:00:00,35,1512.5,8,3,7
2024-07-11 09:00:00,31,1359.3,9,3,7
2024-07-11 10:00:00,41,1958.8,10,3,7
2024-07-11 11:00:00,50,2359.5,11,3,7
2024-07-11 12:00:00,34,1586.1,12,3,7
2024-07-11 13:00:00,40,1922.8,13,3,7
2024-07-11 14:00:00,37,1725.8,14,3,7
2024-07-11 15:00:00,37,1615.0,15,3,7
2024-07-11 16:00:00,25,1093.9,16,3,7
2024-07-11 17:00:00,18,681.1999999999999,17,3,7
2024-07-11 18:00:00,24,979.8,18,3,7
2024-07-11 19:00:00,18,852.1,19,3,7
2024-07-11 20:00:00,10,408.8,20,3,7
2024-07-11 21:00:00,5,255.9,21,3,7
2024-07-11 22:00:00,2,83.5,22,3,7
2024-07-11 23:00:00,8,346.8,23,3,7
2024-07-12 00:00:00,6,222.9,0,4,7
2024-07-12 01:00:00,7,290.7,1,4,7
2024-07-12 02:00:00,6,242.6,2,4,7
2024-07-12 03:00:00,1,50.0,3,4,7
2024-07-12 04:00:00,7,311.4,4,4,7
2024-07-12 05:00:00,11,532.1,5,4,7
2024-07-12 06:00:00,13,622.6,6,4,7
2024-07-12 07:00:00,19,910.6,7,4,7
2024-07-12 08:00:00,20,901.0,8,4,7
2024-07-12 09:00:00,38,1805.7,9,4,7
2024-07-12 10:00:00,48,2263.9,10,4,7
2024-07-12 11:00:00,34,1633.7,11,4,7
2024-07-12 12:00:00,33,1561.3,12,4,7
2024-07-12 13:00:00,43,1802.4,13,4,7
2024-07-12 14:00:00,46,2113.2,14,4,7
2024-07-12 15:00:00,40,1981.6,15,4,7
2024-07-12 16:00:00,32,1485.1,16,4,7
2024-07-12 17:00:00,31,1407.5,17,4,7
2024-07-12 18:00:00,28,1454.4,18,4,7
2024-07-12 19:00:00,18,807.9,19,4,7
2024-07-12 20:00:00,20,851.2,20,4,7
2024-07-12 21:00:00,11,433.1,21,4,7
2024-07-12 22:00:00,7,337.1,22,4,7
2024-07-12 23:00:00,6,269.0,23,4,7
2024-07-13 00:00:00,1,47.2,0,5,7
2024-07-13 01:00:00,5,285.1,1,5,7
2024-07-13 02:00:00,3,117.7,2,5,7
2024-07-13 03:00:00,2,64.8,3,5,7
2024-07-13 04:00:00,5,185.0,4,5,7
2024-07-13 05:00:00,8,365.8,5,5,7
2024-07-13 06:00:00,13,612.0,6,5,7
2024-07-13 07:00:00,12,485.8,7,5,7
2024-07-13 08:00:00,14,663.0,8,5,7
2024-07-13 09:00:00,26,1078.7,9,5,7
2024-07-13 10:00:00,25,1275.6,10,5,7
2024-07-13 11:00:00,29,1251.1,11,5,7
2024-07-13 12:00:00,39,1857.8,12,5,7
2024-07-13 13:00:00,35,1544.8,13,5,7
2024-07-13 14:00:00,23,1244.0,14,5,7
2024-07-13 15:00:00,23,1091.9,15,5,7
2024-07-13 16:00:00,24,1081.4,16,5,7
2024-07-13 17:00:00,14,671.1999999999999,17,5,7
2024-07-13 18:00:00,24,1172.1,18,5,7
2024-07-13 19:00:00,8,480.2,19,5,7
2024-07-13 20:00:00,4,186.3,20,5,7
2024-07-13 21:00:00,9,330.8,21,5,7
2024-07-13 22:00:00,7,374.6,22,5,7
2024-07-13 23:00:00,7,239.5,23,5,7
2024-07-14 00:00:00,3,93.9,0,6,7
2024-07-14 01:00:00,1,53.3,1,6,7
2024-07-14 02:00:00,4,162.0,2,6,7
2024-07-14 03:00:00,2,81.6,3,6,7
2024-07-14 04:00:00,2,96.8,4,6,7
2024-07-14 05:00:00,11,468.4,5,6,7
2024-07-14 06:00:00,18,778.1,6,6,7
2024-07-14 07:00:00,13,610.3,7,6,7
2024-07-14 08:00:00,26,1071.2,8,6,7
2024-07-14 09:00:00,15,702.2,9,6,7
2024-07-14 10:00:00,36,1652.9,10,6,7
2024-07-14 11:00:00,38,1785.4,11,6,7
2024-07-14 12:00:00,29,1311.0,12,6,7
2024-07-14 13:00:00,23,998.1,13,6,7
2024-07-14 14:00:00,32,1445.8,14,6,7
2024-07-14 15:00:00,27,1351.8,15,6,7
2024-07-14 16:00:00,15,718.9,16,6,7
2024-07-14 17:00:00,25,1180.4,17,6,7
2024-07-14 18:00:00,13,546.1,18,6,7
2024-07-14 19:00:00,14,774.3,19,6,7
2024-07-14 20:00:00,9,367.8,20,6,7
2024-07-14 21:00:00,4,188.1,21,6,7
2024-07-14 22:00:00,2,81.7,22,6,7
2024-07-14 23:00:00,4,183.7,23,6,7
2024-07-15 00:00:00,4,133.2,0,0,7
2024-07-15 01:00:00,3,137.8,1,0,7
2024-07-15 02:00:00,6,296.4,2,0,7
2024-07-15 03:00:00,7,265.0,3,0,7
2024-07-15 04:00:00,5,227.0,4,0,7
2024-07-15 05:00:00,12,661.3,5,0,7
2024-07-15 06:00:00,12,491.1,6,0,7
2024-07-15 07:00:00,15,670.1999999999999,7,0,7
2024-07-15 08:00:00,27,1195.4,8,0,7
2024-07-15 09:00:00,32,1578.7,9,0,7
2024-07-15 10:00:00,40,1811.1,10,0,7
2024-07-15 11:00:00,47,2175.4,11,0,7
2024-07-15 12:00:00,41,1977.7,12,0,7
2024-07-15 13:00:00,45,2095.2,13,0,7
2024-07-15 14:00:00,47,2130.8,14,0,7
2024-07-15 15:00:00,27,1067.8,15,0,7
2024-07-15 16:00:00,24,1126.3,16,0,7
2024-07-15 17:00:00,26,1217.2,17,0,7
2024-07-15 18:00:00,19,890.1,18,0,7
2024-07-15 19:00:00,15,836.7,19,0,7
2024-07-15 20:00:00,13,611.2,20,0,7
2024-07-15 21:00:00,9,465.1,21,0,7
2024-07-15 22:00:00,4,193.1,22,0,7
2024-07-15 23:00:00,3,165.5,23,0,7
2024-07-16 00:00:00,4,234.2,0,1,7
2024-07-16 01:00:00,7,293.1,1,1,7
2024-07-16 02:00:00,5,294.3,2,1,7
2024-07-16 03:00:00,6,282.1,3,1,7
2024-07-16 04:00:00,1,54.2,4,1,7
2024-07-16 05:00:00,5,229.0,5,1,7
2024-07-16 06:00:00,5,221.8,6,1,7
2024-07-16 07:00:00,14,641.8,7,1,7
2024-07-16 08:00:00,26,1322.0,8,1,7
2024-07-16 09:00:00,32,1435.7,9,1,7
2024-07-16 10:00:00,44,1906.5,10,1,7
2024-07-16 11:00:00,35,1571.4,11,1,7
2024-07-16 12:00:00,50,2077.7,12,1,7
2024-07-16 13:00:00,28,1273.6,13,1,7
2024-07-16 14:00:00,35,1734.2,14,1,7
2024-07-16 15:00:00,31,1403.8,15,1,7
2024-07-16 16:00:00,37,1676.8,16,1,7
2024-07-16 17:00:00,35,1613.3,17,1,7
2024-07-16 18:00:00,21,1061.3,18,1,7
2024-07-16 19:00:00,20,1061.4,19,1,7
2024-07-16 20:00:00,16,742.9,20,1,7
2024-07-16 21:00:00,8,360.8,21,1,7
2024-07-16 22:00:00,7,353.2,22,1,7
2024-07-16 23:00:00,5,232.4,23,1,7
2024-07-17 00:00:00,3,144.60000000000002,0,2,7
2024-07-17 01:00:00,6,232.8,1,2,7
2024-07-17 02:00:00,4,175.2,2,2,7
2024-07-17 03:00:00,4,226.7,3,2,7
2024-07-17 04:00:00,3,147.7,4,2,7
2024-07-17 05:00:00,11,521.6,5,2,7
2024-07-17 06:00:00,19,922.3,6,2,7
2024-07-17 07:00:00,14,640.2,7,2,7
2024-07-17 08:00:00,26,1253.4,8,2,7
2024-07-17 09:00:00,28,1302.3,9,2,7
2024-07-17 10:00:00,43,1788.9,10,2,7
2024-07-17 11:00:00,41,1967.1,11,2,7
2024-07-17 12:00:00,39,1709.2,12,2,7
2024-07-17 13:00:00,40,1773.4,13,2,7
2024-07-17 14:00:00,30,1386.5,14,2,7
2024-07-17 15:00:00,37,1594.0,15,2,7
2024-07-17 16:00:00,31,1416.4,16,2,7
2024-07-17 17:00:00,25,1231.4,17,2,7
2024-07-17 18:00:00,22,1004.4,18,2,7
2024-07-17 19:00:00,11,523.2,19,2,7
2024-07-17 20:00:00,17,806.5,20,2,7
2024-07-17 21:00:00,9,464.7,21,2,7
2024-07-17 22:00:00,3,120.3,22,2,7
2024-07-17 23:00:00,2,119.8,23,2,7
2024-07-18 00:00:00,3,112.7,0,3,7
2024-07-18 01:00:00,2,79.5,1,3,7
2024-07-18 02:00:00,5,221.89999999999998,2,3,7
2024-07-18 03:00:00,6,288.0,3,3,7
2024-07-18 04:00:00,6,321.9,4,3,7
2024-07-18 05:00:00,9,339.4,5,3,7
2024-07-18 06:00:00,14,613.2,6,3,7
2024-07-18 07:00:00,20,858.2,7,3,7
2024-07-18 08:00:00,25,1129.7,8,3,7
2024-07-18 09:00:00,38,1767.4,9,3,7
2024-07-18 10:00:00,48,2201.4,10,3,7
2024-07-18 11:00:00,50,2124.7,11,3,7
2024-07-18 12:00:00,33,1529.4,12,3,7
2024-07-18 13:00:00,39,1608.6,13,3,7
2024-07-18 14:00:00,35,1427.7,14,3,7
2024-07-18 15:00:00,38,1569.2,15,3,7
2024-07-18 16:00:00,22,961.3,16,3,7
2024-07-18 17:00:00,17,861.1999999999999,17,3,7
2024-07-18 18:00:00,22,1139.6,18,3,7
2024-07-18 19:00:00,17,787.8,19,3,7
2024-07-18 20:00:00,9,454.1,20,3,7
2024-07-18 21:00:00,9,473.2,21,3,7
2024-07-18 22:00:00,6,302.8,22,3,7
2024-07-18 23:00:00,7,307.79999999999995,23,3,7
2024-07-19 00:00:00,5,207.8,0,4,7
2024-07-19 01:00:00,2,153.6,1,4,7
2024-07-19 02:00:00,5,214.4,2,4,7
2024-07-19 03:00:00,6,288.5,3,4,7
2024-07-19 04:00:00,5,189.89999999999998,4,4,7
2024-07-19 05:00:00,10,552.8,5,4,7
2024-07-19 06:00:00,14,584.1,6,4,7
2024-07-19 07:00:00,22,1028.5,7,4,7
2024-07-19 08:00:00,26,1339.6000000000001,8,4,7
2024-07-19 09:00:00,24,993.0,9,4,7
2024-07-19 10:00:00,35,1617.0,10,4,7
2024-07-19 11:00:00,41,2003.8,11,4,7
2024-07-19 12:00:00,32,1435.9,12,4,7
2024-07-19 13:00:00,49,2155.6,13,4,7
2024-07-19 14:00:00,46,2083.3,14,4,7
2024-07-19 15:00:00,23,1165.4,15,4,7
2024-07-19 16:00:00,37,1592.4,16,4,7
2024-07-19 17:00:00,21,1117.3,17,4,7
2024-07-19 18:00:00,15,597.9,18,4,7
2024-07-19 19:00:00,19,912.3,19,4,7
2024-07-19 20:00:00,16,775.8,20,4,7
2024-07-19 21:00:00,7,353.5,21,4,7
2024-07-19 22:00:00,2,103.1,22,4,7
2024-07-19 23:00:00,5,284.2,23,4,7
2024-07-20 00:00:00,3,136.2,0,5,7
2024-07-20 01:00:00,4,173.6,1,5,7
2024-07-20 02:00:00,4,195.8,2,5,7
2024-07-20 03:00:00,5,239.5,3,5,7
2024-07-20 04:00:00,1,37.7,4,5,7
2024-07-20 05:00:00,3,152.8,5,5,7
2024-07-20 06:00:00,9,392.5,6,5,7
2024-07-20 07:00:00,16,728.9,7,5,7
2024-07-20 08:00:00,22,1073.4,8,5,7
2024-07-20 09:00:00,24,1216.9,9,5,7
2024-07-20 10:00:00,29,1319.7,10,5,7
2024-07-20 11:00:00,39,1696.8,11,5,7
2024-07-20 12:00:00,27,1328.5,12,5,7
2024-07-20 13:00:00,17,920.0,13,5,7
2024-07-20 14:00:00,33,1407.1,14,5,7
2024-07-20 15:00:00,25,1126.2,15,5,7
2024-07-20 16:00:00,24,1177.4,16,5,7
2024-07-20 17:00:00,20,932.1,17,5,7
2024-07-20 18:00:00,17,937.4,18,5,7
2024-07-20 19:00:00,11,522.9,19,5,7
2024-07-20 20:00:00,8,328.5,20,5,7
2024-07-20 21:00:00,8,319.5,21,5,7
2024-07-20 22:00:00,0,0.0,22,5,7
2024-07-20 23:00:00,2,131.3,23,5,7
2024-07-21 00:00:00,2,65.4,0,6,7
2024-07-21 01:00:00,2,68.30000000000001,1,6,7
2024-07-21 02:00:00,3,183.5,2,6,7
2024-07-21 03:00:00,1,56.7,3,6,7
2024-07-21 04:00:00,5,173.79999999999998,4,6,7
2024-07-21 05:00:00,4,172.3,5,6,7
2024-07-21 06:00:00,9,403.7,6,6,7
2024-07-21 07:00:00,12,689.4,7,6,7
2024-07-21 08:00:00,21,851.1,8,6,7
2024-07-21 09:00:00,21,986.2,9,6,7
2024-07-21 10:00:00,30,1422.2,10,6,7
2024-07-21 11:00:00,22,1087.6,11,6,7
2024-07-21 12:00:00,25,1042.0,12,6,7
2024-07-21 13:00:00,34,1554.8,13,6,7
2024-07-21 14:00:00,39,1834.1,14,6,7
2024-07-21 15:00:00,37,1801.5,15,6,7
2024-07-21 16:00:00,22,1028.2,16,6,7
2024-07-21 17:00:00,22,971.3,17,6,7
2024-07-21 18:00:00,13,537.4,18,6,7
2024-07-21 19:00:00,10,419.5,19,6,7
2024-07-21 20:00:00,11,671.4,20,6,7
2024-07-21 21:00:00,4,175.7,21,6,7
2024-07-21 22:00:00,6,255.1,22,6,7
2024-07-21 23:00:00,5,229.0,23,6,7
2024-07-22 00:00:00,6,272.1,0,0,7
2024-07-22 01:00:00,3,128.6,1,0,7
2024-07-22 02:00:00,4,183.9,2,0,7
2024-07-22 03:00:00,6,340.3,3,0,7
2024-07-22 04:00:00,3,114.4,4,0,7
2024-07-22 05:00:00,8,437.5,5,0,7
2024-07-22 06:00:00,15,728.9,6,0,7
2024-07-22 07:00:00,18,709.3,7,0,7
2024-07-22 08:00:00,21,1099.3,8,0,7
2024-07-22 09:00:00,31,1335.7,9,0,7
2024-07-22 10:00:00,47,2267.5,10,0,7
2024-07-22 11:00:00,40,1715.8,11,0,7
2024-07-22 12:00:00,42,2087.1,12,0,7
2024-07-22 13:00:00,45,2083.4,13,0,7
2024-07-22 14:00:00,45,2049.0,14,0,7
2024-07-22 15:00:00,36,1658.7,15,0,7
2024-07-22 16:00:00,33,1609.9,16,0,7
2024-07-22 17:00:00,30,1466.4,17,0,7
2024-07-22 18:00:00,32,1432.7,18,0,7
2024-07-22 19:00:00,17,699.2,19,0,7
2024-07-22 20:00:00,13,556.9,20,0,7
2024-07-22 21:00:00,7,385.2,21,0,7
2024-07-22 22:00:00,5,225.7,22,0,7
2024-07-22 23:00:00,7,340.2,23,0,7
2024-07-23 00:00:00,1,80.0,0,1,7
2024-07-23 01:00:00,4,211.4,1,1,7
2024-07-23 02:00:00,4,251.6,2,1,7
2024-07-23 03:00:00,6,306.2,3,1,7
2024-07-23 04:00:00,7,353.8,4,1,7
2024-07-23 05:00:00,13,717.2,5,1,7
2024-07-23 06:00:00,8,341.2,6,1,7
2024-07-23 07:00:00,16,735.5,7,1,7
2024-07-23 08:00:00,23,1060.7,8,1,7
2024-07-23 09:00:00,32,1393.8,9,1,7
2024-07-23 10:00:00,44,2100.0,10,1,7
2024-07-23 11:00:00,44,1980.0,11,1,7
2024-07-23 12:00:00,46,2270.4,12,1,7
2024-07-23 13:00:00,34,1662.5,13,1,7
2024-07-23 14:00:00,36,1779.7,14,1,7
2024-07-23 15:00:00,48,2267.6,15,1,7
2024-07-23 16:00:00,25,1210.6,16,1,7
2024-07-23 17:00:00,30,1441.4,17,1,7
2024-07-23 18:00:00,21,1022.7,18,1,7
2024-07-23 19:00:00,25,1161.7,19,1,7
2024-07-23 20:00:00,14,780.7,20,1,7
2024-07-23 21:00:00,13,529.8,21,1,7
2024-07-23 22:00:00,4,144.7,22,1,7
2024-07-23 23:00:00,3,130.2,23,1,7
2024-07-24 00:00:00,5,256.7,0,2,7
2024-07-24 01:00:00,5,193.6,1,2,7
2024-07-24 02:00:00,7,312.8,2,2,7
2024-07-24 03:00:00,5,204.3,3,2,7
2024-07-24 04:00:00,6,217.5,4,2,7
2024-07-24 05:00:00,6,270.9,5,2,7
2024-07-24 06:00:00,10,403.6,6,2,7
2024-07-24 07:00:00,15,718.4,7,2,7
2024-07-24 08:00:00,23,1052.7,8,2,7
2024-07-24 09:00:00,30,1490.5,9,2,7
2024-07-24 10:00:00,48,2117.8,10,2,7
2024-07-24 11:00:00,48,2283.7,11,2,7
2024-07-24 12:00:00,43,2007.6,12,2,7
2024-07-24 13:00:00,36,1836.6,13,2,7
2024-07-24 14:00:00,41,1940.7,14,2,7
2024-07-24 15:00:00,31,1426.2,15,2,7
2024-07-24 16:00:00,36,1498.7,16,2,7
2024-07-24 17:00:00,28,1322.3,17,2,7
2024-07-24 18:00:00,16,766.3,18,2,7
2024-07-24 19:00:00,17,779.7,19,2,7
2024-07-24 20:00:00,13,545.3,20,2,7
2024-07-24 21:00:00,17,678.9,21,2,7
2024-07-24 22:00:00,2,91.5,22,2,7
2024-07-24 23:00:00,5,275.0,23,2,7
2024-07-25 00:00:00,4,190.0,0,3,7
2024-07-25 01:00:00,2,92.1,1,3,7
2024-07-25 02:00:00,6,299.4,2,3,7
2024-07-25 03:00:00,4,247.10000000000002,3,3,7
2024-07-25 04:00:00,8,388.8,4,3,7
2024-07-25 05:00:00,5,275.7,5,3,7
2024-07-25 06:00:00,9,446.4,6,3,7
2024-07-25 07:00:00,25,1134.3,7,3,7
2024-07-25 08:00:00,33,1644.1,8,3,7
2024-07-25 09:00:00,39,1591.8,9,3,7
2024-07-25 10:00:00,47,1972.5,10,3,7
2024-07-25 11:00:00,48,2320.1,11,3,7
2024-07-25 12:00:00,39,1770.5,12,3,7
2024-07-25 13:00:00,36,1459.0,13,3,7
2024-07-25 14:00:00,43,2073.7,14,3,7
2024-07-25 15:00:00,34,1459.5,15,3,7
2024-07-25 16:00:00,34,1636.2,16,3,7
2024-07-25 17:00:00,25,1288.4,17,3,7
2024-07-25 18:00:00,16,918.8000000000001,18,3,7
2024-07-25 19:00:00,12,489.1,19,3,7
2024-07-25 20:00:00,16,737.6,20,3,7
2024-07-25 21:00:00,8,338.5,21,3,7
2024-07-25 22:00:00,3,126.2,22,3,7
2024-07-25 23:00:00,7,349.6,23,3,7
2024-07-26 00:00:00,8,326.0,0,4,7
2024-07-26 01:00:00,3,119.7,1,4,7
2024-07-26 02:00:00,2,108.0,2,4,7
2024-07-26 03:00:00,4,200.2,3,4,7
2024-07-26 04:00:00,2,66.3,4,4,7
2024-07-26 05:00:00,6,206.4,5,4,7
2024-07-26 06:00:00,14,658.9,6,4,7
2024-07-26 07:00:00,18,713.6,7,4,7
2024-07-26 08:00:00,26,1056.3,8,4,7
2024-07-26 09:00:00,34,1549.5,9,4,7
2024-07-26 10:00:00,39,1629.6,10,4,7
2024-07-26 11:00:00,41,1977.8,11,4,7
2024-07-26 12:00:00,35,1789.6,12,4,7
2024-07-26 13:00:00,39,1721.4,13,4,7
2024-07-26 14:00:00,39,1863.4,14,4,7
2024-07-26 15:00:00,35,1527.9,15,4,7
2024-07-26 16:00:00,32,1481.1,16,4,7
2024-07-26 17:00:00,23,1007.5,17,4,7
2024-07-26 18:00:00,27,1367.6,18,4,7
2024-07-26 19:00:00,15,695.9,19,4,7
2024-07-26 20:00:00,8,319.6,20,4,7
2024-07-26 21:00:00,6,262.2,21,4,7
2024-07-26 22:00:00,4,173.8,22,4,7
2024-07-26 23:00:00,1,48.9,23,4,7
2024-07-27 00:00:00,3,156.6,0,5,7
2024-07-27 01:00:00,2,109.9,1,5,7
2024-07-27 02:00:00,3,155.8,2,5,7
2024-07-27 03:00:00,6,255.7,3,5,7
2024-07-27 04:00:00,4,158.5,4,5,7
2024-07-27 05:00:00,8,403.4,5,5,7
2024-07-27 06:00:00,6,243.70000000000002,6,5,7
2024-07-27 07:00:00,14,628.0,7,5,7
2024-07-27 08:00:00,13,572.4,8,5,7
2024-07-27 09:00:00,40,1822.5,9,5,7
2024-07-27 10:00:00,27,1238.7,10,5,7
2024-07-27 11:00:00,30,1363.8,11,5,7
2024-07-27 12:00:00,28,1346.0,12,5,7
2024-07-27 13:00:00,31,1268.3,13,5,7
2024-07-27 14:00:00,29,1500.9,14,5,7
2024-07-27 15:00:00,30,1470.3999999999999,15,5,7
2024-07-27 16:00:00,27,1205.5,16,5,7
2024-07-27 17:00:00,28,1193.7,17,5,7
2024-07-27 18:00:00,24,1157.4,18,5,7
2024-07-27 19:00:00,9,417.6,19,5,7
2024-07-27 20:00:00,6,235.9,20,5,7
2024-07-27 21:00:00,6,251.0,21,5,7
2024-07-27 22:00:00,3,96.8,22,5,7
2024-07-27 23:00:00,4,258.6,23,5,7
2024-07-28 00:00:00,3,125.5,0,6,7
2024-07-28 01:00:00,4,226.7,1,6,7
2024-07-28 02:00:00,5,270.5,2,6,7
2024-07-28 03:00:00,7,281.9,3,6,7
2024-07-28 04:00:00,3,94.6,4,6,7
2024-07-28 05:00:00,6,199.7,5,6,7
2024-07-28 06:00:00,11,568.0,6,6,7
2024-07-28 07:00:00,16,737.3,7,6,7
2024-07-28 08:00:00,13,625.9,8,6,7
2024-07-28 09:00:00,25,1154.3,9,6,7
2024-07-28 10:00:00,34,1721.7,10,6,7
2024-07-28 11:00:00,31,1390.9,11,6,7
2024-07-28 12:00:00,25,1140.6,12,6,7
2024-07-28 13:00:00,28,1380.1,13,6,7
2024-07-28 14:00:00,35,1716.1,14,6,7
2024-07-28 15:00:00,32,1649.1,15,6,7
2024-07-28 16:00:00,23,1086.2,16,6,7
2024-07-28 17:00:00,16,713.0,17,6,7
2024-07-28 18:00:00,19,928.8,18,6,7
2024-07-28 19:00:00,9,454.3,19,6,7
2024-07-28 20:00:00,14,614.3,20,6,7
2024-07-28 21:00:00,8,374.6,21,6,7
2024-07-28 22:00:00,2,124.6,22,6,7
2024-07-28 23:00:00,4,201.70000000000002,23,6,7
2024-07-29 00:00:00,4,204.1,0,0,7
2024-07-29 01:00:00,7,387.4,1,0,7
2024-07-29 02:00:00,7,367.9,2,0,7
2024-07-29 03:00:00,6,284.2,3,0,7
2024-07-29 04:00:00,7,374.3,4,0,7
2024-07-29 05:00:00,11,577.5,5,0,7
2024-07-29 06:00:00,20,933.0,6,0,7
2024-07-29 07:00:00,14,675.1999999999999,7,0,7
2024-07-29 08:00:00,27,1141.9,8,0,7
2024-07-29 09:00:00,35,1635.7,9,0,7
2024-07-29 10:00:00,37,1711.3,10,0,7
2024-07-29 11:00:00,38,1859.9,11,0,7
2024-07-29 12:00:00,34,1560.5,12,0,7
2024-07-29 13:00:00,42,1838.8,13,0,7
2024-07-29 14:00:00,41,1834.1,14,0,7
2024-07-29 15:00:00,48,2072.7,15,0,7
2024-07-29 16:00:00,24,1083.4,16,0,7
2024-07-29 17:00:00,27,1240.9,17,0,7
2024-07-29 18:00:00,27,1180.3,18,0,7
2024-07-29 19:00:00,21,1035.1,19,0,7
2024-07-29 20:00:00,11,539.4,20,0,7
2024-07-29 21:00:00,7,320.0,21,0,7
2024-07-29 22:00:00,3,103.6,22,0,7
2024-07-29 23:00:00,4,269.4,23,0,7
2024-07-30 00:00:00,3,113.6,0,1,7
2024-07-30 01:00:00,4,180.7,1,1,7
2024-07-30 02:00:00,5,249.6,2,1,7
2024-07-30 03:00:00,7,345.6,3,1,7
2024-07-30 04:00:00,3,147.0,4,1,7
2024-07-30 05:00:00,4,161.5,5,1,7
2024-07-30 06:00:00,18,819.5,6,1,7
2024-07-30 07:00:00,21,1043.6,7,1,7
2024-07-30 08:00:00,24,989.2,8,1,7
2024-07-30 09:00:00,36,1720.0,9,1,7
2024-07-30 10:00:00,42,1902.8,10,1,7
2024-07-30 11:00:00,40,1898.0,11,1,7
2024-07-30 12:00:00,39,1739.8999999999999,12,1,7
2024-07-30 13:00:00,34,1514.4,13,1,7
2024-07-30 14:00:00,22,996.1,14,1,7
2024-07-30 15:00:00,36,1757.3999999999999,15,1,7
2024-07-30 16:00:00,32,1539.4,16,1,7
2024-07-30 17:00:00,34,1439.7,17,1,7
2024-07-30 18:00:00,28,1376.1,18,1,7
2024-07-30 19:00:00,18,866.2,19,1,7
2024-07-30 20:00:00,8,436.2,20,1,7
2024-07-30 21:00:00,9,412.5,21,1,7
2024-07-30 22:00:00,5,186.9,22,1,7
2024-07-30 23:00:00,3,148.5,23,1,7
2024-07-31 00:00:00,5,257.4,0,2,7
2024-07-31 01:00:00,7,337.5,1,2,7
2024-07-31 02:00:00,6,261.7,2,2,7
2024-07-31 03:00:00,6,320.6,3,2,7
2024-07-31 04:00:00,7,336.4,4,2,7
2024-07-31 05:00:00,13,615.4,5,2,7
2024-07-31 06:00:00,13,708.6,6,2,7
2024-07-31 07:00:00,17,829.6,7,2,7
2024-07-31 08:00:00,25,1117.6,8,2,7
2024-07-31 09:00:00,34,1539.5,9,2,7
2024-07-31 10:00:00,38,1665.0,10,2,7
2024-07-31 11:00:00,44,1921.2,11,2,7
2024-07-31 12:00:00,46,2115.3,12,2,7
2024-07-31 13:00:00,34,1675.1,13,2,7
2024-07-31 14:00:00,42,1735.1,14,2,7
2024-07-31 15:00:00,39,1929.7,15,2,7
2024-07-31 16:00:00,30,1400.4,16,2,7
2024-07-31 17:00:00,28,1234.0,17,2,7
2024-07-31 18:00:00,26,1031.5,18,2,7
2024-07-31 19:00:00,13,601.6,19,2,7
2024-07-31 20:00:00,18,733.4,20,2,7
2024-07-31 21:00:00,10,500.9,21,2,7
2024-07-31 22:00:00,4,161.6,22,2,7
2024-07-31 23:00:00,3,158.6,23,2,7
2024-08-01 00:00:00,5,191.3,0,3,8
2024-08-01 01:00:00,5,212.5,1,3,8
2024-08-01 02:00:00,5,189.6,2,3,8
2024-08-01 03:00:00,5,192.2,3,3,8
2024-08-01 04:00:00,7,340.9,4,3,8
2024-08-01 05:00:00,7,287.9,5,3,8
2024-08-01 06:00:00,20,1002.2,6,3,8
2024-08-01 07:00:00,18,759.6,7,3,8
2024-08-01 08:00:00,27,1207.1,8,3,8
2024-08-01 09:00:00,30,1338.3,9,3,8
2024-08-01 10:00:00,43,1964.7,10,3,8
2024-08-01 11:00:00,38,1742.2,11,3,8
2024-08-01 12:00:00,37,1627.7,12,3,8
2024-08-01 13:00:00,37,1598.6,13,3,8
2024-08-01 14:00:00,37,1760.7,14,3,8
2024-08-01 15:00:00,31,1520.3999999999999,15,3,8
2024-08-01 16:00:00,35,1694.0,16,3,8
2024-08-01 17:00:00,34,1457.2,17,3,8
2024-08-01 18:00:00,21,1055.5,18,3,8
2024-08-01 19:00:00,18,813.2,19,3,8
2024-08-01 20:00:00,22,1091.1,20,3,8
2024-08-01 21:00:00,12,562.3,21,3,8
2024-08-01 22:00:00,1,32.7,22,3,8
2024-08-01 23:00:00,5,252.70000000000002,23,3,8
2024-08-02 00:00:00,5,204.4,0,4,8
2024-08-02 01:00:00,8,356.3,1,4,8
2024-08-02 02:00:00,7,263.0,2,4,8
2024-08-02 03:00:00,1,32.8,3,4,8
2024-08-02 04:00:00,5,275.3,4,4,8
2024-08-02 05:00:00,12,565.8,5,4,8
2024-08-02 06:00:00,20,1001.5,6,4,8
2024-08-02 07:00:00,21,1153.2,7,4,8
2024-08-02 08:00:00,25,1092.5,8,4,8
2024-08-02 09:00:00,32,1520.7,9,4,8
2024-08-02 10:00:00,53,2411.7,10,4,8
2024-08-02 11:00:00,37,1604.0,11,4,8
2024-08-02 12:00:00,51,2359.0,12,4,8
2024-08-02 13:00:00,33,1477.3,13,4,8
2024-08-02 14:00:00,33,1566.7,14,4,8
2024-08-02 15:00:00,32,1596.1,15,4,8
2024-08-02 16:00:00,27,1211.7,16,4,8
2024-08-02 17:00:00,32,1508.8,17,4,8
2024-08-02 18:00:00,26,1249.3,18,4,8
2024-08-02 19:00:00,21,925.3,19,4,8
2024-08-02 20:00:00,17,744.8,20,4,8
2024-08-02 21:00:00,13,602.0,21,4,8
2024-08-02 22:00:00,6,260.5,22,4,8
2024-08-02 23:00:00,3,109.6,23,4,8
2024-08-03 00:00:00,6,284.4,0,5,8
2024-08-03 01:00:00,4,128.1,1,5,8
2024-08-03 02:00:00,5,231.5,2,5,8
2024-08-03 03:00:00,2,90.3,3,5,8
2024-08-03 04:00:00,5,257.5,4,5,8
2024-08-03 05:00:00,3,117.0,5,5,8
2024-08-03 06:00:00,7,406.1,6,5,8
2024-08-03 07:00:00,17,727.6,7,5,8
2024-08-03 08:00:00,25,1160.1,8,5,8
2024-08-03 09:00:00,31,1327.2,9,5,8
2024-08-03 10:00:00,28,1347.4,10,5,8
2024-08-03 11:00:00,30,1325.5,11,5,8
2024-08-03 12:00:00,35,1592.5,12,5,8
2024-08-03 13:00:00,33,1613.7,13,5,8
2024-08-03 14:00:00,25,1119.4,14,5,8
2024-08-03 15:00:00,33,1508.3,15,5,8
2024-08-03 16:00:00,18,856.7,16,5,8
2024-08-03 17:00:00,25,1300.4,17,5,8
2024-08-03 18:00:00,8,293.3,18,5,8
2024-08-03 19:00:00,10,459.40000000000003,19,5,8
2024-08-03 20:00:00,11,541.2,20,5,8
2024-08-03 21:00:00,0,0.0,21,5,8
2024-08-03 22:00:00,3,96.60000000000001,22,5,8
2024-08-03 23:00:00,1,49.8,23,5,8
2024-08-04 00:00:00,3,108.4,0,6,8
2024-08-04 01:00:00,2,101.6,1,6,8
2024-08-04 02:00:00,5,241.5,2,6,8
2024-08-04 03:00:00,7,261.0,3,6,8
2024-08-04 04:00:00,4,218.0,4,6,8
2024-08-04 05:00:00,10,421.7,5,6,8
2024-08-04 06:00:00,11,511.3,6,6,8
2024-08-04 07:00:00,6,338.8,7,6,8
2024-08-04 08:00:00,20,900.6,8,6,8
2024-08-04 09:00:00,28,1154.0,9,6,8
2024-08-04 10:00:00,33,1494.0,10,6,8
2024-08-04 11:00:00,28,1402.6,11,6,8
2024-08-04 12:00:00,28,1216.1,12,6,8
2024-08-04 13:00:00,31,1516.7,13,6,8
2024-08-04 14:00:00,39,1797.3,14,6,8
2024-08-04 15:00:00,28,1305.1,15,6,8
2024-08-04 16:00:00,20,1000.9,16,6,8
2024-08-04 17:00:00,26,1214.9,17,6,8
2024-08-04 18:00:00,16,687.5,18,6,8
2024-08-04 19:00:00,17,861.8,19,6,8
2024-08-04 20:00:00,9,370.0,20,6,8
2024-08-04 21:00:00,8,329.8,21,6,8
2024-08-04 22:00:00,0,0.0,22,6,8
2024-08-04 23:00:00,0,0.0,23,6,8
2024-08-05 00:00:00,6,222.5,0,0,8
2024-08-05 01:00:00,7,318.2,1,0,8
2024-08-05 02:00:00,8,428.1,2,0,8
2024-08-05 03:00:00,3,144.89999999999998,3,0,8
2024-08-05 04:00:00,4,197.2,4,0,8
2024-08-05 05:00:00,6,311.9,5,0,8
2024-08-05 06:00:00,10,390.4,6,0,8
2024-08-05 07:00:00,16,719.9,7,0,8
2024-08-05 08:00:00,29,1443.8,8,0,8
2024-08-05 09:00:00,41,1905.2,9,0,8
2024-08-05 10:00:00,46,2149.9,10,0,8
2024-08-05 11:00:00,33,1453.5,11,0,8
2024-08-05 12:00:00,35,1586.3,12,0,8
2024-08-05 13:00:00,35,1593.5,13,0,8
2024-08-05 14:00:00,50,2425.6,14,0,8
2024-08-05 15:00:00,30,1429.6,15,0,8
2024-08-05 16:00:00,33,1665.2,16,0,8
2024-08-05 17:00:00,21,912.8,17,0,8
2024-08-05 18:00:00,21,944.8,18,0,8
2024-08-05 19:00:00,18,853.0,19,0,8
2024-08-05 20:00:00,11,613.0,20,0,8
2024-08-05 21:00:00,11,624.1,21,0,8
2024-08-05 22:00:00,2,118.5,22,0,8
2024-08-05 23:00:00,6,279.3,23,0,8
2024-08-06 00:00:00,1,72.5,0,1,8
2024-08-06 01:00:00,3,144.4,1,1,8
2024-08-06 02:00:00,5,171.0,2,1,8
2024-08-06 03:00:00,5,224.9,3,1,8
2024-08-06 04:00:00,9,430.3,4,1,8
2024-08-06 05:00:00,11,432.09999999999997,5,1,8
2024-08-06 06:00:00,12,516.5,6,1,8
2024-08-06 07:00:00,16,732.0,7,1,8
2024-08-06 08:00:00,26,1321.9,8,1,8
2024-08-06 09:00:00,34,1454.5,9,1,8
2024-08-06 10:00:00,33,1357.1,10,1,8
2024-08-06 11:00:00,43,1923.6,11,1,8
2024-08-06 12:00:00,37,1652.5,12,1,8
2024-08-06 13:00:00,38,1693.6,13,1,8
2024-08-06 14:00:00,41,2012.8,14,1,8
2024-08-06 15:00:00,36,1723.0,15,1,8
2024-08-06 16:00:00,32,1373.4,16,1,8
2024-08-06 17:00:00,35,1715.5,17,1,8
2024-08-06 18:00:00,19,957.4,18,1,8
2024-08-06 19:00:00,18,845.2,19,1,8
2024-08-06 20:00:00,10,519.8000000000001,20,1,8
2024-08-06 21:00:00,6,276.3,21,1,8
2024-08-06 22:00:00,9,384.0,22,1,8
2024-08-06 23:00:00,3,174.5,23,1,8
2024-08-07 00:00:00,5,219.2,0,2,8
2024-08-07 01:00:00,2,66.8,1,2,8
2024-08-07 02:00:00,5,241.8,2,2,8
2024-08-07 03:00:00,2,84.9,3,2,8
2024-08-07 04:00:00,5,260.9,4,2,8
2024-08-07 05:00:00,9,479.1,5,2,8
2024-08-07 06:00:00,10,511.1,6,2,8
2024-08-07 07:00:00,25,1232.2,7,2,8
2024-08-07 08:00:00,28,1372.0,8,2,8
2024-08-07 09:00:00,34,1569.8,9,2,8
2024-08-07 10:00:00,36,1655.2,10,2,8
2024-08-07 11:00:00,29,1367.4,11,2,8
2024-08-07 12:00:00,46,2073.9,12,2,8
2024-08-07 13:00:00,37,1931.0,13,2,8
2024-08-07 14:00:00,32,1419.0,14,2,8
2024-08-07 15:00:00,33,1551.2,15,2,8
2024-08-07 16:00:00,30,1345.7,16,2,8
2024-08-07 17:00:00,26,1320.6,17,2,8
2024-08-07 18:00:00,20,791.6,18,2,8
2024-08-07 19:00:00,15,764.4,19,2,8
2024-08-07 20:00:00,12,486.7,20,2,8
2024-08-07 21:00:00,11,515.3,21,2,8
2024-08-07 22:00:00,5,243.0,22,2,8
2024-08-07 23:00:00,5,264.4,23,2,8
2024-08-08 00:00:00,9,367.3,0,3,8
2024-08-08 01:00:00,3,127.6,1,3,8
2024-08-08 02:00:00,3,156.7,2,3,8
2024-08-08 03:00:00,8,402.5,3,3,8
2024-08-08 04:00:00,5,209.2,4,3,8
2024-08-08 05:00:00,7,289.0,5,3,8
2024-08-08 06:00:00,16,681.8,6,3,8
2024-08-08 07:00:00,15,647.3,7,3,8
2024-08-08 08:00:00,26,1266.5,8,3,8
2024-08-08 09:00:00,41,1771.9,9,3,8
2024-08-08 10:00:00,37,1865.6,10,3,8
2024-08-08 11:00:00,42,2048.8,11,3,8
2024-08-08 12:00:00,33,1661.8,12,3,8
2024-08-08 13:00:00,57,2567.3,13,3,8
2024-08-08 14:00:00,44,2166.5,14,3,8
2024-08-08 15:00:00,34,1575.5,15,3,8
2024-08-08 16:00:00,34,1725.5,16,3,8
2024-08-08 17:00:00,26,1251.8,17,3,8
2024-08-08 18:00:00,20,920.2,18,3,8
2024-08-08 19:00:00,18,925.3,19,3,8
2024-08-08 20:00:00,8,358.2,20,3,8
2024-08-08 21:00:00,9,484.2,21,3,8
2024-08-08 22:00:00,3,132.4,22,3,8
2024-08-08 23:00:00,3,106.2,23,3,8
2024-08-09 00:00:00,2,116.6,0,4,8
2024-08-09 01:00:00,8,290.1,1,4,8
2024-08-09 02:00:00,4,138.8,2,4,8
2024-08-09 03:00:00,4,198.9,3,4,8
2024-08-09 04:00:00,6,272.8,4,4,8
2024-08-09 05:00:00,7,303.4,5,4,8
2024-08-09 06:00:00,17,723.1,6,4,8
2024-08-09 07:00:00,16,687.1,7,4,8
2024-08-09 08:00:00,29,1201.8,8,4,8
2024-08-09 09:00:00,31,1534.3,9,4,8
2024-08-09 10:00:00,50,2242.0,10,4,8
2024-08-09 11:00:00,33,1574.5,11,4,8
2024-08-09 12:00:00,39,1971.0,12,4,8
2024-08-09 13:00:00,48,1919.7,13,4,8
2024-08-09 14:00:00,37,1637.6,14,4,8
2024-08-09 15:00:00,41,1749.4,15,4,8
2024-08-09 16:00:00,33,1433.3,16,4,8
2024-08-09 17:00:00,23,959.9,17,4,8
2024-08-09 18:00:00,30,1583.0,18,4,8
2024-08-09 19:00:00,17,756.8,19,4,8
2024-08-09 20:00:00,13,672.5,20,4,8
2024-08-09 21:00:00,3,232.7,21,4,8
2024-08-09 22:00:00,3,154.0,22,4,8
2024-08-09 23:00:00,4,179.0,23,4,8
2024-08-10 00:00:00,5,238.0,0,5,8
2024-08-10 01:00:00,5,247.5,1,5,8
2024-08-10 02:00:00,4,185.39999999999998,2,5,8
2024-08-10 03:00:00,2,88.2,3,5,8
2024-08-10 04:00:00,1,52.8,4,5,8
2024-08-10 05:00:00,9,348.5,5,5,8
2024-08-10 06:00:00,8,314.5,6,5,8
2024-08-10 07:00:00,11,581.5,7,5,8
2024-08-10 08:00:00,10,366.1,8,5,8
2024-08-10 09:00:00,27,1227.9,9,5,8
2024-08-10 10:00:00,34,1501.8,10,5,8
2024-08-10 11:00:00,24,1138.4,11,5,8
2024-08-10 12:00:00,26,1279.6,12,5,8
2024-08-10 13:00:00,25,1105.3,13,5,8
2024-08-10 14:00:00,20,993.5,14,5,8
2024-08-10 15:00:00,16,848.9,15,5,8
2024-08-10 16:00:00,27,1156.5,16,5,8
2024-08-10 17:00:00,13,546.3000000000001,17,5,8
2024-08-10 18:00:00,17,770.0,18,5,8
2024-08-10 19:00:00,19,868.8,19,5,8
2024-08-10 20:00:00,9,444.2,20,5,8
2024-08-10 21:00:00,5,220.8,21,5,8
2024-08-10 22:00:00,5,258.7,22,5,8
2024-08-10 23:00:00,9,427.6,23,5,8
2024-08-11 00:00:00,6,214.7,0,6,8
2024-08-11 01:00:00,4,142.3,1,6,8
2024-08-11 02:00:00,4,140.0,2,6,8
2024-08-11 03:00:00,1,41.8,3,6,8
2024-08-11 04:00:00,7,301.3,4,6,8
2024-08-11 05:00:00,6,221.10000000000002,5,6,8
2024-08-11 06:00:00,8,324.7,6,6,8
2024-08-11 07:00:00,8,334.5,7,6,8
2024-08-11 08:00:00,19,955.9,8,6,8
2024-08-11 09:00:00,20,888.3000000000001,9,6,8
2024-08-11 10:00:00,23,1038.6,10,6,8
2024-08-11 11:00:00,29,1433.5,11,6,8
2024-08-11 12:00:00,28,1255.6,12,6,8
2024-08-11 13:00:00,36,1643.3,13,6,8
2024-08-11 14:00:00,31,1496.9,14,6,8
2024-08-11 15:00:00,28,1228.4,15,6,8
2024-08-11 16:00:00,19,827.0,16,6,8
2024-08-11 17:00:00,16,802.9,17,6,8
2024-08-11 18:00:00,22,960.9,18,6,8
2024-08-11 19:00:00,16,684.9,19,6,8
2024-08-11 20:00:00,14,695.6,20,6,8
2024-08-11 21:00:00,12,634.7,21,6,8
2024-08-11 22:00:00,1,34.5,22,6,8
2024-08-11 23:00:00,6,245.2,23,6,8
2024-08-12 00:00:00,1,29.6,0,0,8
2024-08-12 01:00:00,3,97.0,1,0,8
2024-08-12 02:00:00,6,227.6,2,0,8
2024-08-12 03:00:00,4,201.2,3,0,8
2024-08-12 04:00:00,1,57.3,4,0,8
2024-08-12 05:00:00,10,432.9,5,0,8
2024-08-12 06:00:00,11,571.6,6,0,8
2024-08-12 07:00:00,17,770.6,7,0,8
2024-08-12 08:00:00,32,1354.2,8,0,8
2024-08-12 09:00:00,40,1699.1,9,0,8
2024-08-12 10:00:00,37,1764.0,10,0,8
2024-08-12 11:00:00,46,2063.5,11,0,8
2024-08-12 12:00:00,41,1717.0,12,0,8
2024-08-12 13:00:00,40,1768.4,13,0,8
2024-08-12 14:00:00,43,1931.1000000000001,14,0,8
2024-08-12 15:00:00,32,1457.3,15,0,8
2024-08-12 16:00:00,27,1159.1,16,0,8
2024-08-12 17:00:00,37,1766.1,17,0,8
2024-08-12 18:00:00,28,1166.3,18,0,8
2024-08-12 19:00:00,25,1172.9,19,0,8
2024-08-12 20:00:00,10,460.8,20,0,8
2024-08-12 21:00:00,9,486.6,21,0,8
2024-08-12 22:00:00,3,104.3,22,0,8
2024-08-12 23:00:00,5,244.7,23,0,8
2024-08-13 00:00:00,9,406.20000000000005,0,1,8
2024-08-13 01:00:00,5,226.1,1,1,8
2024-08-13 02:00:00,3,112.1,2,1,8
2024-08-13 03:00:00,5,222.1,3,1,8
2024-08-13 04:00:00,2,106.6,4,1,8
2024-08-13 05:00:00,7,271.7,5,1,8
2024-08-13 06:00:00,3,145.60000000000002,6,1,8
2024-08-13 07:00:00,13,540.9,7,1,8
2024-08-13 08:00:00,31,1506.5,8,1,8
2024-08-13 09:00:00,35,1629.5,9,1,8
2024-08-13 10:00:00,47,2133.9,10,1,8
2024-08-13 11:00:00,30,1395.9,11,1,8
2024-08-13 12:00:00,41,1934.4,12,1,8
2024-08-13 13:00:00,32,1537.0,13,1,8
2024-08-13 14:00:00,55,2644.4,14,1,8
2024-08-13 15:00:00,31,1563.4,15,1,8
2024-08-13 16:00:00,46,2259.1,16,1,8
2024-08-13 17:00:00,31,1336.1,17,1,8
2024-08-13 18:00:00,21,970.5,18,1,8
2024-08-13 19:00:00,18,711.6,19,1,8
2024-08-13 20:00:00,11,502.8,20,1,8
2024-08-13 21:00:00,12,595.5,21,1,8
2024-08-13 22:00:00,4,211.5,22,1,8
2024-08-13 23:00:00,1,29.3,23,1,8
2024-08-14 00:00:00,8,415.9,0,2,8
2024-08-14 01:00:00,4,221.7,1,2,8
2024-08-14 02:00:00,6,343.0,2,2,8
2024-08-14 03:00:00,9,379.7,3,2,8
2024-08-14 04:00:00,8,420.6,4,2,8
2024-08-14 05:00:00,3,161.0,5,2,8
2024-08-14 06:00:00,19,880.9,6,2,8
2024-08-14 07:00:00,18,882.8,7,2,8
2024-08-14 08:00:00,25,1102.6,8,2,8
2024-08-14 09:00:00,36,1731.7,9,2,8
2024-08-14 10:00:00,48,1960.2,10,2,8
2024-08-14 11:00:00,29,1304.5,11,2,8
2024-08-14 12:00:00,44,2100.7,12,2,8
2024-08-14 13:00:00,43,1960.3,13,2,8
2024-08-14 14:00:00,34,1595.3,14,2,8
2024-08-14 15:00:00,31,1519.2,15,2,8
2024-08-14 16:00:00,33,1375.7,16,2,8
2024-08-14 17:00:00,25,1112.3,17,2,8
2024-08-14 18:00:00,22,1022.1,18,2,8
2024-08-14 19:00:00,15,709.0,19,2,8
2024-08-14 20:00:00,14,710.2,20,2,8
2024-08-14 21:00:00,11,509.5,21,2,8
2024-08-14 22:00:00,6,308.7,22,2,8
2024-08-14 23:00:00,8,377.0,23,2,8
2024-08-15 00:00:00,3,131.3,0,3,8
2024-08-15 01:00:00,6,265.5,1,3,8
2024-08-15 02:00:00,6,262.0,2,3,8
2024-08-15 03:00:00,3,194.7,3,3,8
2024-08-15 04:00:00,5,236.2,4,3,8
2024-08-15 05:00:00,9,491.2,5,3,8
2024-08-15 06:00:00,19,855.3,6,3,8
2024-08-15 07:00:00,14,636.6,7,3,8
2024-08-15 08:00:00,30,1392.3,8,3,8
2024-08-15 09:00:00,34,1568.6,9,3,8
2024-08-15 10:00:00,39,1772.7,10,3,8
2024-08-15 11:00:00,42,1906.8,11,3,8
2024-08-15 12:00:00,39,1750.1000000000001,12,3,8
2024-08-15 13:00:00,47,2075.8,13,3,8
2024-08-15 14:00:00,33,1462.2,14,3,8
2024-08-15 15:00:00,40,1801.3999999999999,15,3,8
2024-08-15 16:00:00,32,1631.8,16,3,8
2024-08-15 17:00:00,23,868.2,17,3,8
2024-08-15 18:00:00,25,1067.5,18,3,8
2024-08-15 19:00:00,21,917.8,19,3,8
2024-08-15 20:00:00,10,410.4,20,3,8
2024-08-15 21:00:00,10,528.7,21,3,8
2024-08-15 22:00:00,2,59.3,22,3,8
2024-08-15 23:00:00,3,117.10000000000001,23,3,8
2024-08-16 00:00:00,4,146.1,0,4,8
2024-08-16 01:00:00,3,120.9,1,4,8
2024-08-16 02:00:00,1,29.7,2,4,8
2024-08-16 03:00:00,6,301.9,3,4,8
2024-08-16 04:00:00,5,191.39999999999998,4,4,8
2024-08-16 05:00:00,5,211.0,5,4,8
2024-08-16 06:00:00,9,501.5,6,4,8
2024-08-16 07:00:00,18,831.7,7,4,8
2024-08-16 08:00:00,25,1169.0,8,4,8
2024-08-16 09:00:00,36,1543.6,9,4,8
2024-08-16 10:00:00,37,1707.2,10,4,8
2024-08-16 11:00:00,45,1878.3,11,4,8
2024-08-16 12:00:00,46,2265.6,12,4,8
2024-08-16 13:00:00,30,1468.5,13,4,8
2024-08-16 14:00:00,32,1242.7,14,4,8
2024-08-16 15:00:00,35,1609.5,15,4,8
2024-08-16 16:00:00,40,1949.8,16,4,8
2024-08-16 17:00:00,28,1317.8,17,4,8
2024-08-16 18:00:00,17,923.8,18,4,8
2024-08-16 19:00:00,27,1287.0,19,4,8
2024-08-16 20:00:00,10,532.7,20,4,8
2024-08-16 21:00:00,8,352.4,21,4,8
2024-08-16 22:00:00,3,90.2,22,4,8
2024-08-16 23:00:00,1,37.2,23,4,8
2024-08-17 00:00:00,1,32.4,0,5,8
2024-08-17 01:00:00,3,100.6,1,5,8
2024-08-17 02:00:00,1,53.3,2,5,8
2024-08-17 03:00:00,3,162.8,3,5,8
2024-08-17 04:00:00,3,178.2,4,5,8
2024-08-17 05:00:00,4,184.2,5,5,8
2024-08-17 06:00:00,17,820.7,6,5,8
2024-08-17 07:00:00,13,722.4,7,5,8
2024-08-17 08:00:00,19,995.6,8,5,8
2024-08-17 09:00:00,28,1348.5,9,5,8
2024-08-17 10:00:00,25,1158.8999999999999,10,5,8
2024-08-17 11:00:00,30,1469.8,11,5,8
2024-08-17 12:00:00,37,1623.6,12,5,8
2024-08-17 13:00:00,21,986.5,13,5,8
2024-08-17 14:00:00,28,1209.6,14,5,8
2024-08-17 15:00:00,28,1306.6,15,5,8
2024-08-17 16:00:00,13,661.1,16,5,8
2024-08-17 17:00:00,23,1053.8999999999999,17,5,8
2024-08-17 18:00:00,17,731.7,18,5,8
2024-08-17 19:00:00,14,644.1,19,5,8
2024-08-17 20:00:00,10,436.5,20,5,8
2024-08-17 21:00:00,7,436.3,21,5,8
2024-08-17 22:00:00,3,125.5,22,5,8
2024-08-17 23:00:00,0,0.0,23,5,8
2024-08-18 00:00:00,2,99.19999999999999,0,6,8
2024-08-18 01:00:00,4,260.8,1,6,8
2024-08-18 02:00:00,7,319.59999999999997,2,6,8
2024-08-18 03:00:00,3,199.0,3,6,8
2024-08-18 04:00:00,2,104.5,4,6,8
2024-08-18 05:00:00,3,191.3,5,6,8
2024-08-18 06:00:00,13,671.7,6,6,8
2024-08-18 07:00:00,8,372.5,7,6,8
2024-08-18 08:00:00,23,975.4,8,6,8
2024-08-18 09:00:00,30,1384.9,9,6,8
2024-08-18 10:00:00,31,1427.6,10,6,8
2024-08-18 11:00:00,34,1613.9,11,6,8
2024-08-18 12:00:00,31,1611.0,12,6,8
2024-08-18 13:00:00,25,1248.0,13,6,8
2024-08-18 14:00:00,36,1618.1,14,6,8
2024-08-18 15:00:00,28,1410.1,15,6,8
2024-08-18 16:00:00,17,858.5,16,6,8
2024-08-18 17:00:00,18,737.7,17,6,8
2024-08-18 18:00:00,17,811.5,18,6,8
2024-08-18 19:00:00,17,846.1,19,6,8
2024-08-18 20:00:00,9,421.5,20,6,8
2024-08-18 21:00:00,6,306.7,21,6,8
2024-08-18 22:00:00,2,109.4,22,6,8
2024-08-18 23:00:00,0,0.0,23,6,8
2024-08-19 00:00:00,4,183.8,0,0,8
2024-08-19 01:00:00,1,48.5,1,0,8
2024-08-19 02:00:00,3,118.8,2,0,8
2024-08-19 03:00:00,6,294.5,3,0,8
2024-08-19 04:00:00,4,186.2,4,0,8
2024-08-19 05:00:00,12,552.3,5,0,8
2024-08-19 06:00:00,8,380.0,6,0,8
2024-08-19 07:00:00,15,680.9,7,0,8
2024-08-19 08:00:00,36,1558.7,8,0,8
2024-08-19 09:00:00,42,1848.9,9,0,8
2024-08-19 10:00:00,43,2050.7,10,0,8
2024-08-19 11:00:00,35,1587.4,11,0,8
2024-08-19 12:00:00,57,2608.9,12,0,8
2024-08-19 13:00:00,30,1457.1000000000001,13,0,8
2024-08-19 14:00:00,44,2111.9,14,0,8
2024-08-19 15:00:00,45,2030.9,15,0,8
2024-08-19 16:00:00,27,1204.0,16,0,8
2024-08-19 17:00:00,24,1141.9,17,0,8
2024-08-19 18:00:00,18,784.0,18,0,8
2024-08-19 19:00:00,25,1189.2,19,0,8
2024-08-19 20:00:00,9,474.5,20,0,8
2024-08-19 21:00:00,7,301.6,21,0,8
2024-08-19 22:00:00,3,199.4,22,0,8
2024-08-19 23:00:00,4,138.8,23,0,8
2024-08-20 00:00:00,5,228.7,0,1,8
2024-08-20 01:00:00,2,63.6,1,1,8
2024-08-20 02:00:00,6,325.3,2,1,8
2024-08-20 03:00:00,1,37.0,3,1,8
2024-08-20 04:00:00,0,0.0,4,1,8
2024-08-20 05:00:00,8,386.9,5,1,8
2024-08-20 06:00:00,17,861.4,6,1,8
2024-08-20 07:00:00,16,682.9,7,1,8
2024-08-20 08:00:00,34,1342.9,8,1,8
2024-08-20 09:00:00,40,1820.5,9,1,8
2024-08-20 10:00:00,25,1080.4,10,1,8
2024-08-20 11:00:00,48,2179.2,11,1,8
2024-08-20 12:00:00,46,2235.1,12,1,8
2024-08-20 13:00:00,34,1639.4,13,1,8
2024-08-20 14:00:00,45,2117.7,14,1,8
2024-08-20 15:00:00,27,1301.0,15,1,8
2024-08-20 16:00:00,39,1828.9,16,1,8
2024-08-20 17:00:00,31,1558.0,17,1,8
2024-08-20 18:00:00,20,974.0,18,1,8
2024-08-20 19:00:00,13,681.0,19,1,8
2024-08-20 20:00:00,17,671.2,20,1,8
2024-08-20 21:00:00,10,466.0,21,1,8
2024-08-20 22:00:00,2,112.6,22,1,8
2024-08-20 23:00:00,3,142.1,23,1,8
2024-08-21 00:00:00,4,182.8,0,2,8
2024-08-21 01:00:00,5,223.8,1,2,8
2024-08-21 02:00:00,4,145.8,2,2,8
2024-08-21 03:00:00,6,286.2,3,2,8
2024-08-21 04:00:00,3,127.8,4,2,8
2024-08-21 05:00:00,8,321.6,5,2,8
2024-08-21 06:00:00,19,867.8,6,2,8
2024-08-21 07:00:00,13,719.6,7,2,8
2024-08-21 08:00:00,19,968.1999999999999,8,2,8
2024-08-21 09:00:00,31,1397.6,9,2,8
2024-08-21 10:00:00,56,2551.3,10,2,8
2024-08-21 11:00:00,39,1831.4,11,2,8
2024-08-21 12:00:00,51,2518.3,12,2,8
2024-08-21 13:00:00,44,2167.0,13,2,8
2024-08-21 14:00:00,38,1608.5,14,2,8
2024-08-21 15:00:00,33,1406.0,15,2,8
2024-08-21 16:00:00,32,1529.0,16,2,8
2024-08-21 17:00:00,28,1416.7,17,2,8
2024-08-21 18:00:00,12,522.1,18,2,8
2024-08-21 19:00:00,13,609.2,19,2,8
2024-08-21 20:00:00,14,613.6,20,2,8
2024-08-21 21:00:00,5,233.8,21,2,8
2024-08-21 22:00:00,7,366.9,22,2,8
2024-08-21 23:00:00,6,291.5,23,2,8
2024-08-22 00:00:00,4,212.0,0,3,8
2024-08-22 01:00:00,4,241.0,1,3,8
2024-08-22 02:00:00,2,141.9,2,3,8
2024-08-22 03:00:00,2,76.1,3,3,8
2024-08-22 04:00:00,7,386.4,4,3,8
2024-08-22 05:00:00,6,344.4,5,3,8
2024-08-22 06:00:00,16,803.1,6,3,8
2024-08-22 07:00:00,16,787.5,7,3,8
2024-08-22 08:00:00,22,1116.9,8,3,8
2024-08-22 09:00:00,25,1179.3,9,3,8
2024-08-22 10:00:00,38,1952.3,10,3,8
2024-08-22 11:00:00,39,1756.3,11,3,8
2024-08-22 12:00:00,47,2252.1,12,3,8
2024-08-22 13:00:00,30,1241.5,13,3,8
2024-08-22 14:00:00,40,1637.8,14,3,8
2024-08-22 15:00:00,42,1877.6,15,3,8
2024-08-22 16:00:00,40,1836.3,16,3,8
2024-08-22 17:00:00,33,1487.8,17,3,8
2024-08-22 18:00:00,21,897.0,18,3,8
2024-08-22 19:00:00,15,704.6,19,3,8
2024-08-22 20:00:00,20,1028.9,20,3,8
2024-08-22 21:00:00,11,591.7,21,3,8
2024-08-22 22:00:00,3,116.8,22,3,8
2024-08-22 23:00:00,3,103.0,23,3,8
2024-08-23 00:00:00,5,253.3,0,4,8
2024-08-23 01:00:00,7,338.6,1,4,8
2024-08-23 02:00:00,5,203.3,2,4,8
2024-08-23 03:00:00,2,94.0,3,4,8
2024-08-23 04:00:00,4,208.5,4,4,8
2024-08-23 05:00:00,12,568.4,5,4,8
2024-08-23 06:00:00,12,539.4,6,4,8
2024-08-23 07:00:00,17,744.5,7,4,8
2024-08-23 08:00:00,27,1234.0,8,4,8
2024-08-23 09:00:00,38,1889.1,9,4,8
2024-08-23 10:00:00,40,1914.3,10,4,8
2024-08-23 11:00:00,42,2047.9,11,4,8
2024-08-23 12:00:00,35,1791.7,12,4,8
2024-08-23 13:00:00,43,1888.3,13,4,8
2024-08-23 14:00:00,41,1812.7,14,4,8
2024-08-23 15:00:00,38,1850.8,15,4,8
2024-08-23 16:00:00,28,1163.8,16,4,8
2024-08-23 17:00:00,31,1447.0,17,4,8
2024-08-23 18:00:00,23,1013.9,18,4,8
2024-08-23 19:00:00,17,709.0,19,4,8
2024-08-23 20:00:00,8,397.2,20,4,8
2024-08-23 21:00:00,6,346.9,21,4,8
2024-08-23 22:00:00,10,499.3,22,4,8
2024-08-23 23:00:00,3,92.8,23,4,8
2024-08-24 00:00:00,4,211.4,0,5,8
2024-08-24 01:00:00,5,275.2,1,5,8
2024-08-24 02:00:00,3,180.39999999999998,2,5,8
2024-08-24 03:00:00,1,35.0,3,5,8
2024-08-24 04:00:00,7,310.0,4,5,8
2024-08-24 05:00:00,9,316.0,5,5,8
2024-08-24 06:00:00,10,458.40000000000003,6,5,8
2024-08-24 07:00:00,8,303.4,7,5,8
2024-08-24 08:00:00,19,951.4,8,5,8
2024-08-24 09:00:00,25,1247.9,9,5,8
2024-08-24 10:00:00,27,1405.4,10,5,8
2024-08-24 11:00:00,24,1184.6,11,5,8
2024-08-24 12:00:00,37,1792.8999999999999,12,5,8
2024-08-24 13:00:00,26,1149.4,13,5,8
2024-08-24 14:00:00,20,929.4,14,5,8
2024-08-24 15:00:00,26,1168.6,15,5,8
2024-08-24 16:00:00,23,1046.1,16,5,8
2024-08-24 17:00:00,16,744.7,17,5,8
2024-08-24 18:00:00,11,525.8,18,5,8
2024-08-24 19:00:00,13,579.4,19,5,8
2024-08-24 20:00:00,14,596.1,20,5,8
2024-08-24 21:00:00,9,443.8,21,5,8
2024-08-24 22:00:00,7,272.5,22,5,8
2024-08-24 23:00:00,3,160.3,23,5,8
2024-08-25 00:00:00,3,141.5,0,6,8
2024-08-25 01:00:00,4,137.1,1,6,8
2024-08-25 02:00:00,3,140.2,2,6,8
2024-08-25 03:00:00,2,111.2,3,6,8
2024-08-25 04:00:00,4,193.8,4,6,8
2024-08-25 05:00:00,6,309.0,5,6,8
2024-08-25 06:00:00,12,447.1,6,6,8
2024-08-25 07:00:00,14,775.2,7,6,8
2024-08-25 08:00:00,23,990.1,8,6,8
2024-08-25 09:00:00,22,1022.0,9,6,8
2024-08-25 10:00:00,32,1509.1,10,6,8
2024-08-25 11:00:00,30,1267.5,11,6,8
2024-08-25 12:00:00,29,1365.0,12,6,8
2024-08-25 13:00:00,23,1143.7,13,6,8
2024-08-25 14:00:00,28,1395.5,14,6,8
2024-08-25 15:00:00,31,1539.2,15,6,8
2024-08-25 16:00:00,27,1084.0,16,6,8
2024-08-25 17:00:00,21,1075.1,17,6,8
2024-08-25 18:00:00,17,876.0,18,6,8
2024-08-25 19:00:00,4,146.8,19,6,8
2024-08-25 20:00:00,7,336.6,20,6,8
2024-08-25 21:00:00,3,101.69999999999999,21,6,8
2024-08-25 22:00:00,2,114.8,22,6,8
2024-08-25 23:00:00,5,216.1,23,6,8
2024-08-26 00:00:00,7,267.9,0,0,8
2024-08-26 01:00:00,6,256.8,1,0,8
2024-08-26 02:00:00,2,104.7,2,0,8
2024-08-26 03:00:00,4,168.6,3,0,8
2024-08-26 04:00:00,3,137.5,4,0,8
2024-08-26 05:00:00,7,325.8,5,0,8
2024-08-26 06:00:00,15,748.4,6,0,8
2024-08-26 07:00:00,14,648.3,7,0,8
2024-08-26 08:00:00,21,945.8,8,0,8
2024-08-26 09:00:00,42,1965.3,9,0,8
2024-08-26 10:00:00,39,1749.6,10,0,8
2024-08-26 11:00:00,58,2692.7,11,0,8
2024-08-26 12:00:00,48,2500.4,12,0,8
2024-08-26 13:00:00,41,1939.2,13,0,8
2024-08-26 14:00:00,46,2149.2,14,0,8
2024-08-26 15:00:00,34,1536.0,15,0,8
2024-08-26 16:00:00,31,1602.9,16,0,8
2024-08-26 17:00:00,30,1493.2,17,0,8
2024-08-26 18:00:00,16,773.5,18,0,8
2024-08-26 19:00:00,23,1134.1,19,0,8
2024-08-26 20:00:00,14,639.7,20,0,8
2024-08-26 21:00:00,6,318.7,21,0,8
2024-08-26 22:00:00,3,168.0,22,0,8
2024-08-26 23:00:00,4,237.6,23,0,8
2024-08-27 00:00:00,3,116.6,0,1,8
2024-08-27 01:00:00,8,350.0,1,1,8
2024-08-27 02:00:00,2,80.69999999999999,2,1,8
2024-08-27 03:00:00,6,257.1,3,1,8
2024-08-27 04:00:00,8,347.7,4,1,8
2024-08-27 05:00:00,7,322.1,5,1,8
2024-08-27 06:00:00,12,546.6,6,1,8
2024-08-27 07:00:00,15,715.2,7,1,8
2024-08-27 08:00:00,25,1241.7,8,1,8
2024-08-27 09:00:00,32,1489.4,9,1,8
2024-08-27 10:00:00,45,2113.8,10,1,8
2024-08-27 11:00:00,44,2067.4,11,1,8
2024-08-27 12:00:00,34,1485.3,12,1,8
2024-08-27 13:00:00,48,2137.0,13,1,8
2024-08-27 14:00:00,46,2053.4,14,1,8
2024-08-27 15:00:00,30,1343.1,15,1,8
2024-08-27 16:00:00,30,1369.4,16,1,8
2024-08-27 17:00:00,25,1062.3,17,1,8
2024-08-27 18:00:00,15,815.1,18,1,8
2024-08-27 19:00:00,25,1221.3,19,1,8
2024-08-27 20:00:00,17,697.6,20,1,8
2024-08-27 21:00:00,1,33.0,21,1,8
2024-08-27 22:00:00,4,190.4,22,1,8
2024-08-27 23:00:00,9,357.6,23,1,8
2024-08-28 00:00:00,4,217.7,0,2,8
2024-08-28 01:00:00,3,161.3,1,2,8
2024-08-28 02:00:00,3,109.4,2,2,8
2024-08-28 03:00:00,3,116.30000000000001,3,2,8
2024-08-28 04:00:00,3,147.3,4,2,8
2024-08-28 05:00:00,11,517.3,5,2,8
2024-08-28 06:00:00,17,790.1,6,2,8
2024-08-28 07:00:00,18,735.4,7,2,8
2024-08-28 08:00:00,26,1185.7,8,2,8
2024-08-28 09:00:00,34,1500.3,9,2,8
2024-08-28 10:00:00,48,2059.7,10,2,8
2024-08-28 11:00:00,36,1708.5,11,2,8
2024-08-28 12:00:00,36,1832.3,12,2,8
2024-08-28 13:00:00,42,1976.7,13,2,8
2024-08-28 14:00:00,40,1603.6,14,2,8
2024-08-28 15:00:00,33,1657.9,15,2,8
2024-08-28 16:00:00,29,1368.6,16,2,8
2024-08-28 17:00:00,31,1537.1,17,2,8
2024-08-28 18:00:00,21,1031.0,18,2,8
2024-08-28 19:00:00,27,1278.1,19,2,8
2024-08-28 20:00:00,14,639.7,20,2,8
2024-08-28 21:00:00,4,132.9,21,2,8
2024-08-28 22:00:00,3,171.8,22,2,8
2024-08-28 23:00:00,4,160.4,23,2,8
2024-08-29 00:00:00,6,325.0,0,3,8
2024-08-29 01:00:00,1,27.9,1,3,8
2024-08-29 02:00:00,5,255.3,2,3,8
2024-08-29 03:00:00,5,230.9,3,3,8
2024-08-29 04:00:00,5,222.6,4,3,8
2024-08-29 05:00:00,7,297.3,5,3,8
2024-08-29 06:00:00,9,381.8,6,3,8
2024-08-29 07:00:00,23,1017.6,7,3,8
2024-08-29 08:00:00,31,1598.3,8,3,8
2024-08-29 09:00:00,34,1587.9,9,3,8
2024-08-29 10:00:00,32,1497.1,10,3,8
2024-08-29 11:00:00,38,1846.9,11,3,8
2024-08-29 12:00:00,35,1608.5,12,3,8
2024-08-29 13:00:00,41,1787.7,13,3,8
2024-08-29 14:00:00,55,2485.3,14,3,8
2024-08-29 15:00:00,32,1361.3,15,3,8
2024-08-29 16:00:00,28,1363.8,16,3,8
2024-08-29 17:00:00,27,1302.8,17,3,8
2024-08-29 18:00:00,19,825.2,18,3,8
2024-08-29 19:00:00,13,563.7,19,3,8
2024-08-29 20:00:00,5,246.4,20,3,8
2024-08-29 21:00:00,9,330.4,21,3,8
2024-08-29 22:00:00,2,112.7,22,3,8
2024-08-29 23:00:00,4,126.5,23,3,8
2024-08-30 00:00:00,1,34.8,0,4,8
2024-08-30 01:00:00,3,132.7,1,4,8
2024-08-30 02:00:00,2,81.30000000000001,2,4,8
2024-08-30 03:00:00,3,145.39999999999998,3,4,8
2024-08-30 04:00:00,6,231.5,4,4,8
2024-08-30 05:00:00,2,119.6,5,4,8
2024-08-30 06:00:00,15,683.0,6,4,8
2024-08-30 07:00:00,18,877.1,7,4,8
2024-08-30 08:00:00,30,1449.8,8,4,8
2024-08-30 09:00:00,37,1626.3,9,4,8
2024-08-30 10:00:00,50,2291.8,10,4,8
2024-08-30 11:00:00,38,1826.2,11,4,8
2024-08-30 12:00:00,38,1698.7,12,4,8
2024-08-30 13:00:00,40,1752.8,13,4,8
2024-08-30 14:00:00,35,1388.2,14,4,8
2024-08-30 15:00:00,39,1791.9,15,4,8
2024-08-30 16:00:00,30,1399.5,16,4,8
2024-08-30 17:00:00,28,1360.2,17,4,8
2024-08-30 18:00:00,27,1266.5,18,4,8
2024-08-30 19:00:00,15,687.0,19,4,8
2024-08-30 20:00:00,12,603.5,20,4,8
2024-08-30 21:00:00,10,443.3,21,4,8
2024-08-30 22:00:00,6,275.70000000000005,22,4,8
2024-08-30 23:00:00,7,385.4,23,4,8
2024-08-31 00:00:00,3,140.7,0,5,8
2024-08-31 01:00:00,2,77.2,1,5,8
2024-08-31 02:00:00,3,133.6,2,5,8
2024-08-31 03:00:00,3,127.4,3,5,8
2024-08-31 04:00:00,2,123.80000000000001,4,5,8
2024-08-31 05:00:00,7,333.6,5,5,8
2024-08-31 06:00:00,3,117.7,6,5,8
2024-08-31 07:00:00,18,821.7,7,5,8
2024-08-31 08:00:00,17,720.2,8,5,8
2024-08-31 09:00:00,35,1602.5,9,5,8
2024-08-31 10:00:00,21,873.1,10,5,8
2024-08-31 11:00:00,37,1545.1,11,5,8
2024-08-31 12:00:00,32,1580.7,12,5,8
2024-08-31 13:00:00,33,1407.1,13,5,8
2024-08-31 14:00:00,26,1090.0,14,5,8
2024-08-31 15:00:00,24,950.5,15,5,8
2024-08-31 16:00:00,28,1246.9,16,5,8
2024-08-31 17:00:00,17,813.9,17,5,8
2024-08-31 18:00:00,12,495.7,18,5,8
2024-08-31 19:00:00,17,707.2,19,5,8
2024-08-31 20:00:00,8,452.3,20,5,8
2024-08-31 21:00:00,3,129.9,21,5,8
2024-08-31 22:00:00,4,138.4,22,5,8
2024-08-31 23:00:00,5,246.9,23,5,8
2024-09-01 00:00:00,3,124.39999999999999,0,6,9
2024-09-01 01:00:00,4,178.2,1,6,9
2024-09-01 02:00:00,4,185.9,2,6,9
2024-09-01 03:00:00,5,180.5,3,6,9
2024-09-01 04:00:00,1,63.7,4,6,9
2024-09-01 05:00:00,6,222.7,5,6,9
2024-09-01 06:00:00,6,279.7,6,6,9
2024-09-01 07:00:00,7,340.9,7,6,9
2024-09-01 08:00:00,26,1214.0,8,6,9
2024-09-01 09:00:00,27,1355.2,9,6,9
2024-09-01 10:00:00,27,1369.4,10,6,9
2024-09-01 11:00:00,28,1254.2,11,6,9
2024-09-01 12:00:00,24,1085.5,12,6,9
2024-09-01 13:00:00,29,1302.6,13,6,9
2024-09-01 14:00:00,24,1105.6,14,6,9
2024-09-01 15:00:00,23,1067.7,15,6,9
2024-09-01 16:00:00,18,927.9,16,6,9
2024-09-01 17:00:00,16,763.0,17,6,9
2024-09-01 18:00:00,23,1126.1,18,6,9
2024-09-01 19:00:00,13,669.8,19,6,9
2024-09-01 20:00:00,7,341.8,20,6,9
2024-09-01 21:00:00,4,167.2,21,6,9
2024-09-01 22:00:00,1,36.4,22,6,9
2024-09-01 23:00:00,3,95.3,23,6,9
2024-09-02 00:00:00,3,156.3,0,0,9
2024-09-02 01:00:00,4,189.9,1,0,9
2024-09-02 02:00:00,2,96.30000000000001,2,0,9
2024-09-02 03:00:00,2,73.4,3,0,9
2024-09-02 04:00:00,3,164.5,4,0,9
2024-09-02 05:00:00,5,216.8,5,0,9
2024-09-02 06:00:00,20,967.8,6,0,9
2024-09-02 07:00:00,22,1039.4,7,0,9
2024-09-02 08:00:00,35,1639.7,8,0,9
2024-09-02 09:00:00,30,1482.1,9,0,9
2024-09-02 10:00:00,45,2010.8,10,0,9
2024-09-02 11:00:00,51,2397.3,11,0,9
2024-09-02 12:00:00,39,1807.7,12,0,9
2024-09-02 13:00:00,32,1602.5,13,0,9
2024-09-02 14:00:00,47,2214.6,14,0,9
2024-09-02 15:00:00,32,1523.6,15,0,9
2024-09-02 16:00:00,37,1612.0,16,0,9
2024-09-02 17:00:00,20,868.6,17,0,9
2024-09-02 18:00:00,18,777.7,18,0,9
2024-09-02 19:00:00,22,921.3,19,0,9
2024-09-02 20:00:00,11,462.0,20,0,9
2024-09-02 21:00:00,8,402.3,21,0,9
2024-09-02 22:00:00,6,265.1,22,0,9
2024-09-02 23:00:00,8,440.5,23,0,9
2024-09-03 00:00:00,1,34.2,0,1,9
2024-09-03 01:00:00,5,228.7,1,1,9
2024-09-03 02:00:00,5,211.6,2,1,9
2024-09-03 03:00:00,6,336.8,3,1,9
2024-09-03 04:00:00,6,255.39999999999998,4,1,9
2024-09-03 05:00:00,8,361.7,5,1,9
2024-09-03 06:00:00,15,647.8,6,1,9
2024-09-03 07:00:00,25,1216.3,7,1,9
2024-09-03 08:00:00,27,1198.3,8,1,9
2024-09-03 09:00:00,28,1272.3,9,1,9
2024-09-03 10:00:00,33,1715.1,10,1,9
2024-09-03 11:00:00,47,2186.3,11,1,9
2024-09-03 12:00:00,44,2110.6,12,1,9
2024-09-03 13:00:00,36,1681.4,13,1,9
2024-09-03 14:00:00,54,2735.6,14,1,9
2024-09-03 15:00:00,33,1653.5,15,1,9
2024-09-03 16:00:00,43,2130.1,16,1,9
2024-09-03 17:00:00,26,1303.1,17,1,9
2024-09-03 18:00:00,22,1083.4,18,1,9
2024-09-03 19:00:00,23,1112.6,19,1,9
2024-09-03 20:00:00,17,795.6,20,1,9
2024-09-03 21:00:00,11,430.1,21,1,9
2024-09-03 22:00:00,4,201.8,22,1,9
2024-09-03 23:00:00,7,405.3,23,1,9
2024-09-04 00:00:00,4,135.6,0,2,9
2024-09-04 01:00:00,5,171.8,1,2,9
2024-09-04 02:00:00,4,166.3,2,2,9
2024-09-04 03:00:00,3,153.6,3,2,9
2024-09-04 04:00:00,1,38.3,4,2,9
2024-09-04 05:00:00,8,409.0,5,2,9
2024-09-04 06:00:00,14,746.5,6,2,9
2024-09-04 07:00:00,18,848.3,7,2,9
2024-09-04 08:00:00,24,1195.8,8,2,9
2024-09-04 09:00:00,32,1536.1,9,2,9
2024-09-04 10:00:00,46,2042.4,10,2,9
2024-09-04 11:00:00,36,1765.3,11,2,9
2024-09-04 12:00:00,34,1515.6,12,2,9
2024-09-04 13:00:00,35,1706.3,13,2,9
2024-09-04 14:00:00,39,1773.6,14,2,9
2024-09-04 15:00:00,24,1142.4,15,2,9
2024-09-04 16:00:00,35,1588.6,16,2,9
2024-09-04 17:00:00,26,1479.5,17,2,9
2024-09-04 18:00:00,29,1401.6,18,2,9
2024-09-04 19:00:00,14,690.5,19,2,9
2024-09-04 20:00:00,11,591.5,20,2,9
2024-09-04 21:00:00,9,333.2,21,2,9
2024-09-04 22:00:00,6,311.7,22,2,9
2024-09-04 23:00:00,2,64.9,23,2,9
2024-09-05 00:00:00,4,217.2,0,3,9
2024-09-05 01:00:00,7,291.3,1,3,9
2024-09-05 02:00:00,6,279.6,2,3,9
2024-09-05 03:00:00,1,80.0,3,3,9
2024-09-05 04:00:00,5,261.1,4,3,9
2024-09-05 05:00:00,7,378.4,5,3,9
2024-09-05 06:00:00,15,743.1,6,3,9
2024-09-05 07:00:00,18,1003.6,7,3,9
2024-09-05 08:00:00,21,859.1,8,3,9
2024-09-05 09:00:00,37,1684.6,9,3,9
2024-09-05 10:00:00,42,2084.0,10,3,9
2024-09-05 11:00:00,38,1642.6,11,3,9
2024-09-05 12:00:00,37,1671.7,12,3,9
2024-09-05 13:00:00,40,1889.9,13,3,9
2024-09-05 14:00:00,37,1794.8,14,3,9
2024-09-05 15:00:00,48,2149.1,15,3,9
2024-09-05 16:00:00,28,1265.3,16,3,9
2024-09-05 17:00:00,32,1449.7,17,3,9
2024-09-05 18:00:00,15,618.5,18,3,9
2024-09-05 19:00:00,18,751.9,19,3,9
2024-09-05 20:00:00,10,479.2,20,3,9
2024-09-05 21:00:00,2,133.8,21,3,9
2024-09-05 22:00:00,3,160.1,22,3,9
2024-09-05 23:00:00,2,61.5,23,3,9
2024-09-06 00:00:00,4,144.7,0,4,9
2024-09-06 01:00:00,8,392.9,1,4,9
2024-09-06 02:00:00,5,255.29999999999998,2,4,9
2024-09-06 03:00:00,5,210.6,3,4,9
2024-09-06 04:00:00,3,89.5,4,4,9
2024-09-06 05:00:00,7,350.4,5,4,9
2024-09-06 06:00:00,7,311.2,6,4,9
2024-09-06 07:00:00,18,910.1,7,4,9
2024-09-06 08:00:00,28,1347.9,8,4,9
2024-09-06 09:00:00,35,1567.9,9,4,9
2024-09-06 10:00:00,45,2204.1,10,4,9
2024-09-06 11:00:00,43,2251.8,11,4,9
2024-09-06 12:00:00,43,2008.9,12,4,9
2024-09-06 13:00:00,43,1951.7,13,4,9
2024-09-06 14:00:00,39,1691.6,14,4,9
2024-09-06 15:00:00,23,1026.9,15,4,9
2024-09-06 16:00:00,34,1751.0,16,4,9
2024-09-06 17:00:00,27,1205.9,17,4,9
2024-09-06 18:00:00,19,939.2,18,4,9
2024-09-06 19:00:00,24,1004.9,19,4,9
2024-09-06 20:00:00,12,596.1,20,4,9
2024-09-06 21:00:00,8,330.9,21,4,9
2024-09-06 22:00:00,4,193.0,22,4,9
2024-09-06 23:00:00,3,134.9,23,4,9
2024-09-07 00:00:00,3,140.4,0,5,9
2024-09-07 01:00:00,7,316.1,1,5,9
2024-09-07 02:00:00,9,404.1,2,5,9
2024-09-07 03:00:00,2,72.30000000000001,3,5,9
2024-09-07 04:00:00,4,166.7,4,5,9
2024-09-07 05:00:00,4,150.2,5,5,9
2024-09-07 06:00:00,9,355.2,6,5,9
2024-09-07 07:00:00,10,483.8,7,5,9
2024-09-07 08:00:00,15,643.5,8,5,9
2024-09-07 09:00:00,31,1696.4,9,5,9
2024-09-07 10:00:00,33,1684.4,10,5,9
2024-09-07 11:00:00,25,1296.2,11,5,9
2024-09-07 12:00:00,26,1250.9,12,5,9
2024-09-07 13:00:00,29,1267.6,13,5,9
2024-09-07 14:00:00,35,1659.8,14,5,9
2024-09-07 15:00:00,32,1503.7,15,5,9
2024-09-07 16:00:00,21,1086.3,16,5,9
2024-09-07 17:00:00,22,1032.2,17,5,9
2024-09-07 18:00:00,15,675.2,18,5,9
2024-09-07 19:00:00,13,580.2,19,5,9
2024-09-07 20:00:00,8,414.6,20,5,9
2024-09-07 21:00:00,10,461.1,21,5,9
2024-09-07 22:00:00,4,145.0,22,5,9
2024-09-07 23:00:00,5,237.2,23,5,9
2024-09-08 00:00:00,1,44.3,0,6,9
2024-09-08 01:00:00,3,130.0,1,6,9
2024-09-08 02:00:00,2,99.30000000000001,2,6,9
2024-09-08 03:00:00,1,37.5,3,6,9
2024-09-08 04:00:00,3,120.0,4,6,9
2024-09-08 05:00:00,6,354.9,5,6,9
2024-09-08 06:00:00,8,374.3,6,6,9
2024-09-08 07:00:00,16,754.9,7,6,9
2024-09-08 08:00:00,27,1300.6,8,6,9
2024-09-08 09:00:00,27,1289.7,9,6,9
2024-09-08 10:00:00,32,1417.8,10,6,9
2024-09-08 11:00:00,37,1689.3,11,6,9
2024-09-08 12:00:00,26,1153.5,12,6,9
2024-09-08 13:00:00,39,1740.5,13,6,9
2024-09-08 14:00:00,25,1147.4,14,6,9
2024-09-08 15:00:00,26,1103.5,15,6,9
2024-09-08 16:00:00,14,619.0,16,6,9
2024-09-08 17:00:00,25,1166.4,17,6,9
2024-09-08 18:00:00,26,1369.7,18,6,9
2024-09-08 19:00:00,13,643.1,19,6,9
2024-09-08 20:00:00,6,377.6,20,6,9
2024-09-08 21:00:00,9,388.8,21,6,9
2024-09-08 22:00:00,0,0.0,22,6,9
2024-09-08 23:00:00,4,144.4,23,6,9
2024-09-09 00:00:00,6,301.8,0,0,9
2024-09-09 01:00:00,6,292.1,1,0,9
2024-09-09 02:00:00,4,168.6,2,0,9
2024-09-09 03:00:00,3,167.3,3,0,9
2024-09-09 04:00:00,2,106.5,4,0,9
2024-09-09 05:00:00,9,482.7,5,0,9
2024-09-09 06:00:00,11,579.0,6,0,9
2024-09-09 07:00:00,20,903.2,7,0,9
2024-09-09 08:00:00,33,1447.2,8,0,9
2024-09-09 09:00:00,38,1633.7,9,0,9
2024-09-09 10:00:00,39,1638.9,10,0,9
2024-09-09 11:00:00,43,2032.7,11,0,9
2024-09-09 12:00:00,45,2061.0,12,0,9
2024-09-09 13:00:00,39,1949.5,13,0,9
2024-09-09 14:00:00,33,1540.7,14,0,9
2024-09-09 15:00:00,33,1487.2,15,0,9
2024-09-09 16:00:00,36,1793.4,16,0,9
2024-09-09 17:00:00,20,800.1,17,0,9
2024-09-09 18:00:00,20,938.3,18,0,9
2024-09-09 19:00:00,17,757.0,19,0,9
2024-09-09 20:00:00,11,521.7,20,0,9
2024-09-09 21:00:00,10,546.6,21,0,9
2024-09-09 22:00:00,7,359.4,22,0,9
2024-09-09 23:00:00,3,119.9,23,0,9
2024-09-10 00:00:00,3,131.79999999999998,0,1,9
2024-09-10 01:00:00,5,175.7,1,1,9
2024-09-10 02:00:00,6,230.3,2,1,9
2024-09-10 03:00:00,6,307.4,3,1,9
2024-09-10 04:00:00,4,190.3,4,1,9
2024-09-10 05:00:00,5,188.2,5,1,9
2024-09-10 06:00:00,9,385.1,6,1,9
2024-09-10 07:00:00,19,915.3,7,1,9
2024-09-10 08:00:00,32,1468.6,8,1,9
2024-09-10 09:00:00,48,2076.7,9,1,9
2024-09-10 10:00:00,46,2069.5,10,1,9
2024-09-10 11:00:00,32,1378.8,11,1,9
2024-09-10 12:00:00,44,2031.3,12,1,9
2024-09-10 13:00:00,38,1726.7,13,1,9
2024-09-10 14:00:00,41,1849.3,14,1,9
2024-09-10 15:00:00,36,1636.0,15,1,9
2024-09-10 16:00:00,29,1346.4,16,1,9
2024-09-10 17:00:00,27,1223.6000000000001,17,1,9
2024-09-10 18:00:00,21,1111.2,18,1,9
2024-09-10 19:00:00,20,906.1,19,1,9
2024-09-10 20:00:00,11,445.0,20,1,9
2024-09-10 21:00:00,10,518.5,21,1,9
2024-09-10 22:00:00,3,124.1,22,1,9
2024-09-10 23:00:00,9,410.70000000000005,23,1,9
2024-09-11 00:00:00,4,160.0,0,2,9
2024-09-11 01:00:00,8,364.8,1,2,9
2024-09-11 02:00:00,2,106.5,2,2,9
2024-09-11 03:00:00,5,186.89999999999998,3,2,9
2024-09-11 04:00:00,4,159.1,4,2,9
2024-09-11 05:00:00,11,529.1,5,2,9
2024-09-11 06:00:00,15,760.3,6,2,9
2024-09-11 07:00:00,15,713.4,7,2,9
2024-09-11 08:00:00,30,1494.4,8,2,9
2024-09-11 09:00:00,37,1683.7,9,2,9
2024-09-11 10:00:00,46,2253.5,10,2,9
2024-09-11 11:00:00,32,1401.6,11,2,9
2024-09-11 12:00:00,34,1628.2,12,2,9
2024-09-11 13:00:00,36,1807.8,13,2,9
2024-09-11 14:00:00,43,1917.8,14,2,9
2024-09-11 15:00:00,31,1508.7,15,2,9
2024-09-11 16:00:00,31,1345.9,16,2,9
2024-09-11 17:00:00,23,1116.3,17,2,9
2024-09-11 18:00:00,16,662.9,18,2,9
2024-09-11 19:00:00,17,748.4,19,2,9
2024-09-11 20:00:00,13,558.0,20,2,9
2024-09-11 21:00:00,10,479.3,21,2,9
2024-09-11 22:00:00,4,160.9,22,2,9
2024-09-11 23:00:00,2,99.8,23,2,9
2024-09-12 00:00:00,5,224.1,0,3,9
2024-09-12 01:00:00,2,91.0,1,3,9
2024-09-12 02:00:00,3,148.7,2,3,9
2024-09-12 03:00:00,4,181.4,3,3,9
2024-09-12 04:00:00,5,241.2,4,3,9
2024-09-12 05:00:00,8,335.6,5,3,9
2024-09-12 06:00:00,12,657.4,6,3,9
2024-09-12 07:00:00,15,630.3,7,3,9
2024-09-12 08:00:00,31,1345.8,8,3,9
2024-09-12 09:00:00,34,1518.2,9,3,9
2024-09-12 10:00:00,50,2378.7,10,3,9
2024-09-12 11:00:00,36,1754.4,11,3,9
2024-09-12 12:00:00,43,2138.8,12,3,9
2024-09-12 13:00:00,45,2252.8,13,3,9
2024-09-12 14:00:00,28,1298.6,14,3,9
2024-09-12 15:00:00,34,1617.2,15,3,9
2024-09-12 16:00:00,38,2014.0,16,3,9
2024-09-12 17:00:00,34,1695.4,17,3,9
2024-09-12 18:00:00,19,855.5,18,3,9
2024-09-12 19:00:00,16,768.0,19,3,9
2024-09-12 20:00:00,18,856.8,20,3,9
2024-09-12 21:00:00,12,503.8,21,3,9
2024-09-12 22:00:00,5,207.29999999999998,22,3,9
2024-09-12 23:00:00,5,293.8,23,3,9
2024-09-13 00:00:00,6,316.8,0,4,9
2024-09-13 01:00:00,6,290.6,1,4,9
2024-09-13 02:00:00,4,206.2,2,4,9
2024-09-13 03:00:00,4,150.7,3,4,9
2024-09-13 04:00:00,6,315.6,4,4,9
2024-09-13 05:00:00,7,281.20000000000005,5,4,9
2024-09-13 06:00:00,15,659.8,6,4,9
2024-09-13 07:00:00,16,837.5,7,4,9
2024-09-13 08:00:00,27,1391.8,8,4,9
2024-09-13 09:00:00,42,2021.2,9,4,9
2024-09-13 10:00:00,39,1830.4,10,4,9
2024-09-13 11:00:00,39,1804.7,11,4,9
2024-09-13 12:00:00,41,1841.0,12,4,9
2024-09-13 13:00:00,50,2347.6,13,4,9
2024-09-13 14:00:00,45,2131.0,14,4,9
2024-09-13 15:00:00,35,1831.5,15,4,9
2024-09-13 16:00:00,30,1405.8,16,4,9
2024-09-13 17:00:00,24,1050.5,17,4,9
2024-09-13 18:00:00,20,1074.6,18,4,9
2024-09-13 19:00:00,11,491.6,19,4,9
2024-09-13 20:00:00,14,680.2,20,4,9
2024-09-13 21:00:00,7,313.7,21,4,9
2024-09-13 22:00:00,4,206.5,22,4,9
2024-09-13 23:00:00,3,132.8,23,4,9
2024-09-14 00:00:00,1,30.5,0,5,9
2024-09-14 01:00:00,2,81.6,1,5,9
2024-09-14 02:00:00,4,151.0,2,5,9
2024-09-14 03:00:00,4,236.7,3,5,9
2024-09-14 04:00:00,5,161.2,4,5,9
2024-09-14 05:00:00,3,169.6,5,5,9
2024-09-14 06:00:00,6,199.1,6,5,9
2024-09-14 07:00:00,15,689.9,7,5,9
2024-09-14 08:00:00,31,1429.2,8,5,9
2024-09-14 09:00:00,25,1177.3,9,5,9
2024-09-14 10:00:00,31,1378.2,10,5,9
2024-09-14 11:00:00,25,1100.9,11,5,9
2024-09-14 12:00:00,34,1567.6,12,5,9
2024-09-14 13:00:00,23,1095.2,13,5,9
2024-09-14 14:00:00,35,1521.1,14,5,9
2024-09-14 15:00:00,33,1441.9,15,5,9
2024-09-14 16:00:00,18,800.1,16,5,9
2024-09-14 17:00:00,26,1322.6,17,5,9
2024-09-14 18:00:00,12,619.7,18,5,9
2024-09-14 19:00:00,13,520.5,19,5,9
2024-09-14 20:00:00,12,535.4,20,5,9
2024-09-14 21:00:00,7,452.5,21,5,9
2024-09-14 22:00:00,3,109.8,22,5,9
2024-09-14 23:00:00,1,28.9,23,5,9
2024-09-15 00:00:00,4,178.5,0,6,9
2024-09-15 01:00:00,3,131.6,1,6,9
2024-09-15 02:00:00,4,170.0,2,6,9
2024-09-15 03:00:00,2,109.0,3,6,9
2024-09-15 04:00:00,2,67.5,4,6,9
2024-09-15 05:00:00,4,160.89999999999998,5,6,9
2024-09-15 06:00:00,15,769.5,6,6,9
2024-09-15 07:00:00,14,679.8,7,6,9
2024-09-15 08:00:00,16,902.7,8,6,9
2024-09-15 09:00:00,26,1371.9,9,6,9
2024-09-15 10:00:00,32,1388.0,10,6,9
2024-09-15 11:00:00,30,1652.4,11,6,9
2024-09-15 12:00:00,27,1163.1,12,6,9
2024-09-15 13:00:00,27,1150.2,13,6,9
2024-09-15 14:00:00,36,1856.1,14,6,9
2024-09-15 15:00:00,21,892.5,15,6,9
2024-09-15 16:00:00,25,1106.6,16,6,9
2024-09-15 17:00:00,18,781.0,17,6,9
2024-09-15 18:00:00,17,798.3,18,6,9
2024-09-15 19:00:00,13,641.1,19,6,9
2024-09-15 20:00:00,10,494.9,20,6,9
2024-09-15 21:00:00,9,341.3,21,6,9
2024-09-15 22:00:00,3,115.30000000000001,22,6,9
2024-09-15 23:00:00,5,169.4,23,6,9
2024-09-16 00:00:00,6,344.2,0,0,9
2024-09-16 01:00:00,8,334.79999999999995,1,0,9
2024-09-16 02:00:00,4,159.7,2,0,9
2024-09-16 03:00:00,3,181.6,3,0,9
2024-09-16 04:00:00,3,121.6,4,0,9
2024-09-16 05:00:00,8,386.4,5,0,9
2024-09-16 06:00:00,15,680.8,6,0,9
2024-09-16 07:00:00,13,594.3,7,0,9
2024-09-16 08:00:00,22,1012.4,8,0,9
2024-09-16 09:00:00,31,1416.6,9,0,9
2024-09-16 10:00:00,42,1849.6,10,0,9
2024-09-16 11:00:00,40,1887.8,11,0,9
2024-09-16 12:00:00,41,1797.3999999999999,12,0,9
2024-09-16 13:00:00,42,2014.1,13,0,9
2024-09-16 14:00:00,39,1899.2,14,0,9
2024-09-16 15:00:00,28,1175.9,15,0,9
2024-09-16 16:00:00,26,1191.9,16,0,9
2024-09-16 17:00:00,28,1369.5,17,0,9
2024-09-16 18:00:00,22,1044.2,18,0,9
2024-09-16 19:00:00,15,646.2,19,0,9
2024-09-16 20:00:00,16,666.3,20,0,9
2024-09-16 21:00:00,2,99.2,21,0,9
2024-09-16 22:00:00,2,79.6,22,0,9
2024-09-16 23:00:00,3,162.7,23,0,9
2024-09-17 00:00:00,10,474.0,0,1,9
2024-09-17 01:00:00,4,131.9,1,1,9
2024-09-17 02:00:00,6,277.1,2,1,9
2024-09-17 03:00:00,2,131.4,3,1,9
2024-09-17 04:00:00,5,234.6,4,1,9
2024-09-17 05:00:00,5,247.0,5,1,9
2024-09-17 06:00:00,12,548.7,6,1,9
2024-09-17 07:00:00,19,881.4,7,1,9
2024-09-17 08:00:00,21,967.6,8,1,9
2024-09-17 09:00:00,41,1953.5,9,1,9
2024-09-17 10:00:00,40,1693.9,10,1,9
2024-09-17 11:00:00,41,1969.1,11,1,9
2024-09-17 12:00:00,44,2024.2,12,1,9
2024-09-17 13:00:00,40,1797.0,13,1,9
2024-09-17 14:00:00,37,1821.4,14,1,9
2024-09-17 15:00:00,40,1863.5,15,1,9
2024-09-17 16:00:00,21,1109.4,16,1,9
2024-09-17 17:00:00,22,1025.8,17,1,9
2024-09-17 18:00:00,21,950.2,18,1,9
2024-09-17 19:00:00,23,1075.8,19,1,9
2024-09-17 20:00:00,23,1010.6,20,1,9
2024-09-17 21:00:00,15,596.4,21,1,9
2024-09-17 22:00:00,6,272.7,22,1,9
2024-09-17 23:00:00,6,355.7,23,1,9
2024-09-18 00:00:00,5,238.7,0,2,9
2024-09-18 01:00:00,5,234.3,1,2,9
2024-09-18 02:00:00,6,213.20000000000002,2,2,9
2024-09-18 03:00:00,5,233.1,3,2,9
2024-09-18 04:00:00,6,251.6,4,2,9
2024-09-18 05:00:00,5,314.4,5,2,9
2024-09-18 06:00:00,19,854.5,6,2,9
2024-09-18 07:00:00,23,1013.0,7,2,9
2024-09-18 08:00:00,27,1355.5,8,2,9
2024-09-18 09:00:00,23,989.4,9,2,9
2024-09-18 10:00:00,34,1672.6,10,2,9
2024-09-18 11:00:00,37,1887.9,11,2,9
2024-09-18 12:00:00,39,1784.9,12,2,9
2024-09-18 13:00:00,44,1906.5,13,2,9
2024-09-18 14:00:00,44,2139.7,14,2,9
2024-09-18 15:00:00,30,1495.1,15,2,9
2024-09-18 16:00:00,35,1441.0,16,2,9
2024-09-18 17:00:00,26,1232.3,17,2,9
2024-09-18 18:00:00,29,1224.1,18,2,9
2024-09-18 19:00:00,14,686.8,19,2,9
2024-09-18 20:00:00,7,301.4,20,2,9
2024-09-18 21:00:00,5,232.89999999999998,21,2,9
2024-09-18 22:00:00,1,48.0,22,2,9
2024-09-18 23:00:00,0,0.0,23,2,9
2024-09-19 00:00:00,3,93.5,0,3,9
2024-09-19 01:00:00,4,186.5,1,3,9
2024-09-19 02:00:00,4,150.7,2,3,9
2024-09-19 03:00:00,3,121.5,3,3,9
2024-09-19 04:00:00,5,186.7,4,3,9
2024-09-19 05:00:00,7,325.1,5,3,9
2024-09-19 06:00:00,10,355.3,6,3,9
2024-09-19 07:00:00,23,942.1,7,3,9
2024-09-19 08:00:00,26,1217.9,8,3,9
2024-09-19 09:00:00,38,1764.5,9,3,9
2024-09-19 10:00:00,37,1905.0,10,3,9
2024-09-19 11:00:00,33,1597.1,11,3,9
2024-09-19 12:00:00,31,1391.1,12,3,9
2024-09-19 13:00:00,46,2232.5,13,3,9
2024-09-19 14:00:00,40,1712.1,14,3,9
2024-09-19 15:00:00,42,1964.1,15,3,9
2024-09-19 16:00:00,34,1640.7,16,3,9
2024-09-19 17:00:00,32,1309.2,17,3,9
2024-09-19 18:00:00,22,1093.5,18,3,9
2024-09-19 19:00:00,12,510.4,19,3,9
2024-09-19 20:00:00,13,561.9,20,3,9
2024-09-19 21:00:00,5,211.1,21,3,9
2024-09-19 22:00:00,4,168.5,22,3,9
2024-09-19 23:00:00,3,152.0,23,3,9
2024-09-20 00:00:00,2,120.1,0,4,9
2024-09-20 01:00:00,8,362.9,1,4,9
2024-09-20 02:00:00,7,324.4,2,4,9
2024-09-20 03:00:00,3,164.1,3,4,9
2024-09-20 04:00:00,4,172.8,4,4,9
2024-09-20 05:00:00,9,519.1,5,4,9
2024-09-20 06:00:00,14,731.1999999999999,6,4,9
2024-09-20 07:00:00,17,803.4,7,4,9
2024-09-20 08:00:00,37,1653.7,8,4,9
2024-09-20 09:00:00,37,1696.6,9,4,9
2024-09-20 10:00:00,36,1621.7,10,4,9
2024-09-20 11:00:00,52,2661.7,11,4,9
2024-09-20 12:00:00,35,1619.5,12,4,9
2024-09-20 13:00:00,30,1476.5,13,4,9
2024-09-20 14:00:00,44,1957.9,14,4,9
2024-09-20 15:00:00,36,1650.7,15,4,9
2024-09-20 16:00:00,40,1771.7,16,4,9
2024-09-20 17:00:00,23,1021.3,17,4,9
2024-09-20 18:00:00,27,1176.9,18,4,9
2024-09-20 19:00:00,15,663.4,19,4,9
2024-09-20 20:00:00,8,453.6,20,4,9
2024-09-20 21:00:00,8,436.2,21,4,9
2024-09-20 22:00:00,7,363.5,22,4,9
2024-09-20 23:00:00,1,46.6,23,4,9
2024-09-21 00:00:00,0,0.0,0,5,9
2024-09-21 01:00:00,3,165.6,1,5,9
2024-09-21 02:00:00,4,129.8,2,5,9
2024-09-21 03:00:00,4,169.7,3,5,9
2024-09-21 04:00:00,5,272.4,4,5,9
2024-09-21 05:00:00,5,222.9,5,5,9
2024-09-21 06:00:00,9,335.3,6,5,9
2024-09-21 07:00:00,13,602.3,7,5,9
2024-09-21 08:00:00,21,981.4,8,5,9
2024-09-21 09:00:00,21,946.9,9,5,9
2024-09-21 10:00:00,31,1451.3,10,5,9
2024-09-21 11:00:00,31,1329.7,11,5,9
2024-09-21 12:00:00,28,1253.4,12,5,9
2024-09-21 13:00:00,35,1563.6,13,5,9
2024-09-21 14:00:00,20,812.3,14,5,9
2024-09-21 15:00:00,30,1469.2,15,5,9
2024-09-21 16:00:00,16,822.5,16,5,9
2024-09-21 17:00:00,22,1065.8,17,5,9
2024-09-21 18:00:00,19,742.1,18,5,9
2024-09-21 19:00:00,14,666.3,19,5,9
2024-09-21 20:00:00,9,560.6,20,5,9
2024-09-21 21:00:00,7,356.6,21,5,9
2024-09-21 22:00:00,3,147.5,22,5,9
2024-09-21 23:00:00,5,226.10000000000002,23,5,9
2024-09-22 00:00:00,1,36.2,0,6,9
2024-09-22 01:00:00,1,49.2,1,6,9
2024-09-22 02:00:00,2,115.8,2,6,9
2024-09-22 03:00:00,4,202.2,3,6,9
2024-09-22 04:00:00,2,108.5,4,6,9
2024-09-22 05:00:00,9,417.8,5,6,9
2024-09-22 06:00:00,5,209.3,6,6,9
2024-09-22 07:00:00,9,391.9,7,6,9
2024-09-22 08:00:00,18,828.3,8,6,9
2024-09-22 09:00:00,8,342.0,9,6,9
2024-09-22 10:00:00,38,1831.9,10,6,9
2024-09-22 11:00:00,31,1351.1,11,6,9
2024-09-22 12:00:00,27,1223.1,12,6,9
2024-09-22 13:00:00,30,1475.6,13,6,9
2024-09-22 14:00:00,26,1294.2,14,6,9
2024-09-22 15:00:00,24,1154.5,15,6,9
2024-09-22 16:00:00,21,1107.6,16,6,9
2024-09-22 17:00:00,28,1243.5,17,6,9
2024-09-22 18:00:00,24,1156.4,18,6,9
2024-09-22 19:00:00,9,418.0,19,6,9
2024-09-22 20:00:00,15,715.6,20,6,9
2024-09-22 21:00:00,8,446.8,21,6,9
2024-09-22 22:00:00,3,166.0,22,6,9
2024-09-22 23:00:00,4,247.8,23,6,9
2024-09-23 00:00:00,5,253.29999999999998,0,0,9
2024-09-23 01:00:00,2,57.400000000000006,1,0,9
2024-09-23 02:00:00,6,280.6,2,0,9
2024-09-23 03:00:00,8,407.7,3,0,9
2024-09-23 04:00:00,6,237.1,4,0,9
2024-09-23 05:00:00,15,656.5,5,0,9
2024-09-23 06:00:00,13,552.2,6,0,9
2024-09-23 07:00:00,13,722.8,7,0,9
2024-09-23 08:00:00,18,878.5,8,0,9
2024-09-23 09:00:00,34,1635.2,9,0,9
2024-09-23 10:00:00,49,2124.0,10,0,9
2024-09-23 11:00:00,24,1136.3,11,0,9
2024-09-23 12:00:00,48,2135.9,12,0,9
2024-09-23 13:00:00,57,2473.9,13,0,9
2024-09-23 14:00:00,41,2038.4,14,0,9
2024-09-23 15:00:00,37,1860.4,15,0,9
2024-09-23 16:00:00,33,1449.0,16,0,9
2024-09-23 17:00:00,22,1033.1,17,0,9
2024-09-23 18:00:00,23,1123.4,18,0,9
2024-09-23 19:00:00,12,525.0,19,0,9
2024-09-23 20:00:00,15,690.5,20,0,9
2024-09-23 21:00:00,6,238.7,21,0,9
2024-09-23 22:00:00,5,190.8,22,0,9
2024-09-23 23:00:00,2,100.4,23,0,9
2024-09-24 00:00:00,3,95.7,0,1,9
2024-09-24 01:00:00,3,146.1,1,1,9
2024-09-24 02:00:00,5,214.5,2,1,9
2024-09-24 03:00:00,4,181.0,3,1,9
2024-09-24 04:00:00,2,63.8,4,1,9
2024-09-24 05:00:00,10,464.1,5,1,9
2024-09-24 06:00:00,11,527.4,6,1,9
2024-09-24 07:00:00,20,1115.5,7,1,9
2024-09-24 08:00:00,34,1609.1,8,1,9
2024-09-24 09:00:00,30,1394.5,9,1,9
2024-09-24 10:00:00,38,1762.9,10,1,9
2024-09-24 11:00:00,35,1656.4,11,1,9
2024-09-24 12:00:00,45,2023.2,12,1,9
2024-09-24 13:00:00,41,1756.5,13,1,9
2024-09-24 14:00:00,47,2293.2,14,1,9
2024-09-24 15:00:00,40,1928.9,15,1,9
2024-09-24 16:00:00,20,846.8,16,1,9
2024-09-24 17:00:00,28,1352.1,17,1,9
2024-09-24 18:00:00,30,1250.3,18,1,9
2024-09-24 19:00:00,20,858.4,19,1,9
2024-09-24 20:00:00,12,621.7,20,1,9
2024-09-24 21:00:00,4,255.4,21,1,9
2024-09-24 22:00:00,3,115.0,22,1,9
2024-09-24 23:00:00,9,462.6,23,1,9
2024-09-25 00:00:00,0,0.0,0,2,9
2024-09-25 01:00:00,4,203.1,1,2,9
2024-09-25 02:00:00,4,203.3,2,2,9
2024-09-25 03:00:00,5,208.0,3,2,9
2024-09-25 04:00:00,8,364.9,4,2,9
2024-09-25 05:00:00,3,100.0,5,2,9
2024-09-25 06:00:00,19,929.2,6,2,9
2024-09-25 07:00:00,24,1136.2,7,2,9
2024-09-25 08:00:00,36,1892.0,8,2,9
2024-09-25 09:00:00,41,1949.6,9,2,9
2024-09-25 10:00:00,31,1456.0,10,2,9
2024-09-25 11:00:00,49,2292.8,11,2,9
2024-09-25 12:00:00,41,1907.2,12,2,9
2024-09-25 13:00:00,45,1992.1,13,2,9
2024-09-25 14:00:00,39,1817.4,14,2,9
2024-09-25 15:00:00,31,1435.5,15,2,9
2024-09-25 16:00:00,32,1279.7,16,2,9
2024-09-25 17:00:00,23,999.9,17,2,9
2024-09-25 18:00:00,20,1010.6,18,2,9
2024-09-25 19:00:00,23,1116.7,19,2,9
2024-09-25 20:00:00,11,540.8,20,2,9
2024-09-25 21:00:00,6,252.8,21,2,9
2024-09-25 22:00:00,2,86.1,22,2,9
2024-09-25 23:00:00,3,96.7,23,2,9
2024-09-26 00:00:00,6,237.40000000000003,0,3,9
2024-09-26 01:00:00,4,169.6,1,3,9
2024-09-26 02:00:00,4,199.5,2,3,9
2024-09-26 03:00:00,5,206.7,3,3,9
2024-09-26 04:00:00,3,128.1,4,3,9
2024-09-26 05:00:00,11,517.2,5,3,9
2024-09-26 06:00:00,13,608.9,6,3,9
2024-09-26 07:00:00,13,717.5,7,3,9
2024-09-26 08:00:00,21,1211.5,8,3,9
2024-09-26 09:00:00,46,2318.9,9,3,9
2024-09-26 10:00:00,51,2214.3,10,3,9
2024-09-26 11:00:00,38,1653.7,11,3,9
2024-09-26 12:00:00,27,1244.3,12,3,9
2024-09-26 13:00:00,37,1636.8,13,3,9
2024-09-26 14:00:00,39,1759.7,14,3,9
2024-09-26 15:00:00,36,1450.8,15,3,9
2024-09-26 16:00:00,40,1781.8,16,3,9
2024-09-26 17:00:00,28,1192.4,17,3,9
2024-09-26 18:00:00,30,1296.5,18,3,9
2024-09-26 19:00:00,17,744.0,19,3,9
2024-09-26 20:00:00,13,679.6,20,3,9
2024-09-26 21:00:00,11,504.8,21,3,9
2024-09-26 22:00:00,4,181.8,22,3,9
2024-09-26 23:00:00,6,240.0,23,3,9
2024-09-27 00:00:00,4,206.60000000000002,0,4,9
2024-09-27 01:00:00,5,244.4,1,4,9
2024-09-27 02:00:00,3,155.4,2,4,9
2024-09-27 03:00:00,2,97.0,3,4,9
2024-09-27 04:00:00,3,161.6,4,4,9
2024-09-27 05:00:00,11,569.8,5,4,9
2024-09-27 06:00:00,18,804.1,6,4,9
2024-09-27 07:00:00,25,1224.9,7,4,9
2024-09-27 08:00:00,35,1723.3,8,4,9
2024-09-27 09:00:00,23,994.6,9,4,9
2024-09-27 10:00:00,41,1647.1,10,4,9
2024-09-27 11:00:00,41,2028.4,11,4,9
2024-09-27 12:00:00,34,1658.1,12,4,9
2024-09-27 13:00:00,50,2171.1,13,4,9
2024-09-27 14:00:00,45,2034.6,14,4,9
2024-09-27 15:00:00,36,1751.1,15,4,9
2024-09-27 16:00:00,30,1347.7,16,4,9
2024-09-27 17:00:00,27,1219.8,17,4,9
2024-09-27 18:00:00,26,1203.9,18,4,9
2024-09-27 19:00:00,19,882.0,19,4,9
2024-09-27 20:00:00,13,666.9,20,4,9
2024-09-27 21:00:00,10,434.9,21,4,9
2024-09-27 22:00:00,3,139.7,22,4,9
2024-09-27 23:00:00,8,359.09999999999997,23,4,9
2024-09-28 00:00:00,2,67.19999999999999,0,5,9
2024-09-28 01:00:00,3,162.6,1,5,9
2024-09-28 02:00:00,4,199.2,2,5,9
2024-09-28 03:00:00,5,194.7,3,5,9
2024-09-28 04:00:00,1,45.6,4,5,9
2024-09-28 05:00:00,6,253.4,5,5,9
2024-09-28 06:00:00,10,562.2,6,5,9
2024-09-28 07:00:00,17,829.6,7,5,9
2024-09-28 08:00:00,20,944.7,8,5,9
2024-09-28 09:00:00,28,1292.0,9,5,9
2024-09-28 10:00:00,24,1074.5,10,5,9
2024-09-28 11:00:00,24,1074.0,11,5,9
2024-09-28 12:00:00,35,1691.9,12,5,9
2024-09-28 13:00:00,32,1428.7,13,5,9
2024-09-28 14:00:00,29,1468.0,14,5,9
2024-09-28 15:00:00,19,809.9,15,5,9
2024-09-28 16:00:00,19,1092.3,16,5,9
2024-09-28 17:00:00,15,798.6,17,5,9
2024-09-28 18:00:00,26,1142.3,18,5,9
2024-09-28 19:00:00,9,363.7,19,5,9
2024-09-28 20:00:00,11,524.7,20,5,9
2024-09-28 21:00:00,6,307.6,21,5,9
2024-09-28 22:00:00,3,155.8,22,5,9
2024-09-28 23:00:00,2,68.7,23,5,9
2024-09-29 00:00:00,7,355.2,0,6,9
2024-09-29 01:00:00,6,279.1,1,6,9
2024-09-29 02:00:00,3,156.9,2,6,9
2024-09-29 03:00:00,6,231.9,3,6,9
2024-09-29 04:00:00,3,146.8,4,6,9
2024-09-29 05:00:00,5,264.9,5,6,9
2024-09-29 06:00:00,5,190.9,6,6,9
2024-09-29 07:00:00,18,845.0,7,6,9
2024-09-29 08:00:00,17,815.0,8,6,9
2024-09-29 09:00:00,23,1183.4,9,6,9
2024-09-29 10:00:00,29,1299.8,10,6,9
2024-09-29 11:00:00,30,1385.9,11,6,9
2024-09-29 12:00:00,27,1222.7,12,6,9
2024-09-29 13:00:00,31,1428.0,13,6,9
2024-09-29 14:00:00,32,1471.5,14,6,9
2024-09-29 15:00:00,26,1154.8,15,6,9
2024-09-29 16:00:00,30,1288.7,16,6,9
2024-09-29 17:00:00,20,846.4,17,6,9
2024-09-29 18:00:00,24,1202.5,18,6,9
2024-09-29 19:00:00,10,394.6,19,6,9
2024-09-29 20:00:00,10,487.6,20,6,9
2024-09-29 21:00:00,7,290.0,21,6,9
2024-09-29 22:00:00,4,166.8,22,6,9
2024-09-29 23:00:00,2,62.2,23,6,9
2024-09-30 00:00:00,7,317.4,0,0,9
2024-09-30 01:00:00,4,225.7,1,0,9
2024-09-30 02:00:00,3,152.8,2,0,9
2024-09-30 03:00:00,5,219.2,3,0,9
2024-09-30 04:00:00,2,80.2,4,0,9
2024-09-30 05:00:00,12,530.6,5,0,9
2024-09-30 06:00:00,13,614.1999999999999,6,0,9
2024-09-30 07:00:00,18,840.8000000000001,7,0,9
2024-09-30 08:00:00,20,861.9,8,0,9
2024-09-30 09:00:00,30,1365.9,9,0,9
2024-09-30 10:00:00,43,1871.1000000000001,10,0,9
2024-09-30 11:00:00,39,1749.0,11,0,9
2024-09-30 12:00:00,32,1550.4,12,0,9
2024-09-30 13:00:00,38,1721.9,13,0,9
2024-09-30 14:00:00,35,1479.5,14,0,9
2024-09-30 15:00:00,39,1840.3999999999999,15,0,9
2024-09-30 16:00:00,34,1366.4,16,0,9
2024-09-30 17:00:00,27,1114.5,17,0,9
2024-09-30 18:00:00,18,687.6,18,0,9
2024-09-30 19:00:00,21,956.8,19,0,9
2024-09-30 20:00:00,12,580.8,20,0,9
2024-09-30 21:00:00,8,338.9,21,0,9
2024-09-30 22:00:00,13,622.9,22,0,9
2024-09-30 23:00:00,5,214.7,23,0,9
2024-10-01 00:00:00,3,139.4,0,1,10
2024-10-01 01:00:00,8,339.9,1,1,10
2024-10-01 02:00:00,6,336.3,2,1,10
2024-10-01 03:00:00,9,412.7,3,1,10
2024-10-01 04:00:00,4,140.3,4,1,10
2024-10-01 05:00:00,8,414.7,5,1,10
2024-10-01 06:00:00,14,584.8,6,1,10
2024-10-01 07:00:00,21,1057.9,7,1,10
2024-10-01 08:00:00,38,1568.8,8,1,10
2024-10-01 09:00:00,39,1782.6,9,1,10
2024-10-01 10:00:00,38,1747.4,10,1,10
2024-10-01 11:00:00,45,2201.8,11,1,10
2024-10-01 12:00:00,38,1902.7,12,1,10
2024-10-01 13:00:00,45,1995.1,13,1,10
2024-10-01 14:00:00,43,1907.4,14,1,10
2024-10-01 15:00:00,45,1912.2,15,1,10
2024-10-01 16:00:00,35,1684.4,16,1,10
2024-10-01 17:00:00,33,1588.8,17,1,10
2024-10-01 18:00:00,39,1713.5,18,1,10
2024-10-01 19:00:00,22,908.5,19,1,10
2024-10-01 20:00:00,8,359.3,20,1,10
2024-10-01 21:00:00,10,600.2,21,1,10
2024-10-01 22:00:00,7,288.9,22,1,10
2024-10-01 23:00:00,2,81.1,23,1,10
2024-10-02 00:00:00,2,112.4,0,2,10
2024-10-02 01:00:00,7,245.4,1,2,10
2024-10-02 02:00:00,4,278.7,2,2,10
2024-10-02 03:00:00,7,294.8,3,2,10
2024-10-02 04:00:00,5,261.7,4,2,10
2024-10-02 05:00:00,5,238.10000000000002,5,2,10
2024-10-02 06:00:00,10,425.3,6,2,10
2024-10-02 07:00:00,16,728.7,7,2,10
2024-10-02 08:00:00,33,1510.4,8,2,10
2024-10-02 09:00:00,39,1696.7,9,2,10
2024-10-02 10:00:00,39,1923.0,10,2,10
2024-10-02 11:00:00,35,1534.7,11,2,10
2024-10-02 12:00:00,47,2445.4,12,2,10
2024-10-02 13:00:00,58,2766.5,13,2,10
2024-10-02 14:00:00,37,1564.4,14,2,10
2024-10-02 15:00:00,41,1802.8,15,2,10
2024-10-02 16:00:00,28,1394.7,16,2,10
2024-10-02 17:00:00,31,1520.3,17,2,10
2024-10-02 18:00:00,21,871.7,18,2,10
2024-10-02 19:00:00,14,592.9,19,2,10
2024-10-02 20:00:00,12,426.1,20,2,10
2024-10-02 21:00:00,12,494.1,21,2,10
2024-10-02 22:00:00,4,169.1,22,2,10
2024-10-02 23:00:00,4,193.5,23,2,10
2024-10-03 00:00:00,4,174.7,0,3,10
2024-10-03 01:00:00,5,235.9,1,3,10
2024-10-03 02:00:00,5,221.4,2,3,10
2024-10-03 03:00:00,3,102.4,3,3,10
2024-10-03 04:00:00,2,92.8,4,3,10
2024-10-03 05:00:00,10,474.4,5,3,10
2024-10-03 06:00:00,12,514.1,6,3,10
2024-10-03 07:00:00,18,763.1,7,3,10
2024-10-03 08:00:00,20,947.0,8,3,10
2024-10-03 09:00:00,44,1838.0,9,3,10
2024-10-03 10:00:00,45,1941.2,10,3,10
2024-10-03 11:00:00,46,2111.8,11,3,10
2024-10-03 12:00:00,34,1574.5,12,3,10
2024-10-03 13:00:00,33,1641.2,13,3,10
2024-10-03 14:00:00,36,1600.7,14,3,10
2024-10-03 15:00:00,35,1699.9,15,3,10
2024-10-03 16:00:00,24,1061.0,16,3,10
2024-10-03 17:00:00,22,967.8,17,3,10
2024-10-03 18:00:00,26,1193.7,18,3,10
2024-10-03 19:00:00,19,925.8,19,3,10
2024-10-03 20:00:00,9,386.0,20,3,10
2024-10-03 21:00:00,6,265.2,21,3,10
2024-10-03 22:00:00,9,389.5,22,3,10
2024-10-03 23:00:00,3,98.3,23,3,10
2024-10-04 00:00:00,6,263.2,0,4,10
2024-10-04 01:00:00,4,190.9,1,4,10
2024-10-04 02:00:00,4,231.8,2,4,10
2024-10-04 03:00:00,7,270.3,3,4,10
2024-10-04 04:00:00,6,266.0,4,4,10
2024-10-04 05:00:00,6,207.6,5,4,10
2024-10-04 06:00:00,17,696.4,6,4,10
2024-10-04 07:00:00,16,717.9,7,4,10
2024-10-04 08:00:00,25,1044.9,8,4,10
2024-10-04 09:00:00,31,1354.4,9,4,10
2024-10-04 10:00:00,39,1784.8,10,4,10
2024-10-04 11:00:00,44,2061.3,11,4,10
2024-10-04 12:00:00,44,2361.5,12,4,10
2024-10-04 13:00:00,31,1538.8,13,4,10
2024-10-04 14:00:00,32,1528.7,14,4,10
2024-10-04 15:00:00,45,2105.4,15,4,10
2024-10-04 16:00:00,36,1700.6,16,4,10
2024-10-04 17:00:00,25,1190.1,17,4,10
2024-10-04 18:00:00,24,1299.4,18,4,10
2024-10-04 19:00:00,18,884.1,19,4,10
2024-10-04 20:00:00,12,558.0,20,4,10
2024-10-04 21:00:00,9,445.3,21,4,10
2024-10-04 22:00:00,9,390.4,22,4,10
2024-10-04 23:00:00,8,499.1,23,4,10
2024-10-05 00:00:00,3,149.9,0,5,10
2024-10-05 01:00:00,6,209.3,1,5,10
2024-10-05 02:00:00,0,0.0,2,5,10
2024-10-05 03:00:00,3,109.30000000000001,3,5,10
2024-10-05 04:00:00,3,146.2,4,5,10
2024-10-05 05:00:00,7,377.7,5,5,10
2024-10-05 06:00:00,13,564.3,6,5,10
2024-10-05 07:00:00,28,1393.5,7,5,10
2024-10-05 08:00:00,17,709.0,8,5,10
2024-10-05 09:00:00,30,1540.0,9,5,10
2024-10-05 10:00:00,29,1199.0,10,5,10
2024-10-05 11:00:00,34,1461.7,11,5,10
2024-10-05 12:00:00,18,748.9,12,5,10
2024-10-05 13:00:00,27,1302.9,13,5,10
2024-10-05 14:00:00,26,1259.9,14,5,10
2024-10-05 15:00:00,20,855.6,15,5,10
2024-10-05 16:00:00,25,1030.9,16,5,10
2024-10-05 17:00:00,21,1055.8,17,5,10
2024-10-05 18:00:00,26,1071.4,18,5,10
2024-10-05 19:00:00,12,635.0,19,5,10
2024-10-05 20:00:00,8,308.6,20,5,10
2024-10-05 21:00:00,4,169.4,21,5,10
2024-10-05 22:00:00,3,159.9,22,5,10
2024-10-05 23:00:00,3,182.0,23,5,10
2024-10-06 00:00:00,3,168.70000000000002,0,6,10
2024-10-06 01:00:00,2,106.9,1,6,10
2024-10-06 02:00:00,3,90.5,2,6,10
2024-10-06 03:00:00,1,34.1,3,6,10
2024-10-06 04:00:00,1,78.8,4,6,10
2024-10-06 05:00:00,3,131.7,5,6,10
2024-10-06 06:00:00,9,378.9,6,6,10
2024-10-06 07:00:00,16,763.2,7,6,10
2024-10-06 08:00:00,20,1095.2,8,6,10
2024-10-06 09:00:00,28,1291.2,9,6,10
2024-10-06 10:00:00,27,1218.0,10,6,10
2024-10-06 11:00:00,35,1465.2,11,6,10
2024-10-06 12:00:00,31,1334.2,12,6,10
2024-10-06 13:00:00,27,1271.1,13,6,10
2024-10-06 14:00:00,27,1307.9,14,6,10
2024-10-06 15:00:00,32,1385.9,15,6,10
2024-10-06 16:00:00,21,1024.9,16,6,10
2024-10-06 17:00:00,14,658.7,17,6,10
2024-10-06 18:00:00,11,469.2,18,6,10
2024-10-06 19:00:00,11,492.5,19,6,10
2024-10-06 20:00:00,14,628.5,20,6,10
2024-10-06 21:00:00,5,212.79999999999998,21,6,10
2024-10-06 22:00:00,5,188.7,22,6,10
2024-10-06 23:00:00,0,0.0,23,6,10
2024-10-07 00:00:00,5,202.9,0,0,10
2024-10-07 01:00:00,8,390.1,1,0,10
2024-10-07 02:00:00,5,216.4,2,0,10
2024-10-07 03:00:00,2,64.7,3,0,10
2024-10-07 04:00:00,7,349.0,4,0,10
2024-10-07 05:00:00,13,577.1,5,0,10
2024-10-07 06:00:00,15,752.0,6,0,10
2024-10-07 07:00:00,16,712.2,7,0,10
2024-10-07 08:00:00,22,925.2,8,0,10
2024-10-07 09:00:00,32,1596.9,9,0,10
2024-10-07 10:00:00,50,2277.7,10,0,10
2024-10-07 11:00:00,36,1680.4,11,0,10
2024-10-07 12:00:00,38,1760.6000000000001,12,0,10
2024-10-07 13:00:00,34,1570.3,13,0,10
2024-10-07 14:00:00,49,2161.4,14,0,10
2024-10-07 15:00:00,26,1232.9,15,0,10
2024-10-07 16:00:00,36,1846.6,16,0,10
2024-10-07 17:00:00,19,852.7,17,0,10
2024-10-07 18:00:00,27,1174.9,18,0,10
2024-10-07 19:00:00,15,662.2,19,0,10
2024-10-07 20:00:00,19,863.6,20,0,10
2024-10-07 21:00:00,6,264.9,21,0,10
2024-10-07 22:00:00,6,337.2,22,0,10
2024-10-07 23:00:00,5,232.2,23,0,10
2024-10-08 00:00:00,2,103.1,0,1,10
2024-10-08 01:00:00,3,162.6,1,1,10
2024-10-08 02:00:00,7,287.7,2,1,10
2024-10-08 03:00:00,7,348.7,3,1,10
2024-10-08 04:00:00,3,121.5,4,1,10
2024-10-08 05:00:00,6,293.7,5,1,10
2024-10-08 06:00:00,14,724.1,6,1,10
2024-10-08 07:00:00,10,446.7,7,1,10
2024-10-08 08:00:00,24,1107.5,8,1,10
2024-10-08 09:00:00,35,1654.4,9,1,10
2024-10-08 10:00:00,44,1885.8,10,1,10
2024-10-08 11:00:00,35,1521.4,11,1,10
2024-10-08 12:00:00,38,1736.8,12,1,10
2024-10-08 13:00:00,53,2256.0,13,1,10
2024-10-08 14:00:00,41,1975.2,14,1,10
2024-10-08 15:00:00,46,2075.9,15,1,10
2024-10-08 16:00:00,31,1583.0,16,1,10
2024-10-08 17:00:00,30,1396.6,17,1,10
2024-10-08 18:00:00,21,1019.4,18,1,10
2024-10-08 19:00:00,13,631.3,19,1,10
2024-10-08 20:00:00,16,679.4,20,1,10
2024-10-08 21:00:00,6,282.09999999999997,21,1,10
2024-10-08 22:00:00,6,252.0,22,1,10
2024-10-08 23:00:00,6,229.7,23,1,10
2024-10-09 00:00:00,8,313.0,0,2,10
2024-10-09 01:00:00,4,210.7,1,2,10
2024-10-09 02:00:00,7,345.1,2,2,10
2024-10-09 03:00:00,5,238.2,3,2,10
2024-10-09 04:00:00,3,102.4,4,2,10
2024-10-09 05:00:00,11,545.6,5,2,10
2024-10-09 06:00:00,6,273.3,6,2,10
2024-10-09 07:00:00,20,926.0,7,2,10
2024-10-09 08:00:00,28,1285.2,8,2,10
2024-10-09 09:00:00,27,1308.3,9,2,10
2024-10-09 10:00:00,42,1907.8,10,2,10
2024-10-09 11:00:00,35,1631.9,11,2,10
2024-10-09 12:00:00,38,1767.2,12,2,10
2024-10-09 13:00:00,46,2186.9,13,2,10
2024-10-09 14:00:00,37,1660.9,14,2,10
2024-10-09 15:00:00,40,1960.0,15,2,10
2024-10-09 16:00:00,38,1662.1,16,2,10
2024-10-09 17:00:00,23,1105.1,17,2,10
2024-10-09 18:00:00,25,1208.8999999999999,18,2,10
2024-10-09 19:00:00,20,805.0,19,2,10
2024-10-09 20:00:00,14,593.9,20,2,10
2024-10-09 21:00:00,10,442.79999999999995,21,2,10
2024-10-09 22:00:00,2,79.5,22,2,10
2024-10-09 23:00:00,4,131.1,23,2,10
2024-10-10 00:00:00,6,375.6,0,3,10
2024-10-10 01:00:00,5,234.0,1,3,10
2024-10-10 02:00:00,3,109.9,2,3,10
2024-10-10 03:00:00,3,167.0,3,3,10
2024-10-10 04:00:00,3,115.3,4,3,10
2024-10-10 05:00:00,12,517.3,5,3,10
2024-10-10 06:00:00,13,587.5,6,3,10
2024-10-10 07:00:00,16,693.0,7,3,10
2024-10-10 08:00:00,30,1370.2,8,3,10
2024-10-10 09:00:00,37,1742.6,9,3,10
2024-10-10 10:00:00,40,1836.4,10,3,10
2024-10-10 11:00:00,52,2548.5,11,3,10
2024-10-10 12:00:00,42,1944.2,12,3,10
2024-10-10 13:00:00,48,2100.5,13,3,10
2024-10-10 14:00:00,37,1735.4,14,3,10
2024-10-10 15:00:00,44,2077.3,15,3,10
2024-10-10 16:00:00,47,2160.9,16,3,10
2024-10-10 17:00:00,24,874.1,17,3,10
2024-10-10 18:00:00,32,1396.8,18,3,10
2024-10-10 19:00:00,13,589.1,19,3,10
2024-10-10 20:00:00,17,745.5,20,3,10
2024-10-10 21:00:00,12,625.5,21,3,10
2024-10-10 22:00:00,0,0.0,22,3,10
2024-10-10 23:00:00,4,147.5,23,3,10
2024-10-11 00:00:00,6,266.3,0,4,10
2024-10-11 01:00:00,9,425.7,1,4,10
2024-10-11 02:00:00,5,251.1,2,4,10
2024-10-11 03:00:00,6,267.2,3,4,10
2024-10-11 04:00:00,3,144.0,4,4,10
2024-10-11 05:00:00,15,845.0,5,4,10
2024-10-11 06:00:00,19,942.5,6,4,10
2024-10-11 07:00:00,14,642.2,7,4,10
2024-10-11 08:00:00,30,1559.6,8,4,10
2024-10-11 09:00:00,32,1510.4,9,4,10
2024-10-11 10:00:00,36,1669.9,10,4,10
2024-10-11 11:00:00,40,1950.7,11,4,10
2024-10-11 12:00:00,49,2235.1,12,4,10
2024-10-11 13:00:00,42,1815.2,13,4,10
2024-10-11 14:00:00,25,1105.6,14,4,10
2024-10-11 15:00:00,38,1755.1,15,4,10
2024-10-11 16:00:00,31,1318.1,16,4,10
2024-10-11 17:00:00,22,1156.8,17,4,10
2024-10-11 18:00:00,16,733.6,18,4,10
2024-10-11 19:00:00,14,626.9,19,4,10
2024-10-11 20:00:00,13,568.1,20,4,10
2024-10-11 21:00:00,14,620.0,21,4,10
2024-10-11 22:00:00,5,238.89999999999998,22,4,10
2024-10-11 23:00:00,2,68.4,23,4,10
2024-10-12 00:00:00,3,154.4,0,5,10
2024-10-12 01:00:00,2,89.80000000000001,1,5,10
2024-10-12 02:00:00,2,69.4,2,5,10
2024-10-12 03:00:00,6,350.40000000000003,3,5,10
2024-10-12 04:00:00,2,79.0,4,5,10
2024-10-12 05:00:00,5,239.7,5,5,10
2024-10-12 06:00:00,9,417.59999999999997,6,5,10
2024-10-12 07:00:00,14,558.1,7,5,10
2024-10-12 08:00:00,18,830.6,8,5,10
2024-10-12 09:00:00,29,1289.0,9,5,10
2024-10-12 10:00:00,33,1623.5,10,5,10
2024-10-12 11:00:00,26,1109.8,11,5,10
2024-10-12 12:00:00,28,1501.6,12,5,10
2024-10-12 13:00:00,34,1637.4,13,5,10
2024-10-12 14:00:00,28,1296.9,14,5,10
2024-10-12 15:00:00,17,849.6,15,5,10
2024-10-12 16:00:00,30,1364.2,16,5,10
2024-10-12 17:00:00,21,907.7,17,5,10
2024-10-12 18:00:00,16,565.4,18,5,10
2024-10-12 19:00:00,15,682.7,19,5,10
2024-10-12 20:00:00,7,314.3,20,5,10
2024-10-12 21:00:00,5,289.9,21,5,10
2024-10-12 22:00:00,3,126.4,22,5,10
2024-10-12 23:00:00,2,85.19999999999999,23,5,10
2024-10-13 00:00:00,3,186.7,0,6,10
2024-10-13 01:00:00,1,42.4,1,6,10
2024-10-13 02:00:00,5,307.1,2,6,10
2024-10-13 03:00:00,7,351.8,3,6,10
2024-10-13 04:00:00,0,0.0,4,6,10
2024-10-13 05:00:00,7,254.3,5,6,10
2024-10-13 06:00:00,9,372.2,6,6,10
2024-10-13 07:00:00,15,742.7,7,6,10
2024-10-13 08:00:00,27,1239.7,8,6,10
2024-10-13 09:00:00,35,1704.7,9,6,10
2024-10-13 10:00:00,31,1537.9,10,6,10
2024-10-13 11:00:00,24,1092.0,11,6,10
2024-10-13 12:00:00,25,1234.2,12,6,10
2024-10-13 13:00:00,29,1211.7,13,6,10
2024-10-13 14:00:00,29,1255.6,14,6,10
2024-10-13 15:00:00,33,1375.7,15,6,10
2024-10-13 16:00:00,24,1198.8,16,6,10
2024-10-13 17:00:00,19,874.9,17,6,10
2024-10-13 18:00:00,19,992.7,18,6,10
2024-10-13 19:00:00,13,592.3,19,6,10
2024-10-13 20:00:00,16,852.3,20,6,10
2024-10-13 21:00:00,8,342.7,21,6,10
2024-10-13 22:00:00,1,80.0,22,6,10
2024-10-13 23:00:00,2,108.2,23,6,10
2024-10-14 00:00:00,4,185.3,0,0,10
2024-10-14 01:00:00,11,521.1,1,0,10
2024-10-14 02:00:00,6,245.5,2,0,10
2024-10-14 03:00:00,8,321.5,3,0,10
2024-10-14 04:00:00,2,126.8,4,0,10
2024-10-14 05:00:00,9,432.79999999999995,5,0,10
2024-10-14 06:00:00,11,536.9,6,0,10
2024-10-14 07:00:00,10,346.1,7,0,10
2024-10-14 08:00:00,21,1031.4,8,0,10
2024-10-14 09:00:00,37,1895.9,9,0,10
2024-10-14 10:00:00,49,2093.0,10,0,10
2024-10-14 11:00:00,37,1554.7,11,0,10
2024-10-14 12:00:00,49,2233.7,12,0,10
2024-10-14 13:00:00,52,2395.8,13,0,10
2024-10-14 14:00:00,38,1855.5,14,0,10
2024-10-14 15:00:00,35,1528.7,15,0,10
2024-10-14 16:00:00,26,1177.6,16,0,10
2024-10-14 17:00:00,27,1154.2,17,0,10
2024-10-14 18:00:00,19,812.0,18,0,10
2024-10-14 19:00:00,12,522.6,19,0,10
2024-10-14 20:00:00,13,542.0,20,0,10
2024-10-14 21:00:00,17,822.2,21,0,10
2024-10-14 22:00:00,8,410.0,22,0,10
2024-10-14 23:00:00,2,80.6,23,0,10
2024-10-15 00:00:00,3,151.20000000000002,0,1,10
2024-10-15 01:00:00,8,344.7,1,1,10
2024-10-15 02:00:00,6,213.4,2,1,10
2024-10-15 03:00:00,6,319.7,3,1,10
2024-10-15 04:00:00,3,120.5,4,1,10
2024-10-15 05:00:00,3,109.0,5,1,10
2024-10-15 06:00:00,14,602.2,6,1,10
2024-10-15 07:00:00,17,704.3000000000001,7,1,10
2024-10-15 08:00:00,17,805.3,8,1,10
2024-10-15 09:00:00,35,1909.1,9,1,10
2024-10-15 10:00:00,41,1910.8,10,1,10
2024-10-15 11:00:00,31,1517.8,11,1,10
2024-10-15 12:00:00,44,2003.1,12,1,10
2024-10-15 13:00:00,34,1430.4,13,1,10
2024-10-15 14:00:00,39,1932.7,14,1,10
2024-10-15 15:00:00,45,2045.7,15,1,10
2024-10-15 16:00:00,32,1718.9,16,1,10
2024-10-15 17:00:00,32,1375.4,17,1,10
2024-10-15 18:00:00,29,1290.0,18,1,10
2024-10-15 19:00:00,17,680.1,19,1,10
2024-10-15 20:00:00,10,352.3,20,1,10
2024-10-15 21:00:00,8,379.0,21,1,10
2024-10-15 22:00:00,1,74.2,22,1,10
2024-10-15 23:00:00,3,102.4,23,1,10
2024-10-16 00:00:00,5,224.5,0,2,10
2024-10-16 01:00:00,4,227.9,1,2,10
2024-10-16 02:00:00,5,185.5,2,2,10
2024-10-16 03:00:00,2,105.8,3,2,10
2024-10-16 04:00:00,4,193.0,4,2,10
2024-10-16 05:00:00,21,1042.5,5,2,10
2024-10-16 06:00:00,10,470.1,6,2,10
2024-10-16 07:00:00,19,811.6,7,2,10
2024-10-16 08:00:00,26,1164.4,8,2,10
2024-10-16 09:00:00,37,1737.0,9,2,10
2024-10-16 10:00:00,49,2409.1,10,2,10
2024-10-16 11:00:00,49,2531.5,11,2,10
2024-10-16 12:00:00,36,1635.2,12,2,10
2024-10-16 13:00:00,43,2067.8,13,2,10
2024-10-16 14:00:00,41,1871.1,14,2,10
2024-10-16 15:00:00,32,1621.9,15,2,10
2024-10-16 16:00:00,31,1549.1,16,2,10
2024-10-16 17:00:00,20,954.5,17,2,10
2024-10-16 18:00:00,26,1381.5,18,2,10
2024-10-16 19:00:00,11,473.8,19,2,10
2024-10-16 20:00:00,21,951.0,20,2,10
2024-10-16 21:00:00,12,579.7,21,2,10
2024-10-16 22:00:00,3,118.4,22,2,10
2024-10-16 23:00:00,5,201.6,23,2,10
2024-10-17 00:00:00,6,220.9,0,3,10
2024-10-17 01:00:00,3,113.1,1,3,10
2024-10-17 02:00:00,2,84.4,2,3,10
2024-10-17 03:00:00,5,177.5,3,3,10
2024-10-17 04:00:00,6,281.3,4,3,10
2024-10-17 05:00:00,11,486.20000000000005,5,3,10
2024-10-17 06:00:00,18,863.5,6,3,10
2024-10-17 07:00:00,15,673.2,7,3,10
2024-10-17 08:00:00,32,1488.8,8,3,10
2024-10-17 09:00:00,30,1319.6000000000001,9,3,10
2024-10-17 10:00:00,38,1760.4,10,3,10
2024-10-17 11:00:00,51,2208.8,11,3,10
2024-10-17 12:00:00,52,2305.4,12,3,10
2024-10-17 13:00:00,39,1887.6000000000001,13,3,10
2024-10-17 14:00:00,41,1902.5,14,3,10
2024-10-17 15:00:00,31,1501.9,15,3,10
2024-10-17 16:00:00,33,1593.9,16,3,10
2024-10-17 17:00:00,30,1367.3,17,3,10
2024-10-17 18:00:00,27,1211.1,18,3,10
2024-10-17 19:00:00,19,982.0,19,3,10
2024-10-17 20:00:00,18,800.9,20,3,10
2024-10-17 21:00:00,11,650.4,21,3,10
2024-10-17 22:00:00,1,50.8,22,3,10
2024-10-17 23:00:00,9,475.6,23,3,10
2024-10-18 00:00:00,3,158.7,0,4,10
2024-10-18 01:00:00,1,29.2,1,4,10
2024-10-18 02:00:00,5,243.6,2,4,10
2024-10-18 03:00:00,5,302.6,3,4,10
2024-10-18 04:00:00,4,222.89999999999998,4,4,10
2024-10-18 05:00:00,11,475.7,5,4,10
2024-10-18 06:00:00,17,722.1,6,4,10
2024-10-18 07:00:00,14,642.4,7,4,10
2024-10-18 08:00:00,33,1543.9,8,4,10
2024-10-18 09:00:00,29,1338.6,9,4,10
2024-10-18 10:00:00,34,1525.0,10,4,10
2024-10-18 11:00:00,49,2246.1,11,4,10
2024-10-18 12:00:00,34,1572.5,12,4,10
2024-10-18 13:00:00,35,1822.0,13,4,10
2024-10-18 14:00:00,44,1831.7,14,4,10
2024-10-18 15:00:00,32,1415.7,15,4,10
2024-10-18 16:00:00,26,1103.5,16,4,10
2024-10-18 17:00:00,28,1306.3,17,4,10
2024-10-18 18:00:00,27,1339.1000000000001,18,4,10
2024-10-18 19:00:00,22,1041.9,19,4,10
2024-10-18 20:00:00,13,647.6,20,4,10
2024-10-18 21:00:00,6,232.10000000000002,21,4,10
2024-10-18 22:00:00,4,188.0,22,4,10
2024-10-18 23:00:00,5,170.8,23,4,10
2024-10-19 00:00:00,5,232.3,0,5,10
2024-10-19 01:00:00,2,144.3,1,5,10
2024-10-19 02:00:00,1,71.5,2,5,10
2024-10-19 03:00:00,3,121.89999999999999,3,5,10
2024-10-19 04:00:00,6,283.5,4,5,10
2024-10-19 05:00:00,11,477.0,5,5,10
2024-10-19 06:00:00,9,475.3,6,5,10
2024-10-19 07:00:00,16,795.8,7,5,10
2024-10-19 08:00:00,20,899.7,8,5,10
2024-10-19 09:00:00,27,1337.6,9,5,10
2024-10-19 10:00:00,26,1152.5,10,5,10
2024-10-19 11:00:00,31,1433.4,11,5,10
2024-10-19 12:00:00,36,1802.7,12,5,10
2024-10-19 13:00:00,25,1121.4,13,5,10
2024-10-19 14:00:00,33,1517.5,14,5,10
2024-10-19 15:00:00,27,1237.7,15,5,10
2024-10-19 16:00:00,22,1116.2,16,5,10
2024-10-19 17:00:00,22,1005.8,17,5,10
2024-10-19 18:00:00,11,442.0,18,5,10
2024-10-19 19:00:00,11,529.8,19,5,10
2024-10-19 20:00:00,7,309.0,20,5,10
2024-10-19 21:00:00,5,243.39999999999998,21,5,10
2024-10-19 22:00:00,6,225.4,22,5,10
2024-10-19 23:00:00,8,380.9,23,5,10
2024-10-20 00:00:00,5,194.4,0,6,10
2024-10-20 01:00:00,2,91.7,1,6,10
2024-10-20 02:00:00,5,207.4,2,6,10
2024-10-20 03:00:00,5,268.4,3,6,10
2024-10-20 04:00:00,3,168.7,4,6,10
2024-10-20 05:00:00,5,227.9,5,6,10
2024-10-20 06:00:00,10,384.0,6,6,10
2024-10-20 07:00:00,15,645.1,7,6,10
2024-10-20 08:00:00,22,1141.1,8,6,10
2024-10-20 09:00:00,28,1248.9,9,6,10
2024-10-20 10:00:00,33,1597.6,10,6,10
2024-10-20 11:00:00,36,1689.9,11,6,10
2024-10-20 12:00:00,24,1134.8,12,6,10
2024-10-20 13:00:00,39,1771.2,13,6,10
2024-10-20 14:00:00,26,1156.0,14,6,10
2024-10-20 15:00:00,26,1214.6,15,6,10
2024-10-20 16:00:00,18,680.0,16,6,10
2024-10-20 17:00:00,20,1061.4,17,6,10
2024-10-20 18:00:00,11,508.2,18,6,10
2024-10-20 19:00:00,12,655.6,19,6,10
2024-10-20 20:00:00,8,405.5,20,6,10
2024-10-20 21:00:00,3,108.69999999999999,21,6,10
2024-10-20 22:00:00,1,33.5,22,6,10
2024-10-20 23:00:00,4,152.7,23,6,10
2024-10-21 00:00:00,2,93.9,0,0,10
2024-10-21 01:00:00,3,165.2,1,0,10
2024-10-21 02:00:00,3,112.8,2,0,10
2024-10-21 03:00:00,3,132.1,3,0,10
2024-10-21 04:00:00,3,179.5,4,0,10
2024-10-21 05:00:00,8,325.1,5,0,10
2024-10-21 06:00:00,11,408.3,6,0,10
2024-10-21 07:00:00,19,914.1,7,0,10
2024-10-21 08:00:00,27,1217.3,8,0,10
2024-10-21 09:00:00,43,2108.7,9,0,10
2024-10-21 10:00:00,43,1994.4,10,0,10
2024-10-21 11:00:00,44,1982.9,11,0,10
2024-10-21 12:00:00,41,1896.8,12,0,10
2024-10-21 13:00:00,33,1569.2,13,0,10
2024-10-21 14:00:00,21,1012.2,14,0,10
2024-10-21 15:00:00,30,1338.0,15,0,10
2024-10-21 16:00:00,26,1159.1,16,0,10
2024-10-21 17:00:00,21,931.9,17,0,10
2024-10-21 18:00:00,24,1053.4,18,0,10
2024-10-21 19:00:00,26,1100.2,19,0,10
2024-10-21 20:00:00,12,512.7,20,0,10
2024-10-21 21:00:00,9,432.3,21,0,10
2024-10-21 22:00:00,2,84.9,22,0,10
2024-10-21 23:00:00,4,189.2,23,0,10
2024-10-22 00:00:00,6,319.1,0,1,10
2024-10-22 01:00:00,5,237.20000000000002,1,1,10
2024-10-22 02:00:00,1,34.5,2,1,10
2024-10-22 03:00:00,11,440.6,3,1,10
2024-10-22 04:00:00,8,344.6,4,1,10
2024-10-22 05:00:00,9,453.5,5,1,10
2024-10-22 06:00:00,11,444.7,6,1,10
2024-10-22 07:00:00,20,1111.6,7,1,10
2024-10-22 08:00:00,24,1104.7,8,1,10
2024-10-22 09:00:00,46,2203.6,9,1,10
2024-10-22 10:00:00,38,1791.5,10,1,10
2024-10-22 11:00:00,45,2099.0,11,1,10
2024-10-22 12:00:00,35,1547.4,12,1,10
2024-10-22 13:00:00,24,1062.0,13,1,10
2024-10-22 14:00:00,34,1567.4,14,1,10
2024-10-22 15:00:00,33,1383.9,15,1,10
2024-10-22 16:00:00,32,1450.9,16,1,10
2024-10-22 17:00:00,26,1244.3,17,1,10
2024-10-22 18:00:00,19,877.5,18,1,10
2024-10-22 19:00:00,14,608.8,19,1,10
2024-10-22 20:00:00,13,658.0,20,1,10
2024-10-22 21:00:00,10,487.3,21,1,10
2024-10-22 22:00:00,4,224.3,22,1,10
2024-10-22 23:00:00,4,195.4,23,1,10
2024-10-23 00:00:00,5,229.70000000000002,0,2,10
2024-10-23 01:00:00,4,189.0,1,2,10
2024-10-23 02:00:00,4,206.0,2,2,10
2024-10-23 03:00:00,2,62.5,3,2,10
2024-10-23 04:00:00,4,179.2,4,2,10
2024-10-23 05:00:00,13,735.5,5,2,10
2024-10-23 06:00:00,14,633.0,6,2,10
2024-10-23 07:00:00,18,847.1,7,2,10
2024-10-23 08:00:00,31,1329.9,8,2,10
2024-10-23 09:00:00,28,1462.0,9,2,10
2024-10-23 10:00:00,35,1651.7,10,2,10
2024-10-23 11:00:00,48,2319.5,11,2,10
2024-10-23 12:00:00,41,2028.3,12,2,10
2024-10-23 13:00:00,37,1643.5,13,2,10
2024-10-23 14:00:00,46,2314.3,14,2,10
2024-10-23 15:00:00,42,2120.2,15,2,10
2024-10-23 16:00:00,28,1233.2,16,2,10
2024-10-23 17:00:00,19,919.0,17,2,10
2024-10-23 18:00:00,30,1341.3,18,2,10
2024-10-23 19:00:00,23,926.5,19,2,10
2024-10-23 20:00:00,9,461.3,20,2,10
2024-10-23 21:00:00,7,308.6,21,2,10
2024-10-23 22:00:00,5,265.1,22,2,10
2024-10-23 23:00:00,7,412.6,23,2,10
2024-10-24 00:00:00,4,203.1,0,3,10
2024-10-24 01:00:00,6,375.6,1,3,10
2024-10-24 02:00:00,6,273.4,2,3,10
2024-10-24 03:00:00,4,189.1,3,3,10
2024-10-24 04:00:00,3,112.80000000000001,4,3,10
2024-10-24 05:00:00,9,445.0,5,3,10
2024-10-24 06:00:00,16,788.6,6,3,10
2024-10-24 07:00:00,14,625.4,7,3,10
2024-10-24 08:00:00,30,1211.1,8,3,10
2024-10-24 09:00:00,31,1448.2,9,3,10
2024-10-24 10:00:00,38,1854.0,10,3,10
2024-10-24 11:00:00,50,2414.0,11,3,10
2024-10-24 12:00:00,34,1462.7,12,3,10
2024-10-24 13:00:00,31,1372.5,13,3,10
2024-10-24 14:00:00,39,1769.0,14,3,10
2024-10-24 15:00:00,37,1640.7,15,3,10
2024-10-24 16:00:00,40,1849.2,16,3,10
2024-10-24 17:00:00,32,1420.2,17,3,10
2024-10-24 18:00:00,17,834.8,18,3,10
2024-10-24 19:00:00,22,1049.5,19,3,10
2024-10-24 20:00:00,15,558.0,20,3,10
2024-10-24 21:00:00,7,283.2,21,3,10
2024-10-24 22:00:00,3,146.8,22,3,10
2024-10-24 23:00:00,10,494.8,23,3,10
2024-10-25 00:00:00,4,177.5,0,4,10
2024-10-25 01:00:00,4,146.8,1,4,10
2024-10-25 02:00:00,4,149.5,2,4,10
2024-10-25 03:00:00,8,379.90000000000003,3,4,10
2024-10-25 04:00:00,1,37.6,4,4,10
2024-10-25 05:00:00,9,443.7,5,4,10
2024-10-25 06:00:00,11,393.3,6,4,10
2024-10-25 07:00:00,17,781.7,7,4,10
2024-10-25 08:00:00,27,1368.4,8,4,10
2024-10-25 09:00:00,47,2237.0,9,4,10
2024-10-25 10:00:00,42,2005.5,10,4,10
2024-10-25 11:00:00,29,1378.7,11,4,10
2024-10-25 12:00:00,35,1440.0,12,4,10
2024-10-25 13:00:00,40,1783.3,13,4,10
2024-10-25 14:00:00,51,2409.5,14,4,10
2024-10-25 15:00:00,42,2005.3,15,4,10
2024-10-25 16:00:00,44,2324.7,16,4,10
2024-10-25 17:00:00,29,1461.8,17,4,10
2024-10-25 18:00:00,19,824.3,18,4,10
2024-10-25 19:00:00,23,1021.3,19,4,10
2024-10-25 20:00:00,14,585.8,20,4,10
2024-10-25 21:00:00,13,627.8,21,4,10
2024-10-25 22:00:00,9,447.3,22,4,10
2024-10-25 23:00:00,0,0.0,23,4,10
2024-10-26 00:00:00,3,118.0,0,5,10
2024-10-26 01:00:00,2,82.4,1,5,10
2024-10-26 02:00:00,4,185.4,2,5,10
2024-10-26 03:00:00,7,277.2,3,5,10
2024-10-26 04:00:00,3,130.3,4,5,10
2024-10-26 05:00:00,4,148.5,5,5,10
2024-10-26 06:00:00,8,379.5,6,5,10
2024-10-26 07:00:00,11,529.4,7,5,10
2024-10-26 08:00:00,19,922.2,8,5,10
2024-10-26 09:00:00,20,874.3,9,5,10
2024-10-26 10:00:00,29,1205.5,10,5,10
2024-10-26 11:00:00,35,1567.0,11,5,10
2024-10-26 12:00:00,28,1195.0,12,5,10
2024-10-26 13:00:00,27,1362.6,13,5,10
2024-10-26 14:00:00,34,1624.6,14,5,10
2024-10-26 15:00:00,24,985.4,15,5,10
2024-10-26 16:00:00,23,1061.2,16,5,10
2024-10-26 17:00:00,20,803.6,17,5,10
2024-10-26 18:00:00,13,621.1,18,5,10
2024-10-26 19:00:00,9,438.09999999999997,19,5,10
2024-10-26 20:00:00,11,403.3,20,5,10
2024-10-26 21:00:00,7,276.4,21,5,10
2024-10-26 22:00:00,5,264.5,22,5,10
2024-10-26 23:00:00,3,156.4,23,5,10
2024-10-27 00:00:00,4,191.9,0,6,10
2024-10-27 01:00:00,2,82.8,1,6,10
2024-10-27 02:00:00,1,80.0,2,6,10
2024-10-27 03:00:00,3,130.9,3,6,10
2024-10-27 04:00:00,6,238.29999999999998,4,6,10
2024-10-27 05:00:00,7,293.8,5,6,10
2024-10-27 06:00:00,15,862.8000000000001,6,6,10
2024-10-27 07:00:00,14,679.3,7,6,10
2024-10-27 08:00:00,21,907.5,8,6,10
2024-10-27 09:00:00,28,1203.8,9,6,10
2024-10-27 10:00:00,23,1072.5,10,6,10
2024-10-27 11:00:00,27,1214.5,11,6,10
2024-10-27 12:00:00,29,1358.6,12,6,10
2024-10-27 13:00:00,23,1134.8999999999999,13,6,10
2024-10-27 14:00:00,24,1047.9,14,6,10
2024-10-27 15:00:00,27,1191.0,15,6,10
2024-10-27 16:00:00,15,699.1,16,6,10
2024-10-27 17:00:00,26,1070.4,17,6,10
2024-10-27 18:00:00,19,917.6,18,6,10
2024-10-27 19:00:00,9,402.8,19,6,10
2024-10-27 20:00:00,8,367.6,20,6,10
2024-10-27 21:00:00,5,257.5,21,6,10
2024-10-27 22:00:00,5,183.10000000000002,22,6,10
2024-10-27 23:00:00,3,147.5,23,6,10
2024-10-28 00:00:00,5,290.1,0,0,10
2024-10-28 01:00:00,5,171.6,1,0,10
2024-10-28 02:00:00,1,33.4,2,0,10
2024-10-28 03:00:00,3,159.9,3,0,10
2024-10-28 04:00:00,11,591.5,4,0,10
2024-10-28 05:00:00,8,422.2,5,0,10
2024-10-28 06:00:00,13,632.2,6,0,10
2024-10-28 07:00:00,24,1153.0,7,0,10
2024-10-28 08:00:00,24,1055.1,8,0,10
2024-10-28 09:00:00,36,1706.5,9,0,10
2024-10-28 10:00:00,34,1577.6,10,0,10
2024-10-28 11:00:00,35,1668.4,11,0,10
2024-10-28 12:00:00,50,2488.7,12,0,10
2024-10-28 13:00:00,39,1826.8,13,0,10
2024-10-28 14:00:00,39,1810.6,14,0,10
2024-10-28 15:00:00,48,2256.5,15,0,10
2024-10-28 16:00:00,35,1577.7,16,0,10
2024-10-28 17:00:00,22,911.3,17,0,10
2024-10-28 18:00:00,23,999.6999999999999,18,0,10
2024-10-28 19:00:00,21,1127.6,19,0,10
2024-10-28 20:00:00,11,525.6,20,0,10
2024-10-28 21:00:00,6,268.3,21,0,10
2024-10-28 22:00:00,1,46.9,22,0,10
2024-10-28 23:00:00,6,244.2,23,0,10
2024-10-29 00:00:00,4,139.6,0,1,10
2024-10-29 01:00:00,4,220.8,1,1,10
2024-10-29 02:00:00,5,292.4,2,1,10
2024-10-29 03:00:00,3,94.30000000000001,3,1,10
2024-10-29 04:00:00,5,194.7,4,1,10
2024-10-29 05:00:00,13,618.2,5,1,10
2024-10-29 06:00:00,13,590.9,6,1,10
2024-10-29 07:00:00,24,1123.5,7,1,10
2024-10-29 08:00:00,39,2002.4,8,1,10
2024-10-29 09:00:00,32,1417.7,9,1,10
2024-10-29 10:00:00,33,1433.9,10,1,10
2024-10-29 11:00:00,44,1931.8,11,1,10
2024-10-29 12:00:00,34,1443.5,12,1,10
2024-10-29 13:00:00,45,2176.9,13,1,10
2024-10-29 14:00:00,39,1668.2,14,1,10
2024-10-29 15:00:00,38,1636.3,15,1,10
2024-10-29 16:00:00,36,1385.3,16,1,10
2024-10-29 17:00:00,21,898.7,17,1,10
2024-10-29 18:00:00,11,491.2,18,1,10
2024-10-29 19:00:00,18,845.9,19,1,10
2024-10-29 20:00:00,10,473.1,20,1,10
2024-10-29 21:00:00,7,280.4,21,1,10
2024-10-29 22:00:00,4,179.2,22,1,10
2024-10-29 23:00:00,9,488.4,23,1,10
2024-10-30 00:00:00,2,112.7,0,2,10
2024-10-30 01:00:00,5,234.79999999999998,1,2,10
2024-10-30 02:00:00,5,222.70000000000002,2,2,10
2024-10-30 03:00:00,7,273.4,3,2,10
2024-10-30 04:00:00,7,362.4,4,2,10
2024-10-30 05:00:00,7,296.7,5,2,10
2024-10-30 06:00:00,19,856.4,6,2,10
2024-10-30 07:00:00,18,730.9,7,2,10
2024-10-30 08:00:00,35,1666.7,8,2,10
2024-10-30 09:00:00,33,1638.5,9,2,10
2024-10-30 10:00:00,38,1866.1,10,2,10
2024-10-30 11:00:00,45,1938.3,11,2,10
2024-10-30 12:00:00,38,1562.1,12,2,10
2024-10-30 13:00:00,45,2033.1,13,2,10
2024-10-30 14:00:00,44,2178.7,14,2,10
2024-10-30 15:00:00,34,1613.9,15,2,10
2024-10-30 16:00:00,31,1439.8,16,2,10
2024-10-30 17:00:00,38,1700.6,17,2,10
2024-10-30 18:00:00,36,1747.1,18,2,10
2024-10-30 19:00:00,18,808.6,19,2,10
2024-10-30 20:00:00,13,525.3,20,2,10
2024-10-30 21:00:00,9,446.4,21,2,10
2024-10-30 22:00:00,9,471.1,22,2,10
2024-10-30 23:00:00,4,189.7,23,2,10
2024-10-31 00:00:00,3,125.4,0,3,10
2024-10-31 01:00:00,3,114.1,1,3,10
2024-10-31 02:00:00,3,117.69999999999999,2,3,10
2024-10-31 03:00:00,4,234.0,3,3,10
2024-10-31 04:00:00,9,450.2,4,3,10
2024-10-31 05:00:00,9,437.5,5,3,10
2024-10-31 06:00:00,10,475.59999999999997,6,3,10
2024-10-31 07:00:00,13,546.0,7,3,10
2024-10-31 08:00:00,24,1040.2,8,3,10
2024-10-31 09:00:00,35,1744.7,9,3,10
2024-10-31 10:00:00,36,1610.4,10,3,10
2024-10-31 11:00:00,35,1603.9,11,3,10
2024-10-31 12:00:00,35,1536.9,12,3,10
2024-10-31 13:00:00,34,1566.0,13,3,10
2024-10-31 14:00:00,44,2331.2,14,3,10
2024-10-31 15:00:00,36,1572.1,15,3,10
2024-10-31 16:00:00,37,1749.2,16,3,10
2024-10-31 17:00:00,24,1230.3,17,3,10
2024-10-31 18:00:00,14,664.7,18,3,10
2024-10-31 19:00:00,18,782.1,19,3,10
2024-10-31 20:00:00,10,533.0,20,3,10
2024-10-31 21:00:00,11,478.8,21,3,10
2024-10-31 22:00:00,2,72.4,22,3,10
2024-10-31 23:00:00,3,139.3,23,3,10
2024-11-01 00:00:00,7,291.7,0,4,11
2024-11-01 01:00:00,4,174.5,1,4,11
2024-11-01 02:00:00,9,344.5,2,4,11
2024-11-01 03:00:00,5,240.5,3,4,11
2024-11-01 04:00:00,4,185.0,4,4,11
2024-11-01 05:00:00,8,312.6,5,4,11
2024-11-01 06:00:00,15,704.6,6,4,11
2024-11-01 07:00:00,28,1224.2,7,4,11
2024-11-01 08:00:00,32,1535.9,8,4,11
2024-11-01 09:00:00,29,1251.0,9,4,11
2024-11-01 10:00:00,48,2185.7,10,4,11
2024-11-01 11:00:00,40,1794.2,11,4,11
2024-11-01 12:00:00,42,1898.7,12,4,11
2024-11-01 13:00:00,29,1367.4,13,4,11
2024-11-01 14:00:00,41,1963.8,14,4,11
2024-11-01 15:00:00,34,1367.9,15,4,11
2024-11-01 16:00:00,34,1492.5,16,4,11
2024-11-01 17:00:00,25,1171.7,17,4,11
2024-11-01 18:00:00,33,1550.2,18,4,11
2024-11-01 19:00:00,10,397.5,19,4,11
2024-11-01 20:00:00,18,826.0,20,4,11
2024-11-01 21:00:00,11,487.2,21,4,11
2024-11-01 22:00:00,4,211.0,22,4,11
2024-11-01 23:00:00,4,180.2,23,4,11
2024-11-02 00:00:00,2,109.1,0,5,11
2024-11-02 01:00:00,3,202.8,1,5,11
2024-11-02 02:00:00,7,298.6,2,5,11
2024-11-02 03:00:00,7,310.7,3,5,11
2024-11-02 04:00:00,1,31.6,4,5,11
2024-11-02 05:00:00,8,378.7,5,5,11
2024-11-02 06:00:00,11,583.5,6,5,11
2024-11-02 07:00:00,11,559.8,7,5,11
2024-11-02 08:00:00,25,1238.8,8,5,11
2024-11-02 09:00:00,18,891.9,9,5,11
2024-11-02 10:00:00,30,1503.7,10,5,11
2024-11-02 11:00:00,23,1042.7,11,5,11
2024-11-02 12:00:00,41,1759.9,12,5,11
2024-11-02 13:00:00,30,1284.3,13,5,11
2024-11-02 14:00:00,35,1655.9,14,5,11
2024-11-02 15:00:00,24,1071.6,15,5,11
2024-11-02 16:00:00,20,979.0,16,5,11
2024-11-02 17:00:00,17,822.8,17,5,11
2024-11-02 18:00:00,14,654.6,18,5,11
2024-11-02 19:00:00,9,415.6,19,5,11
2024-11-02 20:00:00,19,785.3,20,5,11
2024-11-02 21:00:00,10,469.2,21,5,11
2024-11-02 22:00:00,4,168.0,22,5,11
2024-11-02 23:00:00,3,111.7,23,5,11
2024-11-03 00:00:00,7,380.2,0,6,11
2024-11-03 01:00:00,3,157.20000000000002,1,6,11
2024-11-03 02:00:00,3,134.5,2,6,11
2024-11-03 03:00:00,2,100.7,3,6,11
2024-11-03 04:00:00,2,68.5,4,6,11
2024-11-03 05:00:00,7,312.4,5,6,11
2024-11-03 06:00:00,10,463.29999999999995,6,6,11
2024-11-03 07:00:00,15,639.6,7,6,11
2024-11-03 08:00:00,25,1095.2,8,6,11
2024-11-03 09:00:00,25,1134.4,9,6,11
2024-11-03 10:00:00,29,1346.8999999999999,10,6,11
2024-11-03 11:00:00,33,1584.6,11,6,11
2024-11-03 12:00:00,19,812.9,12,6,11
2024-11-03 13:00:00,31,1509.0,13,6,11
2024-11-03 14:00:00,33,1483.9,14,6,11
2024-11-03 15:00:00,26,1225.0,15,6,11
2024-11-03 16:00:00,31,1312.3,16,6,11
2024-11-03 17:00:00,20,979.0,17,6,11
2024-11-03 18:00:00,20,941.7,18,6,11
2024-11-03 19:00:00,7,316.9,19,6,11
2024-11-03 20:00:00,13,703.9,20,6,11
2024-11-03 21:00:00,5,295.1,21,6,11
2024-11-03 22:00:00,5,232.89999999999998,22,6,11
2024-11-03 23:00:00,6,290.6,23,6,11
2024-11-04 00:00:00,2,158.8,0,0,11
2024-11-04 01:00:00,3,98.3,1,0,11
2024-11-04 02:00:00,2,70.3,2,0,11
2024-11-04 03:00:00,6,241.6,3,0,11
2024-11-04 04:00:00,10,578.3,4,0,11
2024-11-04 05:00:00,13,523.6,5,0,11
2024-11-04 06:00:00,17,767.1,6,0,11
2024-11-04 07:00:00,12,566.9,7,0,11
2024-11-04 08:00:00,28,1212.9,8,0,11
2024-11-04 09:00:00,34,1709.6,9,0,11
2024-11-04 10:00:00,46,2024.4,10,0,11
2024-11-04 11:00:00,34,1614.3,11,0,11
2024-11-04 12:00:00,34,1503.6,12,0,11
2024-11-04 13:00:00,38,1774.6,13,0,11
2024-11-04 14:00:00,46,2027.3,14,0,11
2024-11-04 15:00:00,44,2171.7,15,0,11
2024-11-04 16:00:00,28,1270.4,16,0,11
2024-11-04 17:00:00,29,1181.2,17,0,11
2024-11-04 18:00:00,21,1201.5,18,0,11
2024-11-04 19:00:00,13,660.4,19,0,11
2024-11-04 20:00:00,11,455.0,20,0,11
2024-11-04 21:00:00,8,324.5,21,0,11
2024-11-04 22:00:00,4,202.2,22,0,11
2024-11-04 23:00:00,4,148.7,23,0,11
2024-11-05 00:00:00,4,212.3,0,1,11
2024-11-05 01:00:00,5,276.6,1,1,11
2024-11-05 02:00:00,3,143.6,2,1,11
2024-11-05 03:00:00,5,211.2,3,1,11
2024-11-05 04:00:00,3,145.3,4,1,11
2024-11-05 05:00:00,11,409.3,5,1,11
2024-11-05 06:00:00,12,549.5,6,1,11
2024-11-05 07:00:00,15,729.2,7,1,11
2024-11-05 08:00:00,26,1377.1,8,1,11
2024-11-05 09:00:00,29,1367.8,9,1,11
2024-11-05 10:00:00,42,1890.7,10,1,11
2024-11-05 11:00:00,48,2078.5,11,1,11
2024-11-05 12:00:00,38,1781.3,12,1,11
2024-11-05 13:00:00,48,2266.0,13,1,11
2024-11-05 14:00:00,37,1809.8,14,1,11
2024-11-05 15:00:00,31,1391.4,15,1,11
2024-11-05 16:00:00,42,1910.7,16,1,11
2024-11-05 17:00:00,23,1009.4,17,1,11
2024-11-05 18:00:00,21,945.4,18,1,11
2024-11-05 19:00:00,12,563.7,19,1,11
2024-11-05 20:00:00,13,542.5,20,1,11
2024-11-05 21:00:00,14,600.5,21,1,11
2024-11-05 22:00:00,7,288.0,22,1,11
2024-11-05 23:00:00,5,265.7,23,1,11
2024-11-06 00:00:00,1,31.2,0,2,11
2024-11-06 01:00:00,5,210.9,1,2,11
2024-11-06 02:00:00,2,95.3,2,2,11
2024-11-06 03:00:00,4,160.9,3,2,11
2024-11-06 04:00:00,6,280.8,4,2,11
2024-11-06 05:00:00,9,425.8,5,2,11
2024-11-06 06:00:00,13,497.6,6,2,11
2024-11-06 07:00:00,16,779.2,7,2,11
2024-11-06 08:00:00,26,1303.3999999999999,8,2,11
2024-11-06 09:00:00,38,1615.9,9,2,11
2024-11-06 10:00:00,36,1888.5,10,2,11
2024-11-06 11:00:00,36,1560.2,11,2,11
2024-11-06 12:00:00,44,1966.8,12,2,11
2024-11-06 13:00:00,33,1456.7,13,2,11
2024-11-06 14:00:00,42,2009.5,14,2,11
2024-11-06 15:00:00,34,1576.2,15,2,11
2024-11-06 16:00:00,35,1664.6,16,2,11
2024-11-06 17:00:00,33,1483.7,17,2,11
2024-11-06 18:00:00,20,828.1999999999999,18,2,11
2024-11-06 19:00:00,17,797.6,19,2,11
2024-11-06 20:00:00,12,608.9,20,2,11
2024-11-06 21:00:00,4,202.3,21,2,11
2024-11-06 22:00:00,3,157.8,22,2,11
2024-11-06 23:00:00,7,335.2,23,2,11
2024-11-07 00:00:00,1,51.8,0,3,11
2024-11-07 01:00:00,7,297.5,1,3,11
2024-11-07 02:00:00,3,138.5,2,3,11
2024-11-07 03:00:00,6,324.8,3,3,11
2024-11-07 04:00:00,4,207.7,4,3,11
2024-11-07 05:00:00,8,338.4,5,3,11
2024-11-07 06:00:00,16,916.5,6,3,11
2024-11-07 07:00:00,18,761.6,7,3,11
2024-11-07 08:00:00,35,1684.6,8,3,11
2024-11-07 09:00:00,46,2044.9,9,3,11
2024-11-07 10:00:00,41,1921.1,10,3,11
2024-11-07 11:00:00,43,1785.4,11,3,11
2024-11-07 12:00:00,34,1484.7,12,3,11
2024-11-07 13:00:00,44,1837.6000000000001,13,3,11
2024-11-07 14:00:00,43,2018.8,14,3,11
2024-11-07 15:00:00,54,2476.6,15,3,11
2024-11-07 16:00:00,42,1868.3,16,3,11
2024-11-07 17:00:00,36,1480.6,17,3,11
2024-11-07 18:00:00,19,840.4,18,3,11
2024-11-07 19:00:00,16,707.5,19,3,11
2024-11-07 20:00:00,10,460.2,20,3,11
2024-11-07 21:00:00,4,119.5,21,3,11
2024-11-07 22:00:00,3,129.3,22,3,11
2024-11-07 23:00:00,2,91.7,23,3,11
2024-11-08 00:00:00,5,222.2,0,4,11
2024-11-08 01:00:00,12,518.3,1,4,11
2024-11-08 02:00:00,4,119.5,2,4,11
2024-11-08 03:00:00,2,74.2,3,4,11
2024-11-08 04:00:00,2,65.1,4,4,11
2024-11-08 05:00:00,8,405.9,5,4,11
2024-11-08 06:00:00,15,617.7,6,4,11
2024-11-08 07:00:00,16,723.6,7,4,11
2024-11-08 08:00:00,32,1465.5,8,4,11
2024-11-08 09:00:00,48,2205.0,9,4,11
2024-11-08 10:00:00,36,1584.9,10,4,11
2024-11-08 11:00:00,42,1861.6,11,4,11
2024-11-08 12:00:00,44,2017.5,12,4,11
2024-11-08 13:00:00,39,1907.4,13,4,11
2024-11-08 14:00:00,42,1825.2,14,4,11
2024-11-08 15:00:00,44,1973.2,15,4,11
2024-11-08 16:00:00,31,1380.6,16,4,11
2024-11-08 17:00:00,30,1427.2,17,4,11
2024-11-08 18:00:00,15,719.7,18,4,11
2024-11-08 19:00:00,14,727.9,19,4,11
2024-11-08 20:00:00,12,559.4,20,4,11
2024-11-08 21:00:00,9,453.2,21,4,11
2024-11-08 22:00:00,5,239.39999999999998,22,4,11
2024-11-08 23:00:00,4,226.7,23,4,11
2024-11-09 00:00:00,6,310.4,0,5,11
2024-11-09 01:00:00,2,76.4,1,5,11
2024-11-09 02:00:00,4,210.2,2,5,11
2024-11-09 03:00:00,5,161.5,3,5,11
2024-11-09 04:00:00,2,67.9,4,5,11
2024-11-09 05:00:00,7,413.59999999999997,5,5,11
2024-11-09 06:00:00,11,469.2,6,5,11
2024-11-09 07:00:00,12,526.8,7,5,11
2024-11-09 08:00:00,17,749.8000000000001,8,5,11
2024-11-09 09:00:00,23,978.9,9,5,11
2024-11-09 10:00:00,22,1004.7,10,5,11
2024-11-09 11:00:00,31,1566.2,11,5,11
2024-11-09 12:00:00,45,2334.6,12,5,11
2024-11-09 13:00:00,31,1367.3,13,5,11
2024-11-09 14:00:00,33,1515.8,14,5,11
2024-11-09 15:00:00,22,919.1,15,5,11
2024-11-09 16:00:00,22,990.2,16,5,11
2024-11-09 17:00:00,18,898.4,17,5,11
2024-11-09 18:00:00,13,577.4,18,5,11
2024-11-09 19:00:00,19,810.9,19,5,11
2024-11-09 20:00:00,10,454.0,20,5,11
2024-11-09 21:00:00,4,141.3,21,5,11
2024-11-09 22:00:00,2,63.5,22,5,11
2024-11-09 23:00:00,3,160.7,23,5,11
2024-11-10 00:00:00,4,240.8,0,6,11
2024-11-10 01:00:00,2,66.7,1,6,11
2024-11-10 02:00:00,2,101.9,2,6,11
2024-11-10 03:00:00,0,0.0,3,6,11
2024-11-10 04:00:00,5,219.2,4,6,11
2024-11-10 05:00:00,4,187.5,5,6,11
2024-11-10 06:00:00,11,579.4,6,6,11
2024-11-10 07:00:00,14,660.4,7,6,11
2024-11-10 08:00:00,16,749.5,8,6,11
2024-11-10 09:00:00,29,1272.6,9,6,11
2024-11-10 10:00:00,32,1494.8,10,6,11
2024-11-10 11:00:00,27,1363.0,11,6,11
2024-11-10 12:00:00,32,1431.9,12,6,11
2024-11-10 13:00:00,38,1691.1,13,6,11
2024-11-10 14:00:00,28,1230.1,14,6,11
2024-11-10 15:00:00,20,751.2,15,6,11
2024-11-10 16:00:00,22,948.8,16,6,11
2024-11-10 17:00:00,23,1029.1,17,6,11
2024-11-10 18:00:00,23,1044.0,18,6,11
2024-11-10 19:00:00,9,420.5,19,6,11
2024-11-10 20:00:00,6,235.1,20,6,11
2024-11-10 21:00:00,6,229.3,21,6,11
2024-11-10 22:00:00,2,79.0,22,6,11
2024-11-10 23:00:00,2,64.5,23,6,11
2024-11-11 00:00:00,4,146.0,0,0,11
2024-11-11 01:00:00,3,191.2,1,0,11
2024-11-11 02:00:00,6,298.2,2,0,11
2024-11-11 03:00:00,4,142.89999999999998,3,0,11
2024-11-11 04:00:00,3,97.7,4,0,11
2024-11-11 05:00:00,7,357.9,5,0,11
2024-11-11 06:00:00,8,351.2,6,0,11
2024-11-11 07:00:00,23,1090.5,7,0,11
2024-11-11 08:00:00,30,1223.8,8,0,11
2024-11-11 09:00:00,34,1768.4,9,0,11
2024-11-11 10:00:00,45,2121.4,10,0,11
2024-11-11 11:00:00,36,1661.7,11,0,11
2024-11-11 12:00:00,35,1624.9,12,0,11
2024-11-11 13:00:00,38,1932.5,13,0,11
2024-11-11 14:00:00,38,1719.1,14,0,11
2024-11-11 15:00:00,33,1526.8,15,0,11
2024-11-11 16:00:00,35,1475.5,16,0,11
2024-11-11 17:00:00,23,1123.6,17,0,11
2024-11-11 18:00:00,24,952.1,18,0,11
2024-11-11 19:00:00,17,748.3,19,0,11
2024-11-11 20:00:00,6,340.5,20,0,11
2024-11-11 21:00:00,8,351.8,21,0,11
2024-11-11 22:00:00,4,124.9,22,0,11
2024-11-11 23:00:00,8,307.7,23,0,11
2024-11-12 00:00:00,4,180.6,0,1,11
2024-11-12 01:00:00,3,168.5,1,1,11
2024-11-12 02:00:00,4,203.2,2,1,11
2024-11-12 03:00:00,4,251.6,3,1,11
2024-11-12 04:00:00,4,171.5,4,1,11
2024-11-12 05:00:00,8,309.2,5,1,11
2024-11-12 06:00:00,9,365.3,6,1,11
2024-11-12 07:00:00,20,893.1,7,1,11
2024-11-12 08:00:00,35,1710.0,8,1,11
2024-11-12 09:00:00,45,1986.0,9,1,11
2024-11-12 10:00:00,35,1399.7,10,1,11
2024-11-12 11:00:00,37,1779.7,11,1,11
2024-11-12 12:00:00,32,1495.5,12,1,11
2024-11-12 13:00:00,26,1177.1,13,1,11
2024-11-12 14:00:00,36,1519.1,14,1,11
2024-11-12 15:00:00,45,2247.8,15,1,11
2024-11-12 16:00:00,44,2337.4,16,1,11
2024-11-12 17:00:00,23,954.8,17,1,11
2024-11-12 18:00:00,27,1200.5,18,1,11
2024-11-12 19:00:00,17,765.3,19,1,11
2024-11-12 20:00:00,10,523.1,20,1,11
2024-11-12 21:00:00,12,489.3,21,1,11
2024-11-12 22:00:00,6,301.7,22,1,11
2024-11-12 23:00:00,6,325.4,23,1,11
2024-11-13 00:00:00,6,270.1,0,2,11
2024-11-13 01:00:00,2,88.4,1,2,11
2024-11-13 02:00:00,3,155.5,2,2,11
2024-11-13 03:00:00,2,84.1,3,2,11
2024-11-13 04:00:00,2,106.8,4,2,11
2024-11-13 05:00:00,7,264.5,5,2,11
2024-11-13 06:00:00,11,557.4,6,2,11
2024-11-13 07:00:00,14,629.9,7,2,11
2024-11-13 08:00:00,33,1520.6,8,2,11
2024-11-13 09:00:00,39,1872.3,9,2,11
2024-11-13 10:00:00,42,1955.1,10,2,11
2024-11-13 11:00:00,53,2642.3,11,2,11
2024-11-13 12:00:00,48,2393.9,12,2,11
2024-11-13 13:00:00,44,2068.7,13,2,11
2024-11-13 14:00:00,48,2070.0,14,2,11
2024-11-13 15:00:00,30,1372.6,15,2,11
2024-11-13 16:00:00,30,1461.7,16,2,11
2024-11-13 17:00:00,21,1011.8,17,2,11
2024-11-13 18:00:00,22,1069.6,18,2,11
2024-11-13 19:00:00,18,752.0,19,2,11
2024-11-13 20:00:00,14,557.9,20,2,11
2024-11-13 21:00:00,9,475.3,21,2,11
2024-11-13 22:00:00,4,143.8,22,2,11
2024-11-13 23:00:00,9,395.3,23,2,11
2024-11-14 00:00:00,2,75.0,0,3,11
2024-11-14 01:00:00,6,312.5,1,3,11
2024-11-14 02:00:00,2,77.4,2,3,11
2024-11-14 03:00:00,4,193.3,3,3,11
2024-11-14 04:00:00,8,316.9,4,3,11
2024-11-14 05:00:00,11,548.7,5,3,11
2024-11-14 06:00:00,14,682.2,6,3,11
2024-11-14 07:00:00,23,1078.2,7,3,11
2024-11-14 08:00:00,28,1405.9,8,3,11
2024-11-14 09:00:00,35,1581.8,9,3,11
2024-11-14 10:00:00,37,1691.4,10,3,11
2024-11-14 11:00:00,31,1551.3,11,3,11
2024-11-14 12:00:00,44,2182.6,12,3,11
2024-11-14 13:00:00,32,1436.3,13,3,11
2024-11-14 14:00:00,30,1391.9,14,3,11
2024-11-14 15:00:00,29,1311.0,15,3,11
2024-11-14 16:00:00,23,1141.3,16,3,11
2024-11-14 17:00:00,22,1059.4,17,3,11
2024-11-14 18:00:00,24,1152.9,18,3,11
2024-11-14 19:00:00,14,698.7,19,3,11
2024-11-14 20:00:00,14,646.7,20,3,11
2024-11-14 21:00:00,10,473.4,21,3,11
2024-11-14 22:00:00,1,30.7,22,3,11
2024-11-14 23:00:00,3,182.2,23,3,11
2024-11-15 00:00:00,4,213.1,0,4,11
2024-11-15 01:00:00,5,269.3,1,4,11
2024-11-15 02:00:00,2,74.69999999999999,2,4,11
2024-11-15 03:00:00,6,269.0,3,4,11
2024-11-15 04:00:00,2,81.5,4,4,11
2024-11-15 05:00:00,19,813.5,5,4,11
2024-11-15 06:00:00,10,474.90000000000003,6,4,11
2024-11-15 07:00:00,17,741.9,7,4,11
2024-11-15 08:00:00,27,1497.3999999999999,8,4,11
2024-11-15 09:00:00,34,1562.6000000000001,9,4,11
2024-11-15 10:00:00,52,2228.9,10,4,11
2024-11-15 11:00:00,39,1777.6,11,4,11
2024-11-15 12:00:00,49,2556.2,12,4,11
2024-11-15 13:00:00,48,2318.4,13,4,11
2024-11-15 14:00:00,53,2294.1,14,4,11
2024-11-15 15:00:00,40,1711.2,15,4,11
2024-11-15 16:00:00,36,1707.4,16,4,11
2024-11-15 17:00:00,13,588.0,17,4,11
2024-11-15 18:00:00,23,1025.5,18,4,11
2024-11-15 19:00:00,11,462.5,19,4,11
2024-11-15 20:00:00,12,542.7,20,4,11
2024-11-15 21:00:00,7,271.7,21,4,11
2024-11-15 22:00:00,3,154.6,22,4,11
2024-11-15 23:00:00,4,176.0,23,4,11
2024-11-16 00:00:00,4,237.9,0,5,11
2024-11-16 01:00:00,3,166.7,1,5,11
2024-11-16 02:00:00,1,31.7,2,5,11
2024-11-16 03:00:00,4,187.9,3,5,11
2024-11-16 04:00:00,4,169.0,4,5,11
2024-11-16 05:00:00,6,261.1,5,5,11
2024-11-16 06:00:00,13,615.9,6,5,11
2024-11-16 07:00:00,14,652.3,7,5,11
2024-11-16 08:00:00,19,872.6,8,5,11
2024-11-16 09:00:00,24,1085.8,9,5,11
2024-11-16 10:00:00,39,1829.5,10,5,11
2024-11-16 11:00:00,30,1479.6,11,5,11
2024-11-16 12:00:00,31,1385.3,12,5,11
2024-11-16 13:00:00,27,1228.2,13,5,11
2024-11-16 14:00:00,26,1344.4,14,5,11
2024-11-16 15:00:00,20,889.2,15,5,11
2024-11-16 16:00:00,18,711.8,16,5,11
2024-11-16 17:00:00,28,1277.3,17,5,11
2024-11-16 18:00:00,15,732.6,18,5,11
2024-11-16 19:00:00,17,851.5,19,5,11
2024-11-16 20:00:00,11,508.9,20,5,11
2024-11-16 21:00:00,5,199.1,21,5,11
2024-11-16 22:00:00,2,75.8,22,5,11
2024-11-16 23:00:00,3,119.6,23,5,11
2024-11-17 00:00:00,7,312.3,0,6,11
2024-11-17 01:00:00,1,80.0,1,6,11
2024-11-17 02:00:00,5,289.9,2,6,11
2024-11-17 03:00:00,1,46.6,3,6,11
2024-11-17 04:00:00,3,157.0,4,6,11
2024-11-17 05:00:00,3,137.6,5,6,11
2024-11-17 06:00:00,7,345.5,6,6,11
2024-11-17 07:00:00,7,376.0,7,6,11
2024-11-17 08:00:00,20,994.1,8,6,11
2024-11-17 09:00:00,20,849.7,9,6,11
2024-11-17 10:00:00,33,1580.1000000000001,10,6,11
2024-11-17 11:00:00,45,2094.2,11,6,11
2024-11-17 12:00:00,28,1293.9,12,6,11
2024-11-17 13:00:00,25,1034.3,13,6,11
2024-11-17 14:00:00,35,1519.0,14,6,11
2024-11-17 15:00:00,31,1635.5,15,6,11
2024-11-17 16:00:00,33,1481.4,16,6,11
2024-11-17 17:00:00,20,910.6999999999999,17,6,11
2024-11-17 18:00:00,18,756.1,18,6,11
2024-11-17 19:00:00,9,366.9,19,6,11
2024-11-17 20:00:00,11,591.6,20,6,11
2024-11-17 21:00:00,8,419.9,21,6,11
2024-11-17 22:00:00,1,32.1,22,6,11
2024-11-17 23:00:00,3,162.2,23,6,11
2024-11-18 00:00:00,4,153.4,0,0,11
2024-11-18 01:00:00,4,188.5,1,0,11
2024-11-18 02:00:00,5,224.0,2,0,11
2024-11-18 03:00:00,9,370.2,3,0,11
2024-11-18 04:00:00,5,188.7,4,0,11
2024-11-18 05:00:00,5,191.1,5,0,11
2024-11-18 06:00:00,7,293.0,6,0,11
2024-11-18 07:00:00,16,825.4,7,0,11
2024-11-18 08:00:00,18,841.9,8,0,11
2024-11-18 09:00:00,44,2045.1,9,0,11
2024-11-18 10:00:00,40,1853.9,10,0,11
2024-11-18 11:00:00,46,1974.2,11,0,11
2024-11-18 12:00:00,45,1956.1,12,0,11
2024-11-18 13:00:00,37,1762.8,13,0,11
2024-11-18 14:00:00,46,2309.9,14,0,11
2024-11-18 15:00:00,28,1281.9,15,0,11
2024-11-18 16:00:00,35,1665.9,16,0,11
2024-11-18 17:00:00,28,1328.4,17,0,11
2024-11-18 18:00:00,21,1013.5,18,0,11
2024-11-18 19:00:00,19,746.2,19,0,11
2024-11-18 20:00:00,18,927.1,20,0,11
2024-11-18 21:00:00,11,609.4,21,0,11
2024-11-18 22:00:00,6,248.5,22,0,11
2024-11-18 23:00:00,4,215.0,23,0,11
2024-11-19 00:00:00,7,268.4,0,1,11
2024-11-19 01:00:00,2,114.69999999999999,1,1,11
2024-11-19 02:00:00,5,222.9,2,1,11
2024-11-19 03:00:00,1,61.6,3,1,11
2024-11-19 04:00:00,3,112.2,4,1,11
2024-11-19 05:00:00,9,343.0,5,1,11
2024-11-19 06:00:00,13,613.6,6,1,11
2024-11-19 07:00:00,19,926.0,7,1,11
2024-11-19 08:00:00,22,1065.1,8,1,11
2024-11-19 09:00:00,34,1561.3,9,1,11
2024-11-19 10:00:00,41,1906.0,10,1,11
2024-11-19 11:00:00,30,1421.2,11,1,11
2024-11-19 12:00:00,44,2027.8,12,1,11
2024-11-19 13:00:00,45,2118.2,13,1,11
2024-11-19 14:00:00,44,1878.6,14,1,11
2024-11-19 15:00:00,22,974.7,15,1,11
2024-11-19 16:00:00,33,1525.8,16,1,11
2024-11-19 17:00:00,28,1145.8,17,1,11
2024-11-19 18:00:00,25,1112.4,18,1,11
2024-11-19 19:00:00,17,662.5,19,1,11
2024-11-19 20:00:00,11,463.29999999999995,20,1,11
2024-11-19 21:00:00,7,288.40000000000003,21,1,11
2024-11-19 22:00:00,10,463.9,22,1,11
2024-11-19 23:00:00,6,281.5,23,1,11
2024-11-20 00:00:00,6,272.1,0,2,11
2024-11-20 01:00:00,6,268.2,1,2,11
2024-11-20 02:00:00,6,261.4,2,2,11
2024-11-20 03:00:00,5,246.8,3,2,11
2024-11-20 04:00:00,5,284.2,4,2,11
2024-11-20 05:00:00,7,315.4,5,2,11
2024-11-20 06:00:00,16,843.3,6,2,11
2024-11-20 07:00:00,14,658.3,7,2,11
2024-11-20 08:00:00,32,1539.9,8,2,11
2024-11-20 09:00:00,30,1355.7,9,2,11
2024-11-20 10:00:00,41,1879.3,10,2,11
2024-11-20 11:00:00,41,1875.5,11,2,11
2024-11-20 12:00:00,45,2120.4,12,2,11
2024-11-20 13:00:00,35,1689.3,13,2,11
2024-11-20 14:00:00,43,2142.4,14,2,11
2024-11-20 15:00:00,36,1634.7,15,2,11
2024-11-20 16:00:00,26,1192.8,16,2,11
2024-11-20 17:00:00,27,1351.8,17,2,11
2024-11-20 18:00:00,29,1350.9,18,2,11
2024-11-20 19:00:00,9,354.3,19,2,11
2024-11-20 20:00:00,19,892.4,20,2,11
2024-11-20 21:00:00,8,410.3,21,2,11
2024-11-20 22:00:00,4,195.29999999999998,22,2,11
2024-11-20 23:00:00,7,298.8,23,2,11
2024-11-21 00:00:00,6,231.8,0,3,11
2024-11-21 01:00:00,4,143.9,1,3,11
2024-11-21 02:00:00,3,113.30000000000001,2,3,11
2024-11-21 03:00:00,6,295.09999999999997,3,3,11
2024-11-21 04:00:00,5,232.0,4,3,11
2024-11-21 05:00:00,5,237.5,5,3,11
2024-11-21 06:00:00,12,569.1,6,3,11
2024-11-21 07:00:00,13,623.1,7,3,11
2024-11-21 08:00:00,25,1149.9,8,3,11
2024-11-21 09:00:00,39,1684.8,9,3,11
2024-11-21 10:00:00,48,2168.9,10,3,11
2024-11-21 11:00:00,50,2349.1,11,3,11
2024-11-21 12:00:00,46,1965.7,12,3,11
2024-11-21 13:00:00,47,2214.7,13,3,11
2024-11-21 14:00:00,36,1556.2,14,3,11
2024-11-21 15:00:00,37,1710.9,15,3,11
2024-11-21 16:00:00,31,1395.1,16,3,11
2024-11-21 17:00:00,19,922.9,17,3,11
2024-11-21 18:00:00,23,1215.5,18,3,11
2024-11-21 19:00:00,12,556.2,19,3,11
2024-11-21 20:00:00,11,500.20000000000005,20,3,11
2024-11-21 21:00:00,12,511.6,21,3,11
2024-11-21 22:00:00,4,254.9,22,3,11
2024-11-21 23:00:00,5,218.9,23,3,11
2024-11-22 00:00:00,8,278.4,0,4,11
2024-11-22 01:00:00,4,202.0,1,4,11
2024-11-22 02:00:00,3,114.0,2,4,11
2024-11-22 03:00:00,7,294.1,3,4,11
2024-11-22 04:00:00,5,226.0,4,4,11
2024-11-22 05:00:00,8,356.2,5,4,11
2024-11-22 06:00:00,14,727.1,6,4,11
2024-11-22 07:00:00,17,714.2,7,4,11
2024-11-22 08:00:00,27,1379.4,8,4,11
2024-11-22 09:00:00,32,1579.0,9,4,11
2024-11-22 10:00:00,35,1553.9,10,4,11
2024-11-22 11:00:00,36,1655.5,11,4,11
2024-11-22 12:00:00,33,1573.6,12,4,11
2024-11-22 13:00:00,33,1535.0,13,4,11
2024-11-22 14:00:00,34,1429.4,14,4,11
2024-11-22 15:00:00,34,1503.6,15,4,11
2024-11-22 16:00:00,36,1772.9,16,4,11
2024-11-22 17:00:00,29,1184.7,17,4,11
2024-11-22 18:00:00,22,992.2,18,4,11
2024-11-22 19:00:00,23,1093.8,19,4,11
2024-11-22 20:00:00,20,918.3,20,4,11
2024-11-22 21:00:00,9,360.5,21,4,11
2024-11-22 22:00:00,4,188.0,22,4,11
2024-11-22 23:00:00,3,131.7,23,4,11
2024-11-23 00:00:00,2,94.4,0,5,11
2024-11-23 01:00:00,1,33.2,1,5,11
2024-11-23 02:00:00,2,74.7,2,5,11
2024-11-23 03:00:00,3,107.80000000000001,3,5,11
2024-11-23 04:00:00,8,401.9,4,5,11
2024-11-23 05:00:00,5,214.8,5,5,11
2024-11-23 06:00:00,11,542.5,6,5,11
2024-11-23 07:00:00,11,494.3,7,5,11
2024-11-23 08:00:00,22,1068.2,8,5,11
2024-11-23 09:00:00,22,1018.1,9,5,11
2024-11-23 10:00:00,28,1194.9,10,5,11
2024-11-23 11:00:00,34,1628.3,11,5,11
2024-11-23 12:00:00,29,1288.5,12,5,11
2024-11-23 13:00:00,28,1310.3,13,5,11
2024-11-23 14:00:00,23,944.2,14,5,11
2024-11-23 15:00:00,18,853.6999999999999,15,5,11
2024-11-23 16:00:00,24,1112.5,16,5,11
2024-11-23 17:00:00,18,865.0,17,5,11
2024-11-23 18:00:00,19,856.9,18,5,11
2024-11-23 19:00:00,18,847.4,19,5,11
2024-11-23 20:00:00,12,571.7,20,5,11
2024-11-23 21:00:00,4,231.5,21,5,11
2024-11-23 22:00:00,1,37.1,22,5,11
2024-11-23 23:00:00,4,233.20000000000002,23,5,11
2024-11-24 00:00:00,3,96.0,0,6,11
2024-11-24 01:00:00,1,30.6,1,6,11
2024-11-24 02:00:00,3,106.2,2,6,11
2024-11-24 03:00:00,4,173.6,3,6,11
2024-11-24 04:00:00,3,157.7,4,6,11
2024-11-24 05:00:00,10,560.1,5,6,11
2024-11-24 06:00:00,15,729.7,6,6,11
2024-11-24 07:00:00,9,449.5,7,6,11
2024-11-24 08:00:00,29,1364.9,8,6,11
2024-11-24 09:00:00,28,1483.7,9,6,11
2024-11-24 10:00:00,30,1412.9,10,6,11
2024-11-24 11:00:00,24,1147.5,11,6,11
2024-11-24 12:00:00,28,1406.4,12,6,11
2024-11-24 13:00:00,38,1547.9,13,6,11
2024-11-24 14:00:00,19,827.1,14,6,11
2024-11-24 15:00:00,25,1186.1,15,6,11
2024-11-24 16:00:00,24,1013.0,16,6,11
2024-11-24 17:00:00,26,1027.1,17,6,11
2024-11-24 18:00:00,15,642.9,18,6,11
2024-11-24 19:00:00,16,739.8000000000001,19,6,11
2024-11-24 20:00:00,8,385.99999999999994,20,6,11
2024-11-24 21:00:00,4,235.79999999999998,21,6,11
2024-11-24 22:00:00,4,157.3,22,6,11
2024-11-24 23:00:00,6,352.1,23,6,11
2024-11-25 00:00:00,6,363.4,0,0,11
2024-11-25 01:00:00,5,295.0,1,0,11
2024-11-25 02:00:00,2,80.4,2,0,11
2024-11-25 03:00:00,4,193.1,3,0,11
2024-11-25 04:00:00,5,239.2,4,0,11
2024-11-25 05:00:00,7,328.7,5,0,11
2024-11-25 06:00:00,13,572.8,6,0,11
2024-11-25 07:00:00,11,542.3,7,0,11
2024-11-25 08:00:00,17,799.1,8,0,11
2024-11-25 09:00:00,37,1759.0,9,0,11
2024-11-25 10:00:00,34,1544.9,10,0,11
2024-11-25 11:00:00,36,1685.6000000000001,11,0,11
2024-11-25 12:00:00,34,1461.9,12,0,11
2024-11-25 13:00:00,47,2507.9,13,0,11
2024-11-25 14:00:00,37,1696.3,14,0,11
2024-11-25 15:00:00,46,2057.6,15,0,11
2024-11-25 16:00:00,34,1586.6,16,0,11
2024-11-25 17:00:00,29,1444.7,17,0,11
2024-11-25 18:00:00,13,716.2,18,0,11
2024-11-25 19:00:00,16,777.5,19,0,11
2024-11-25 20:00:00,11,473.0,20,0,11
2024-11-25 21:00:00,9,381.9,21,0,11
2024-11-25 22:00:00,5,181.7,22,0,11
2024-11-25 23:00:00,2,64.6,23,0,11
2024-11-26 00:00:00,4,180.2,0,1,11
2024-11-26 01:00:00,2,96.7,1,1,11
2024-11-26 02:00:00,5,166.3,2,1,11
2024-11-26 03:00:00,4,169.39999999999998,3,1,11
2024-11-26 04:00:00,4,221.7,4,1,11
2024-11-26 05:00:00,6,327.7,5,1,11
2024-11-26 06:00:00,7,370.8,6,1,11
2024-11-26 07:00:00,19,790.5,7,1,11
2024-11-26 08:00:00,32,1506.4,8,1,11
2024-11-26 09:00:00,36,1595.6,9,1,11
2024-11-26 10:00:00,39,1770.2,10,1,11
2024-11-26 11:00:00,43,1882.8,11,1,11
2024-11-26 12:00:00,48,2286.2,12,1,11
2024-11-26 13:00:00,44,2040.8,13,1,11
2024-11-26 14:00:00,47,2315.5,14,1,11
2024-11-26 15:00:00,32,1463.0,15,1,11
2024-11-26 16:00:00,27,1311.5,16,1,11
2024-11-26 17:00:00,29,1245.1,17,1,11
2024-11-26 18:00:00,27,1259.8,18,1,11
2024-11-26 19:00:00,24,1024.9,19,1,11
2024-11-26 20:00:00,15,837.0,20,1,11
2024-11-26 21:00:00,10,446.3,21,1,11
2024-11-26 22:00:00,5,208.8,22,1,11
2024-11-26 23:00:00,4,179.5,23,1,11
2024-11-27 00:00:00,4,146.4,0,2,11
2024-11-27 01:00:00,4,155.9,1,2,11
2024-11-27 02:00:00,4,138.7,2,2,11
2024-11-27 03:00:00,0,0.0,3,2,11
2024-11-27 04:00:00,5,217.1,4,2,11
2024-11-27 05:00:00,12,560.9,5,2,11
2024-11-27 06:00:00,14,641.7,6,2,11
2024-11-27 07:00:00,20,962.6,7,2,11
2024-11-27 08:00:00,33,1659.1,8,2,11
2024-11-27 09:00:00,41,1817.0,9,2,11
2024-11-27 10:00:00,53,2434.3,10,2,11
2024-11-27 11:00:00,38,1690.1000000000001,11,2,11
2024-11-27 12:00:00,47,2230.7,12,2,11
2024-11-27 13:00:00,30,1396.3,13,2,11
2024-11-27 14:00:00,33,1505.6,14,2,11
2024-11-27 15:00:00,33,1528.5,15,2,11
2024-11-27 16:00:00,25,1170.7,16,2,11
2024-11-27 17:00:00,30,1389.9,17,2,11
2024-11-27 18:00:00,24,1142.8,18,2,11
2024-11-27 19:00:00,21,909.7,19,2,11
2024-11-27 20:00:00,14,567.7,20,2,11
2024-11-27 21:00:00,10,402.3,21,2,11
2024-11-27 22:00:00,8,384.8,22,2,11
2024-11-27 23:00:00,5,257.8,23,2,11
2024-11-28 00:00:00,1,35.1,0,3,11
2024-11-28 01:00:00,6,227.8,1,3,11
2024-11-28 02:00:00,3,153.8,2,3,11
2024-11-28 03:00:00,5,225.89999999999998,3,3,11
2024-11-28 04:00:00,7,268.5,4,3,11
2024-11-28 05:00:00,11,569.1,5,3,11
2024-11-28 06:00:00,11,555.2,6,3,11
2024-11-28 07:00:00,12,505.7,7,3,11
2024-11-28 08:00:00,32,1517.9,8,3,11
2024-11-28 09:00:00,40,1904.9,9,3,11
2024-11-28 10:00:00,27,1239.0,10,3,11
2024-11-28 11:00:00,34,1580.7,11,3,11
2024-11-28 12:00:00,34,1466.0,12,3,11
2024-11-28 13:00:00,39,1714.2,13,3,11
2024-11-28 14:00:00,35,1480.7,14,3,11
2024-11-28 15:00:00,40,1951.9,15,3,11
2024-11-28 16:00:00,26,1077.2,16,3,11
2024-11-28 17:00:00,33,1610.4,17,3,11
2024-11-28 18:00:00,17,831.9,18,3,11
2024-11-28 19:00:00,14,675.3,19,3,11
2024-11-28 20:00:00,14,640.5,20,3,11
2024-11-28 21:00:00,7,308.6,21,3,11
2024-11-28 22:00:00,9,461.4,22,3,11
2024-11-28 23:00:00,2,64.6,23,3,11
2024-11-29 00:00:00,6,250.6,0,4,11
2024-11-29 01:00:00,4,152.0,1,4,11
2024-11-29 02:00:00,5,225.5,2,4,11
2024-11-29 03:00:00,8,413.6,3,4,11
2024-11-29 04:00:00,7,297.1,4,4,11
2024-11-29 05:00:00,5,218.3,5,4,11
2024-11-29 06:00:00,19,815.5,6,4,11
2024-11-29 07:00:00,17,806.3,7,4,11
2024-11-29 08:00:00,37,1684.6,8,4,11
2024-11-29 09:00:00,33,1465.4,9,4,11
2024-11-29 10:00:00,51,2303.3,10,4,11
2024-11-29 11:00:00,38,1759.8,11,4,11
2024-11-29 12:00:00,30,1431.5,12,4,11
2024-11-29 13:00:00,50,2143.6,13,4,11
2024-11-29 14:00:00,45,2181.5,14,4,11
2024-11-29 15:00:00,40,1818.2,15,4,11
2024-11-29 16:00:00,23,1066.7,16,4,11
2024-11-29 17:00:00,23,1259.0,17,4,11
2024-11-29 18:00:00,30,1406.7,18,4,11
2024-11-29 19:00:00,19,879.4,19,4,11
2024-11-29 20:00:00,15,694.9,20,4,11
2024-11-29 21:00:00,11,592.6,21,4,11
2024-11-29 22:00:00,2,79.8,22,4,11
2024-11-29 23:00:00,2,92.7,23,4,11
2024-11-30 00:00:00,3,142.0,0,5,11
2024-11-30 01:00:00,3,130.4,1,5,11
2024-11-30 02:00:00,5,252.5,2,5,11
2024-11-30 03:00:00,5,294.8,3,5,11
2024-11-30 04:00:00,3,178.3,4,5,11
2024-11-30 05:00:00,5,234.3,5,5,11
2024-11-30 06:00:00,6,239.9,6,5,11
2024-11-30 07:00:00,13,610.2,7,5,11
2024-11-30 08:00:00,16,641.1,8,5,11
2024-11-30 09:00:00,26,1207.1,9,5,11
2024-11-30 10:00:00,33,1518.2,10,5,11
2024-11-30 11:00:00,35,1457.9,11,5,11
2024-11-30 12:00:00,35,1668.2,12,5,11
2024-11-30 13:00:00,33,1516.1,13,5,11
2024-11-30 14:00:00,33,1672.1,14,5,11
2024-11-30 15:00:00,28,1387.6,15,5,11
2024-11-30 16:00:00,23,1249.1000000000001,16,5,11
2024-11-30 17:00:00,21,913.9,17,5,11
2024-11-30 18:00:00,18,828.7,18,5,11
2024-11-30 19:00:00,12,592.6,19,5,11
2024-11-30 20:00:00,8,346.6,20,5,11
2024-11-30 21:00:00,11,521.6,21,5,11
2024-11-30 22:00:00,6,332.0,22,5,11
2024-11-30 23:00:00,7,323.3,23,5,11
2024-12-01 00:00:00,1,46.7,0,6,12
2024-12-01 01:00:00,4,167.7,1,6,12
2024-12-01 02:00:00,2,110.89999999999999,2,6,12
2024-12-01 03:00:00,5,179.5,3,6,12
2024-12-01 04:00:00,3,116.1,4,6,12
2024-12-01 05:00:00,7,277.1,5,6,12
2024-12-01 06:00:00,13,555.7,6,6,12
2024-12-01 07:00:00,10,422.8,7,6,12
2024-12-01 08:00:00,10,417.6,8,6,12
2024-12-01 09:00:00,32,1585.8,9,6,12
2024-12-01 10:00:00,29,1368.7,10,6,12
2024-12-01 11:00:00,21,953.6999999999999,11,6,12
2024-12-01 12:00:00,23,1118.2,12,6,12
2024-12-01 13:00:00,31,1404.9,13,6,12
2024-12-01 14:00:00,30,1305.4,14,6,12
2024-12-01 15:00:00,24,1208.8,15,6,12
2024-12-01 16:00:00,21,930.0,16,6,12
2024-12-01 17:00:00,20,976.2,17,6,12
2024-12-01 18:00:00,15,734.9,18,6,12
2024-12-01 19:00:00,14,658.1,19,6,12
2024-12-01 20:00:00,3,163.9,20,6,12
2024-12-01 21:00:00,5,231.2,21,6,12
2024-12-01 22:00:00,6,249.4,22,6,12
2024-12-01 23:00:00,3,126.3,23,6,12
2024-12-02 00:00:00,4,194.5,0,0,12
2024-12-02 01:00:00,4,203.5,1,0,12
2024-12-02 02:00:00,3,156.2,2,0,12
2024-12-02 03:00:00,2,85.8,3,0,12
2024-12-02 04:00:00,5,227.8,4,0,12
2024-12-02 05:00:00,10,418.7,5,0,12
2024-12-02 06:00:00,12,623.7,6,0,12
2024-12-02 07:00:00,12,544.3,7,0,12
2024-12-02 08:00:00,33,1381.9,8,0,12
2024-12-02 09:00:00,31,1317.9,9,0,12
2024-12-02 10:00:00,44,1796.0,10,0,12
2024-12-02 11:00:00,27,1214.9,11,0,12
2024-12-02 12:00:00,41,1898.1,12,0,12
2024-12-02 13:00:00,42,1974.5,13,0,12
2024-12-02 14:00:00,42,1893.9,14,0,12
2024-12-02 15:00:00,37,1680.0,15,0,12
2024-12-02 16:00:00,37,1625.0,16,0,12
2024-12-02 17:00:00,32,1428.9,17,0,12
2024-12-02 18:00:00,9,479.4,18,0,12
2024-12-02 19:00:00,13,469.9,19,0,12
2024-12-02 20:00:00,13,631.4,20,0,12
2024-12-02 21:00:00,7,358.7,21,0,12
2024-12-02 22:00:00,6,255.0,22,0,12
2024-12-02 23:00:00,3,240.0,23,0,12
2024-12-03 00:00:00,2,82.3,0,1,12
2024-12-03 01:00:00,8,263.3,1,1,12
2024-12-03 02:00:00,6,254.5,2,1,12
2024-12-03 03:00:00,1,35.2,3,1,12
2024-12-03 04:00:00,6,310.4,4,1,12
2024-12-03 05:00:00,8,338.6,5,1,12
2024-12-03 06:00:00,11,564.3,6,1,12
2024-12-03 07:00:00,16,787.6,7,1,12
2024-12-03 08:00:00,22,896.7,8,1,12
2024-12-03 09:00:00,48,2233.2,9,1,12
2024-12-03 10:00:00,47,2261.6,10,1,12
2024-12-03 11:00:00,37,1633.7,11,1,12
2024-12-03 12:00:00,39,1760.8,12,1,12
2024-12-03 13:00:00,35,1700.5,13,1,12
2024-12-03 14:00:00,27,1356.8,14,1,12
2024-12-03 15:00:00,27,1244.5,15,1,12
2024-12-03 16:00:00,29,1210.8,16,1,12
2024-12-03 17:00:00,27,1237.5,17,1,12
2024-12-03 18:00:00,27,1340.0,18,1,12
2024-12-03 19:00:00,22,973.3,19,1,12
2024-12-03 20:00:00,23,1094.6,20,1,12
2024-12-03 21:00:00,11,483.7,21,1,12
2024-12-03 22:00:00,4,171.5,22,1,12
2024-12-03 23:00:00,1,33.2,23,1,12
2024-12-04 00:00:00,4,164.6,0,2,12
2024-12-04 01:00:00,6,304.3,1,2,12
2024-12-04 02:00:00,3,121.8,2,2,12
2024-12-04 03:00:00,6,247.2,3,2,12
2024-12-04 04:00:00,3,161.60000000000002,4,2,12
2024-12-04 05:00:00,9,441.8,5,2,12
2024-12-04 06:00:00,10,505.3,6,2,12
2024-12-04 07:00:00,18,903.3,7,2,12
2024-12-04 08:00:00,26,1136.7,8,2,12
2024-12-04 09:00:00,35,1820.7,9,2,12
2024-12-04 10:00:00,39,1806.5,10,2,12
2024-12-04 11:00:00,45,2304.3,11,2,12
2024-12-04 12:00:00,37,1693.9,12,2,12
2024-12-04 13:00:00,28,1224.1,13,2,12
2024-12-04 14:00:00,36,1830.6,14,2,12
2024-12-04 15:00:00,36,1633.7,15,2,12
2024-12-04 16:00:00,32,1561.1,16,2,12
2024-12-04 17:00:00,34,1644.8,17,2,12
2024-12-04 18:00:00,23,1020.6,18,2,12
2024-12-04 19:00:00,14,652.0,19,2,12
2024-12-04 20:00:00,10,461.0,20,2,12
2024-12-04 21:00:00,15,675.5,21,2,12
2024-12-04 22:00:00,4,196.8,22,2,12
2024-12-04 23:00:00,5,300.7,23,2,12
2024-12-05 00:00:00,5,218.0,0,3,12
2024-12-05 01:00:00,2,129.8,1,3,12
2024-12-05 02:00:00,1,35.2,2,3,12
2024-12-05 03:00:00,5,285.79999999999995,3,3,12
2024-12-05 04:00:00,4,206.5,4,3,12
2024-12-05 05:00:00,13,673.5,5,3,12
2024-12-05 06:00:00,11,535.3,6,3,12
2024-12-05 07:00:00,20,1069.2,7,3,12
2024-12-05 08:00:00,26,1142.9,8,3,12
2024-12-05 09:00:00,40,1950.9,9,3,12
2024-12-05 10:00:00,42,1813.3,10,3,12
2024-12-05 11:00:00,38,1814.2,11,3,12
2024-12-05 12:00:00,40,1803.4,12,3,12
2024-12-05 13:00:00,42,2069.6,13,3,12
2024-12-05 14:00:00,34,1646.5,14,3,12
2024-12-05 15:00:00,40,1892.2,15,3,12
2024-12-05 16:00:00,32,1408.2,16,3,12
2024-12-05 17:00:00,21,973.0,17,3,12
2024-12-05 18:00:00,21,925.8,18,3,12
2024-12-05 19:00:00,20,787.7,19,3,12
2024-12-05 20:00:00,14,788.4,20,3,12
2024-12-05 21:00:00,12,486.7,21,3,12
2024-12-05 22:00:00,2,112.9,22,3,12
2024-12-05 23:00:00,6,223.8,23,3,12
2024-12-06 00:00:00,4,219.6,0,4,12
2024-12-06 01:00:00,4,192.2,1,4,12
2024-12-06 02:00:00,7,342.0,2,4,12
2024-12-06 03:00:00,1,35.8,3,4,12
2024-12-06 04:00:00,6,287.9,4,4,12
2024-12-06 05:00:00,8,360.0,5,4,12
2024-12-06 06:00:00,15,730.0,6,4,12
2024-12-06 07:00:00,14,712.6,7,4,12
2024-12-06 08:00:00,24,1100.9,8,4,12
2024-12-06 09:00:00,33,1412.8,9,4,12
2024-12-06 10:00:00,39,1709.8,10,4,12
2024-12-06 11:00:00,35,1681.8,11,4,12
2024-12-06 12:00:00,40,1740.3999999999999,12,4,12
2024-12-06 13:00:00,45,2104.9,13,4,12
2024-12-06 14:00:00,39,1872.9,14,4,12
2024-12-06 15:00:00,35,1735.9,15,4,12
2024-12-06 16:00:00,37,1804.4,16,4,12
2024-12-06 17:00:00,30,1391.7,17,4,12
2024-12-06 18:00:00,27,1309.0,18,4,12
2024-12-06 19:00:00,23,952.7,19,4,12
2024-12-06 20:00:00,14,727.5,20,4,12
2024-12-06 21:00:00,16,754.6,21,4,12
2024-12-06 22:00:00,4,201.10000000000002,22,4,12
2024-12-06 23:00:00,6,258.2,23,4,12
2024-12-07 00:00:00,4,229.6,0,5,12
2024-12-07 01:00:00,3,126.1,1,5,12
2024-12-07 02:00:00,2,79.5,2,5,12
2024-12-07 03:00:00,3,112.6,3,5,12
2024-12-07 04:00:00,2,100.0,4,5,12
2024-12-07 05:00:00,9,393.5,5,5,12
2024-12-07 06:00:00,7,294.1,6,5,12
2024-12-07 07:00:00,11,592.1999999999999,7,5,12
2024-12-07 08:00:00,24,1060.1,8,5,12
2024-12-07 09:00:00,26,1283.8,9,5,12
2024-12-07 10:00:00,26,1110.1,10,5,12
2024-12-07 11:00:00,34,1601.9,11,5,12
2024-12-07 12:00:00,29,1361.3,12,5,12
2024-12-07 13:00:00,31,1373.6,13,5,12
2024-12-07 14:00:00,18,865.4,14,5,12
2024-12-07 15:00:00,22,1149.6,15,5,12
2024-12-07 16:00:00,14,674.2,16,5,12
2024-12-07 17:00:00,28,1287.2,17,5,12
2024-12-07 18:00:00,22,1108.2,18,5,12
2024-12-07 19:00:00,17,808.3,19,5,12
2024-12-07 20:00:00,19,759.7,20,5,12
2024-12-07 21:00:00,6,262.4,21,5,12
2024-12-07 22:00:00,8,432.9,22,5,12
2024-12-07 23:00:00,8,293.59999999999997,23,5,12
2024-12-08 00:00:00,3,110.2,0,6,12
2024-12-08 01:00:00,1,28.7,1,6,12
2024-12-08 02:00:00,2,85.6,2,6,12
2024-12-08 03:00:00,3,170.2,3,6,12
2024-12-08 04:00:00,1,38.0,4,6,12
2024-12-08 05:00:00,6,352.5,5,6,12
2024-12-08 06:00:00,9,438.8,6,6,12
2024-12-08 07:00:00,14,623.4,7,6,12
2024-12-08 08:00:00,22,994.2,8,6,12
2024-12-08 09:00:00,29,1321.8,9,6,12
2024-12-08 10:00:00,36,1717.3,10,6,12
2024-12-08 11:00:00,27,1240.3,11,6,12
2024-12-08 12:00:00,24,1056.0,12,6,12
2024-12-08 13:00:00,41,1683.5,13,6,12
2024-12-08 14:00:00,26,1292.0,14,6,12
2024-12-08 15:00:00,29,1439.8,15,6,12
2024-12-08 16:00:00,10,473.8,16,6,12
2024-12-08 17:00:00,22,928.5,17,6,12
2024-12-08 18:00:00,15,642.2,18,6,12
2024-12-08 19:00:00,21,1019.1,19,6,12
2024-12-08 20:00:00,7,327.5,20,6,12
2024-12-08 21:00:00,6,203.7,21,6,12
2024-12-08 22:00:00,5,253.7,22,6,12
2024-12-08 23:00:00,2,84.2,23,6,12
2024-12-09 00:00:00,4,188.1,0,0,12
2024-12-09 01:00:00,3,158.3,1,0,12
2024-12-09 02:00:00,5,247.10000000000002,2,0,12
2024-12-09 03:00:00,4,176.5,3,0,12
2024-12-09 04:00:00,5,248.8,4,0,12
2024-12-09 05:00:00,9,404.59999999999997,5,0,12
2024-12-09 06:00:00,14,657.0,6,0,12
2024-12-09 07:00:00,20,889.0,7,0,12
2024-12-09 08:00:00,33,1526.2,8,0,12
2024-12-09 09:00:00,42,2039.5,9,0,12
2024-12-09 10:00:00,49,2219.1,10,0,12
2024-12-09 11:00:00,44,1926.0,11,0,12
2024-12-09 12:00:00,37,1541.9,12,0,12
2024-12-09 13:00:00,50,2185.5,13,0,12
2024-12-09 14:00:00,42,2126.6,14,0,12
2024-12-09 15:00:00,34,1506.7,15,0,12
2024-12-09 16:00:00,40,1968.8,16,0,12
2024-12-09 17:00:00,26,1138.3,17,0,12
2024-12-09 18:00:00,23,1150.8,18,0,12
2024-12-09 19:00:00,14,605.8,19,0,12
2024-12-09 20:00:00,11,439.6,20,0,12
2024-12-09 21:00:00,5,204.4,21,0,12
2024-12-09 22:00:00,3,122.7,22,0,12
2024-12-09 23:00:00,3,167.4,23,0,12
2024-12-10 00:00:00,5,241.5,0,1,12
2024-12-10 01:00:00,4,161.89999999999998,1,1,12
2024-12-10 02:00:00,7,351.9,2,1,12
2024-12-10 03:00:00,6,228.39999999999998,3,1,12
2024-12-10 04:00:00,5,222.4,4,1,12
2024-12-10 05:00:00,12,453.5,5,1,12
2024-12-10 06:00:00,20,987.0,6,1,12
2024-12-10 07:00:00,19,866.3,7,1,12
2024-12-10 08:00:00,28,1428.9,8,1,12
2024-12-10 09:00:00,49,2238.2,9,1,12
2024-12-10 10:00:00,36,1517.1,10,1,12
2024-12-10 11:00:00,44,2129.1,11,1,12
2024-12-10 12:00:00,37,1707.7,12,1,12
2024-12-10 13:00:00,39,1766.5,13,1,12
2024-12-10 14:00:00,46,2201.9,14,1,12
2024-12-10 15:00:00,35,1746.7,15,1,12
2024-12-10 16:00:00,32,1550.6,16,1,12
2024-12-10 17:00:00,39,1981.1,17,1,12
2024-12-10 18:00:00,27,1280.2,18,1,12
2024-12-10 19:00:00,25,1250.0,19,1,12
2024-12-10 20:00:00,12,505.4,20,1,12
2024-12-10 21:00:00,9,411.5,21,1,12
2024-12-10 22:00:00,2,125.69999999999999,22,1,12
2024-12-10 23:00:00,5,226.5,23,1,12
2024-12-11 00:00:00,4,172.3,0,2,12
2024-12-11 01:00:00,5,254.0,1,2,12
2024-12-11 02:00:00,9,452.7,2,2,12
2024-12-11 03:00:00,2,90.69999999999999,3,2,12
2024-12-11 04:00:00,4,149.0,4,2,12
2024-12-11 05:00:00,4,245.5,5,2,12
2024-12-11 06:00:00,12,512.5,6,2,12
2024-12-11 07:00:00,14,629.4,7,2,12
2024-12-11 08:00:00,21,964.3,8,2,12
2024-12-11 09:00:00,27,1305.6,9,2,12
2024-12-11 10:00:00,44,2125.1,10,2,12
2024-12-11 11:00:00,52,2573.5,11,2,12
2024-12-11 12:00:00,39,1864.0,12,2,12
2024-12-11 13:00:00,37,1655.2,13,2,12
2024-12-11 14:00:00,32,1462.8,14,2,12
2024-12-11 15:00:00,36,1730.7,15,2,12
2024-12-11 16:00:00,31,1596.4,16,2,12
2024-12-11 17:00:00,24,1130.7,17,2,12
2024-12-11 18:00:00,20,1064.5,18,2,12
2024-12-11 19:00:00,28,1205.8,19,2,12
2024-12-11 20:00:00,21,1044.4,20,2,12
2024-12-11 21:00:00,9,506.7,21,2,12
2024-12-11 22:00:00,4,160.6,22,2,12
2024-12-11 23:00:00,5,268.0,23,2,12
2024-12-12 00:00:00,4,124.8,0,3,12
2024-12-12 01:00:00,3,145.2,1,3,12
2024-12-12 02:00:00,3,166.1,2,3,12
2024-12-12 03:00:00,4,245.9,3,3,12
2024-12-12 04:00:00,4,194.3,4,3,12
2024-12-12 05:00:00,7,287.0,5,3,12
2024-12-12 06:00:00,8,297.7,6,3,12
2024-12-12 07:00:00,17,733.7,7,3,12
2024-12-12 08:00:00,24,1181.1,8,3,12
2024-12-12 09:00:00,33,1316.7,9,3,12
2024-12-12 10:00:00,52,2618.6,10,3,12
2024-12-12 11:00:00,49,2311.2,11,3,12
2024-12-12 12:00:00,42,1652.6,12,3,12
2024-12-12 13:00:00,39,1720.9,13,3,12
2024-12-12 14:00:00,38,1629.8,14,3,12
2024-12-12 15:00:00,35,1852.1,15,3,12
2024-12-12 16:00:00,30,1159.1,16,3,12
2024-12-12 17:00:00,26,1299.2,17,3,12
2024-12-12 18:00:00,20,833.7,18,3,12
2024-12-12 19:00:00,26,1216.8,19,3,12
2024-12-12 20:00:00,12,505.8,20,3,12
2024-12-12 21:00:00,6,310.6,21,3,12
2024-12-12 22:00:00,4,152.2,22,3,12
2024-12-12 23:00:00,4,210.6,23,3,12
2024-12-13 00:00:00,5,204.5,0,4,12
2024-12-13 01:00:00,3,129.3,1,4,12
2024-12-13 02:00:00,2,67.4,2,4,12
2024-12-13 03:00:00,2,65.3,3,4,12
2024-12-13 04:00:00,4,171.1,4,4,12
2024-12-13 05:00:00,9,356.4,5,4,12
2024-12-13 06:00:00,6,309.7,6,4,12
2024-12-13 07:00:00,24,1156.3,7,4,12
2024-12-13 08:00:00,29,1292.2,8,4,12
2024-12-13 09:00:00,44,2046.1,9,4,12
2024-12-13 10:00:00,41,1865.3,10,4,12
2024-12-13 11:00:00,38,1854.8,11,4,12
2024-12-13 12:00:00,41,1802.2,12,4,12
2024-12-13 13:00:00,34,1505.1,13,4,12
2024-12-13 14:00:00,41,1962.4,14,4,12
2024-12-13 15:00:00,43,2011.6,15,4,12
2024-12-13 16:00:00,25,1293.8,16,4,12
2024-12-13 17:00:00,21,978.5,17,4,12
2024-12-13 18:00:00,16,839.1,18,4,12
2024-12-13 19:00:00,18,851.2,19,4,12
2024-12-13 20:00:00,14,555.6,20,4,12
2024-12-13 21:00:00,13,642.9,21,4,12
2024-12-13 22:00:00,1,32.4,22,4,12
2024-12-13 23:00:00,1,80.0,23,4,12
2024-12-14 00:00:00,6,263.5,0,5,12
2024-12-14 01:00:00,4,186.6,1,5,12
2024-12-14 02:00:00,4,193.5,2,5,12
2024-12-14 03:00:00,5,253.5,3,5,12
2024-12-14 04:00:00,0,0.0,4,5,12
2024-12-14 05:00:00,5,247.5,5,5,12
2024-12-14 06:00:00,12,554.5,6,5,12
2024-12-14 07:00:00,8,403.0,7,5,12
2024-12-14 08:00:00,24,1025.5,8,5,12
2024-12-14 09:00:00,25,1122.1,9,5,12
2024-12-14 10:00:00,28,1351.6,10,5,12
2024-12-14 11:00:00,29,1315.4,11,5,12
2024-12-14 12:00:00,25,1186.1,12,5,12
2024-12-14 13:00:00,42,1870.1,13,5,12
2024-12-14 14:00:00,29,1399.5,14,5,12
2024-12-14 15:00:00,34,1576.7,15,5,12
2024-12-14 16:00:00,25,1216.1,16,5,12
2024-12-14 17:00:00,21,955.6,17,5,12
2024-12-14 18:00:00,11,466.2,18,5,12
2024-12-14 19:00:00,12,492.9,19,5,12
2024-12-14 20:00:00,10,469.5,20,5,12
2024-12-14 21:00:00,3,178.29999999999998,21,5,12
2024-12-14 22:00:00,3,113.2,22,5,12
2024-12-14 23:00:00,5,236.9,23,5,12
2024-12-15 00:00:00,5,255.8,0,6,12
2024-12-15 01:00:00,3,174.7,1,6,12
2024-12-15 02:00:00,3,171.6,2,6,12
2024-12-15 03:00:00,2,111.9,3,6,12
2024-12-15 04:00:00,1,46.1,4,6,12
2024-12-15 05:00:00,7,321.6,5,6,12
2024-12-15 06:00:00,12,514.6,6,6,12
2024-12-15 07:00:00,10,488.7,7,6,12
2024-12-15 08:00:00,24,1162.8,8,6,12
2024-12-15 09:00:00,12,442.2,9,6,12
2024-12-15 10:00:00,31,1413.7,10,6,12
2024-12-15 11:00:00,24,1053.7,11,6,12
2024-12-15 12:00:00,20,893.3,12,6,12
2024-12-15 13:00:00,34,1516.9,13,6,12
2024-12-15 14:00:00,23,1033.4,14,6,12
2024-12-15 15:00:00,34,1674.7,15,6,12
2024-12-15 16:00:00,27,1197.5,16,6,12
2024-12-15 17:00:00,13,564.5,17,6,12
2024-12-15 18:00:00,19,915.6,18,6,12
2024-12-15 19:00:00,19,957.4,19,6,12
2024-12-15 20:00:00,13,625.1,20,6,12
2024-12-15 21:00:00,10,460.3,21,6,12
2024-12-15 22:00:00,2,83.7,22,6,12
2024-12-15 23:00:00,4,241.7,23,6,12
2024-12-16 00:00:00,5,245.79999999999998,0,0,12
2024-12-16 01:00:00,2,112.2,1,0,12
2024-12-16 02:00:00,1,35.1,2,0,12
2024-12-16 03:00:00,4,198.3,3,0,12
2024-12-16 04:00:00,2,67.1,4,0,12
2024-12-16 05:00:00,6,307.2,5,0,12
2024-12-16 06:00:00,13,580.0,6,0,12
2024-12-16 07:00:00,19,836.4,7,0,12
2024-12-16 08:00:00,25,1093.7,8,0,12
2024-12-16 09:00:00,40,1979.1,9,0,12
2024-12-16 10:00:00,30,1251.3,10,0,12
2024-12-16 11:00:00,45,2148.8,11,0,12
2024-12-16 12:00:00,51,2205.2,12,0,12
2024-12-16 13:00:00,47,2260.0,13,0,12
2024-12-16 14:00:00,36,1709.8,14,0,12
2024-12-16 15:00:00,32,1482.2,15,0,12
2024-12-16 16:00:00,33,1512.6,16,0,12
2024-12-16 17:00:00,27,1168.8,17,0,12
2024-12-16 18:00:00,25,1208.2,18,0,12
2024-12-16 19:00:00,19,780.6,19,0,12
2024-12-16 20:00:00,16,652.3000000000001,20,0,12
2024-12-16 21:00:00,12,545.5,21,0,12
2024-12-16 22:00:00,3,112.6,22,0,12
2024-12-16 23:00:00,5,226.79999999999998,23,0,12
2024-12-17 00:00:00,7,350.0,0,1,12
2024-12-17 01:00:00,3,166.6,1,1,12
2024-12-17 02:00:00,1,35.1,2,1,12
2024-12-17 03:00:00,5,185.5,3,1,12
2024-12-17 04:00:00,7,284.9,4,1,12
2024-12-17 05:00:00,12,545.2,5,1,12
2024-12-17 06:00:00,11,466.5,6,1,12
2024-12-17 07:00:00,19,842.5,7,1,12
2024-12-17 08:00:00,26,1157.2,8,1,12
2024-12-17 09:00:00,51,2233.6,9,1,12
2024-12-17 10:00:00,41,1907.5,10,1,12
2024-12-17 11:00:00,41,1908.8,11,1,12
2024-12-17 12:00:00,49,2317.7,12,1,12
2024-12-17 13:00:00,41,1908.0,13,1,12
2024-12-17 14:00:00,47,2208.3,14,1,12
2024-12-17 15:00:00,43,1976.7,15,1,12
2024-12-17 16:00:00,20,1085.3,16,1,12
2024-12-17 17:00:00,21,1044.5,17,1,12
2024-12-17 18:00:00,22,837.6,18,1,12
2024-12-17 19:00:00,29,1409.8,19,1,12
2024-12-17 20:00:00,18,841.1,20,1,12
2024-12-17 21:00:00,5,278.0,21,1,12
2024-12-17 22:00:00,7,301.2,22,1,12
2024-12-17 23:00:00,3,117.0,23,1,12
2024-12-18 00:00:00,6,267.6,0,2,12
2024-12-18 01:00:00,2,59.3,1,2,12
2024-12-18 02:00:00,7,350.7,2,2,12
2024-12-18 03:00:00,8,340.5,3,2,12
2024-12-18 04:00:00,4,150.0,4,2,12
2024-12-18 05:00:00,13,653.5,5,2,12
2024-12-18 06:00:00,15,745.5,6,2,12
2024-12-18 07:00:00,19,835.4,7,2,12
2024-12-18 08:00:00,29,1437.2,8,2,12
2024-12-18 09:00:00,32,1475.7,9,2,12
2024-12-18 10:00:00,43,1923.2,10,2,12
2024-12-18 11:00:00,50,2148.0,11,2,12
2024-12-18 12:00:00,48,2265.0,12,2,12
2024-12-18 13:00:00,33,1514.2,13,2,12
2024-12-18 14:00:00,48,2276.3,14,2,12
2024-12-18 15:00:00,30,1318.8,15,2,12
2024-12-18 16:00:00,17,784.5,16,2,12
2024-12-18 17:00:00,38,1786.0,17,2,12
2024-12-18 18:00:00,23,1138.0,18,2,12
2024-12-18 19:00:00,16,780.5,19,2,12
2024-12-18 20:00:00,12,479.0,20,2,12
2024-12-18 21:00:00,11,475.9,21,2,12
2024-12-18 22:00:00,6,219.1,22,2,12
2024-12-18 23:00:00,3,111.4,23,2,12
2024-12-19 00:00:00,2,109.7,0,3,12
2024-12-19 01:00:00,2,70.4,1,3,12
2024-12-19 02:00:00,8,395.6,2,3,12
2024-12-19 03:00:00,4,149.2,3,3,12
2024-12-19 04:00:00,4,142.9,4,3,12
2024-12-19 05:00:00,13,596.8,5,3,12
2024-12-19 06:00:00,10,385.6,6,3,12
2024-12-19 07:00:00,18,857.2,7,3,12
2024-12-19 08:00:00,24,1087.7,8,3,12
2024-12-19 09:00:00,34,1584.8,9,3,12
2024-12-19 10:00:00,53,2288.6,10,3,12
2024-12-19 11:00:00,22,1138.8,11,3,12
2024-12-19 12:00:00,39,1828.2,12,3,12
2024-12-19 13:00:00,36,1711.1,13,3,12
2024-12-19 14:00:00,42,2082.6,14,3,12
2024-12-19 15:00:00,41,1819.3,15,3,12
2024-12-19 16:00:00,47,2357.2,16,3,12
2024-12-19 17:00:00,30,1331.2,17,3,12
2024-12-19 18:00:00,21,958.4,18,3,12
2024-12-19 19:00:00,21,881.8,19,3,12
2024-12-19 20:00:00,10,445.3,20,3,12
2024-12-19 21:00:00,9,402.2,21,3,12
2024-12-19 22:00:00,4,246.0,22,3,12
2024-12-19 23:00:00,3,151.1,23,3,12
2024-12-20 00:00:00,7,360.8,0,4,12
2024-12-20 01:00:00,3,115.9,1,4,12
2024-12-20 02:00:00,4,163.79999999999998,2,4,12
2024-12-20 03:00:00,3,155.4,3,4,12
2024-12-20 04:00:00,4,194.6,4,4,12
2024-12-20 05:00:00,10,477.9,5,4,12
2024-12-20 06:00:00,18,757.6,6,4,12
2024-12-20 07:00:00,18,909.3,7,4,12
2024-12-20 08:00:00,26,1253.6,8,4,12
2024-12-20 09:00:00,43,2060.0,9,4,12
2024-12-20 10:00:00,46,2098.2,10,4,12
2024-12-20 11:00:00,43,1921.5,11,4,12
2024-12-20 12:00:00,38,1956.3,12,4,12
2024-12-20 13:00:00,27,1218.0,13,4,12
2024-12-20 14:00:00,42,1920.6,14,4,12
2024-12-20 15:00:00,34,1615.4,15,4,12
2024-12-20 16:00:00,45,2028.6,16,4,12
2024-12-20 17:00:00,31,1262.3,17,4,12
2024-12-20 18:00:00,23,1016.1999999999999,18,4,12
2024-12-20 19:00:00,17,704.5,19,4,12
2024-12-20 20:00:00,16,739.3,20,4,12
2024-12-20 21:00:00,9,467.1,21,4,12
2024-12-20 22:00:00,2,119.5,22,4,12
2024-12-20 23:00:00,5,257.7,23,4,12
2024-12-21 00:00:00,0,0.0,0,5,12
2024-12-21 01:00:00,4,166.2,1,5,12
2024-12-21 02:00:00,3,168.1,2,5,12
2024-12-21 03:00:00,3,115.4,3,5,12
2024-12-21 04:00:00,5,165.4,4,5,12
2024-12-21 05:00:00,4,191.4,5,5,12
2024-12-21 06:00:00,13,606.6,6,5,12
2024-12-21 07:00:00,14,680.8,7,5,12
2024-12-21 08:00:00,20,927.5,8,5,12
2024-12-21 09:00:00,27,1216.6,9,5,12
2024-12-21 10:00:00,33,1591.5,10,5,12
2024-12-21 11:00:00,28,1409.2,11,5,12
2024-12-21 12:00:00,29,1255.2,12,5,12
2024-12-21 13:00:00,28,1349.6,13,5,12
2024-12-21 14:00:00,29,1303.6,14,5,12
2024-12-21 15:00:00,23,1228.9,15,5,12
2024-12-21 16:00:00,17,780.0,16,5,12
2024-12-21 17:00:00,14,698.1,17,5,12
2024-12-21 18:00:00,25,1081.3,18,5,12
2024-12-21 19:00:00,15,643.6,19,5,12
2024-12-21 20:00:00,11,561.4,20,5,12
2024-12-21 21:00:00,10,491.9,21,5,12
2024-12-21 22:00:00,3,157.0,22,5,12
2024-12-21 23:00:00,2,105.1,23,5,12
2024-12-22 00:00:00,3,123.3,0,6,12
2024-12-22 01:00:00,2,64.7,1,6,12
2024-12-22 02:00:00,2,125.0,2,6,12
2024-12-22 03:00:00,1,37.3,3,6,12
2024-12-22 04:00:00,3,205.4,4,6,12
2024-12-22 05:00:00,6,290.8,5,6,12
2024-12-22 06:00:00,4,188.10000000000002,6,6,12
2024-12-22 07:00:00,12,526.4,7,6,12
2024-12-22 08:00:00,24,1074.9,8,6,12
2024-12-22 09:00:00,38,1878.3,9,6,12
2024-12-22 10:00:00,29,1364.1,10,6,12
2024-12-22 11:00:00,31,1513.6,11,6,12
2024-12-22 12:00:00,34,1537.5,12,6,12
2024-12-22 13:00:00,20,876.5,13,6,12
2024-12-22 14:00:00,34,1396.1,14,6,12
2024-12-22 15:00:00,25,1129.1,15,6,12
2024-12-22 16:00:00,25,1208.4,16,6,12
2024-12-22 17:00:00,23,1008.4,17,6,12
2024-12-22 18:00:00,18,825.8000000000001,18,6,12
2024-12-22 19:00:00,7,332.7,19,6,12
2024-12-22 20:00:00,14,681.9,20,6,12
2024-12-22 21:00:00,6,308.5,21,6,12
2024-12-22 22:00:00,3,114.6,22,6,12
2024-12-22 23:00:00,2,69.5,23,6,12
2024-12-23 00:00:00,6,277.1,0,0,12
2024-12-23 01:00:00,7,322.6,1,0,12
2024-12-23 02:00:00,5,264.4,2,0,12
2024-12-23 03:00:00,1,80.0,3,0,12
2024-12-23 04:00:00,4,151.1,4,0,12
2024-12-23 05:00:00,11,515.3,5,0,12
2024-12-23 06:00:00,8,424.0,6,0,12
2024-12-23 07:00:00,16,683.9,7,0,12
2024-12-23 08:00:00,26,1277.2,8,0,12
2024-12-23 09:00:00,28,1346.8,9,0,12
2024-12-23 10:00:00,37,1683.1,10,0,12
2024-12-23 11:00:00,47,2158.8,11,0,12
2024-12-23 12:00:00,39,2102.7,12,0,12
2024-12-23 13:00:00,45,1972.0,13,0,12
2024-12-23 14:00:00,49,2195.6,14,0,12
2024-12-23 15:00:00,32,1543.8,15,0,12
2024-12-23 16:00:00,24,1149.2,16,0,12
2024-12-23 17:00:00,22,984.5,17,0,12
2024-12-23 18:00:00,24,1257.1,18,0,12
2024-12-23 19:00:00,22,1027.7,19,0,12
2024-12-23 20:00:00,18,748.9,20,0,12
2024-12-23 21:00:00,8,411.7,21,0,12
2024-12-23 22:00:00,9,391.5,22,0,12
2024-12-23 23:00:00,3,112.4,23,0,12
2024-12-24 00:00:00,5,241.5,0,1,12
2024-12-24 01:00:00,3,186.89999999999998,1,1,12
2024-12-24 02:00:00,0,0.0,2,1,12
2024-12-24 03:00:00,6,238.1,3,1,12
2024-12-24 04:00:00,4,146.7,4,1,12
2024-12-24 05:00:00,11,431.6,5,1,12
2024-12-24 06:00:00,17,791.9,6,1,12
2024-12-24 07:00:00,20,835.5,7,1,12
2024-12-24 08:00:00,23,1077.8,8,1,12
2024-12-24 09:00:00,58,2581.7,9,1,12
2024-12-24 10:00:00,56,2621.9,10,1,12
2024-12-24 11:00:00,42,1876.3,11,1,12
2024-12-24 12:00:00,52,2373.3,12,1,12
2024-12-24 13:00:00,45,2058.8,13,1,12
2024-12-24 14:00:00,35,1680.3,14,1,12
2024-12-24 15:00:00,31,1531.6,15,1,12
2024-12-24 16:00:00,26,1203.2,16,1,12
2024-12-24 17:00:00,28,1269.4,17,1,12
2024-12-24 18:00:00,20,957.9,18,1,12
2024-12-24 19:00:00,11,454.7,19,1,12
2024-12-24 20:00:00,16,662.5,20,1,12
2024-12-24 21:00:00,10,408.5,21,1,12
2024-12-24 22:00:00,3,112.4,22,1,12
2024-12-24 23:00:00,6,267.1,23,1,12
2024-12-25 00:00:00,4,189.7,0,2,12
2024-12-25 01:00:00,6,312.5,1,2,12
2024-12-25 02:00:00,3,120.0,2,2,12
2024-12-25 03:00:00,9,447.4,3,2,12
2024-12-25 04:00:00,2,71.1,4,2,12
2024-12-25 05:00:00,7,341.2,5,2,12
2024-12-25 06:00:00,19,829.6999999999999,6,2,12
2024-12-25 07:00:00,19,817.9,7,2,12
2024-12-25 08:00:00,25,1169.3,8,2,12
2024-12-25 09:00:00,36,1649.9,9,2,12
2024-12-25 10:00:00,31,1364.4,10,2,12
2024-12-25 11:00:00,41,1774.8,11,2,12
2024-12-25 12:00:00,56,2568.4,12,2,12
2024-12-25 13:00:00,35,1590.6,13,2,12
2024-12-25 14:00:00,43,1756.9,14,2,12
2024-12-25 15:00:00,46,2138.7,15,2,12
2024-12-25 16:00:00,28,1294.2,16,2,12
2024-12-25 17:00:00,26,1318.3,17,2,12
2024-12-25 18:00:00,18,708.1,18,2,12
2024-12-25 19:00:00,17,760.8,19,2,12
2024-12-25 20:00:00,10,525.4,20,2,12
2024-12-25 21:00:00,7,452.5,21,2,12
2024-12-25 22:00:00,4,205.5,22,2,12
2024-12-25 23:00:00,3,192.9,23,2,12
2024-12-26 00:00:00,10,569.2,0,3,12
2024-12-26 01:00:00,2,119.0,1,3,12
2024-12-26 02:00:00,5,241.0,2,3,12
2024-12-26 03:00:00,6,276.8,3,3,12
2024-12-26 04:00:00,1,80.0,4,3,12
2024-12-26 05:00:00,7,315.3,5,3,12
2024-12-26 06:00:00,14,643.9,6,3,12
2024-12-26 07:00:00,16,684.8,7,3,12
2024-12-26 08:00:00,24,1180.5,8,3,12
2024-12-26 09:00:00,37,1581.5,9,3,12
2024-12-26 10:00:00,31,1459.2,10,3,12
2024-12-26 11:00:00,45,2221.5,11,3,12
2024-12-26 12:00:00,43,2132.6,12,3,12
2024-12-26 13:00:00,42,1836.5,13,3,12
2024-12-26 14:00:00,46,2248.8,14,3,12
2024-12-26 15:00:00,29,1266.3,15,3,12
2024-12-26 16:00:00,24,1113.8,16,3,12
2024-12-26 17:00:00,29,1335.5,17,3,12
2024-12-26 18:00:00,18,823.5,18,3,12
2024-12-26 19:00:00,20,914.3,19,3,12
2024-12-26 20:00:00,9,489.0,20,3,12
2024-12-26 21:00:00,8,376.8,21,3,12
2024-12-26 22:00:00,5,216.3,22,3,12
2024-12-26 23:00:00,3,128.8,23,3,12
2024-12-27 00:00:00,4,206.0,0,4,12
2024-12-27 01:00:00,5,259.3,1,4,12
2024-12-27 02:00:00,5,191.2,2,4,12
2024-12-27 03:00:00,6,259.7,3,4,12
2024-12-27 04:00:00,6,239.5,4,4,12
2024-12-27 05:00:00,10,408.6,5,4,12
2024-12-27 06:00:00,16,742.4,6,4,12
2024-12-27 07:00:00,23,1060.5,7,4,12
2024-12-27 08:00:00,27,1294.5,8,4,12
2024-12-27 09:00:00,35,1595.4,9,4,12
2024-12-27 10:00:00,38,1898.1,10,4,12
2024-12-27 11:00:00,28,1182.0,11,4,12
2024-12-27 12:00:00,51,2492.4,12,4,12
2024-12-27 13:00:00,49,2151.3,13,4,12
2024-12-27 14:00:00,34,1555.4,14,4,12
2024-12-27 15:00:00,34,1518.3,15,4,12
2024-12-27 16:00:00,28,1326.5,16,4,12
2024-12-27 17:00:00,19,851.9,17,4,12
2024-12-27 18:00:00,20,780.2,18,4,12
2024-12-27 19:00:00,25,1146.5,19,4,12
2024-12-27 20:00:00,13,688.0,20,4,12
2024-12-27 21:00:00,14,693.1,21,4,12
2024-12-27 22:00:00,4,200.4,22,4,12
2024-12-27 23:00:00,1,31.0,23,4,12
2024-12-28 00:00:00,3,188.6,0,5,12
2024-12-28 01:00:00,3,139.1,1,5,12
2024-12-28 02:00:00,0,0.0,2,5,12
2024-12-28 03:00:00,4,193.7,3,5,12
2024-12-28 04:00:00,3,129.5,4,5,12
2024-12-28 05:00:00,11,465.8,5,5,12
2024-12-28 06:00:00,8,356.3,6,5,12
2024-12-28 07:00:00,8,383.8,7,5,12
2024-12-28 08:00:00,20,961.2,8,5,12
2024-12-28 09:00:00,33,1581.3,9,5,12
2024-12-28 10:00:00,35,1707.1,10,5,12
2024-12-28 11:00:00,37,1842.3,11,5,12
2024-12-28 12:00:00,34,1734.5,12,5,12
2024-12-28 13:00:00,19,914.0,13,5,12
2024-12-28 14:00:00,37,1735.2,14,5,12
2024-12-28 15:00:00,22,1098.7,15,5,12
2024-12-28 16:00:00,29,1371.2,16,5,12
2024-12-28 17:00:00,12,550.8,17,5,12
2024-12-28 18:00:00,21,979.3,18,5,12
2024-12-28 19:00:00,14,585.6,19,5,12
2024-12-28 20:00:00,9,475.9,20,5,12
2024-12-28 21:00:00,5,186.5,21,5,12
2024-12-28 22:00:00,2,59.3,22,5,12
2024-12-28 23:00:00,2,77.19999999999999,23,5,12
2024-12-29 00:00:00,4,170.7,0,6,12
2024-12-29 01:00:00,6,381.4,1,6,12
2024-12-29 02:00:00,3,141.89999999999998,2,6,12
2024-12-29 03:00:00,3,114.4,3,6,12
2024-12-29 04:00:00,2,106.0,4,6,12
2024-12-29 05:00:00,4,191.5,5,6,12
2024-12-29 06:00:00,5,216.0,6,6,12
2024-12-29 07:00:00,11,580.8,7,6,12
2024-12-29 08:00:00,19,744.8,8,6,12
2024-12-29 09:00:00,21,891.0,9,6,12
2024-12-29 10:00:00,27,1163.9,10,6,12
2024-12-29 11:00:00,34,1476.7,11,6,12
2024-12-29 12:00:00,28,1360.2,12,6,12
2024-12-29 13:00:00,32,1469.3,13,6,12
2024-12-29 14:00:00,42,2009.3,14,6,12
2024-12-29 15:00:00,26,1186.0,15,6,12
2024-12-29 16:00:00,16,619.9,16,6,12
2024-12-29 17:00:00,24,1219.6,17,6,12
2024-12-29 18:00:00,22,1148.8,18,6,12
2024-12-29 19:00:00,16,858.5,19,6,12
2024-12-29 20:00:00,12,483.2,20,6,12
2024-12-29 21:00:00,3,99.7,21,6,12
2024-12-29 22:00:00,8,332.7,22,6,12
2024-12-29 23:00:00,1,54.8,23,6,12
2024-12-30 00:00:00,4,145.3,0,0,12
2024-12-30 01:00:00,5,217.0,1,0,12
2024-12-30 02:00:00,5,173.7,2,0,12
2024-12-30 03:00:00,4,213.0,3,0,12
2024-12-30 04:00:00,7,261.7,4,0,12
2024-12-30 05:00:00,15,677.7,5,0,12
2024-12-30 06:00:00,9,406.09999999999997,6,0,12
2024-12-30 07:00:00,18,761.4,7,0,12
2024-12-30 08:00:00,29,1347.2,8,0,12
2024-12-30 09:00:00,30,1422.2,9,0,12
2024-12-30 10:00:00,37,1627.3,10,0,12
2024-12-30 11:00:00,34,1510.4,11,0,12
2024-12-30 12:00:00,33,1623.0,12,0,12
2024-12-30 13:00:00,37,1612.7,13,0,12
2024-12-30 14:00:00,52,2306.0,14,0,12
2024-12-30 15:00:00,31,1334.0,15,0,12
2024-12-30 16:00:00,39,1861.3,16,0,12
2024-12-30 17:00:00,25,1100.7,17,0,12
2024-12-30 18:00:00,25,1028.9,18,0,12
2024-12-30 19:00:00,21,994.7,19,0,12
2024-12-30 20:00:00,16,632.2,20,0,12
2024-12-30 21:00:00,11,496.1,21,0,12
2024-12-30 22:00:00,3,173.6,22,0,12
2024-12-30 23:00:00,6,225.0,23,0,12
2024-12-31 00:00:00,5,245.4,0,1,12
2024-12-31 01:00:00,6,321.3,1,1,12
2024-12-31 02:00:00,8,336.3,2,1,12
2024-12-31 03:00:00,6,290.1,3,1,12
2024-12-31 04:00:00,4,150.5,4,1,12
2024-12-31 05:00:00,6,246.6,5,1,12
2024-12-31 06:00:00,21,1039.3,6,1,12
2024-12-31 07:00:00,23,1006.8,7,1,12
2024-12-31 08:00:00,33,1782.5,8,1,12
2024-12-31 09:00:00,41,1922.7,9,1,12
2024-12-31 10:00:00,37,1539.4,10,1,12
2024-12-31 11:00:00,38,1819.8,11,1,12
2024-12-31 12:00:00,47,2314.6,12,1,12
2024-12-31 13:00:00,41,1764.3,13,1,12
2024-12-31 14:00:00,44,2060.1,14,1,12
2024-12-31 15:00:00,34,1646.3,15,1,12
2024-12-31 16:00:00,35,1512.2,16,1,12
2024-12-31 17:00:00,32,1590.9,17,1,12
2024-12-31 18:00:00,20,1003.8,18,1,12
2024-12-31 19:00:00,20,842.4,19,1,12
2024-12-31 20:00:00,11,561.9,20,1,12
2024-12-31 21:00:00,6,230.9,21,1,12
2024-12-31 22:00:00,4,231.7,22,1,12
2024-12-31 23:00:00,3,100.80000000000001,23,1,12
